date,market,brand,model,sales
2016-01,국산,현대,포터2,8632
2016-01,국산,기아,쏘렌토,7567
2016-01,국산,현대,아반떼,6996
2016-01,국산,기아,카니발,5820
2016-01,국산,기아,모닝,5209
2016-01,국산,현대,싼타페,5074
2016-01,국산,현대,LF쏘나타,5035
2016-01,국산,기아,봉고 3,4847
2016-01,국산,기아,스포티지,4754
2016-01,국산,기아,K3,4577
2016-01,국산,현대,투싼(2017),4469
2016-01,국산,현대,그랜저HG,4419
2016-01,국산,쉐보레,더 넥스트 스파크,4285
2016-01,국산,현대,스타렉스,3840
2016-01,국산,기아,K5,3315
2016-01,국산,KGM,티볼리,3222
2016-01,국산,현대,제네시스(DH),2275
2016-01,국산,제네시스,EQ900,2164
2016-01,국산,KGM,코란도 스포츠,1849
2016-01,국산,기아,레이,1709
2016-01,국산,쉐보레,임팔라,1556
2016-01,수입,벤츠,E-Class,1519
2016-01,국산,기아,K7,1293
2016-01,국산,현대,엑센트,1016
2016-01,국산,현대,맥스크루즈,965
2016-01,수입,벤츠,S-Class,900
2016-01,수입,아우디,A6,814
2016-01,국산,쉐보레,올란도,788
2016-01,국산,KGM,뉴 코란도 C,723
2016-01,수입,BMW,5 Series,695
2016-01,국산,쉐보레,어메이징 뉴 크루즈,690
2016-01,국산,현대,쏘나타(YF),636
2016-01,수입,폭스바겐,Tiguan,631
2016-01,국산,현대,그랜저HG HEV,622
2016-01,수입,벤츠,GLC-Class,619
2016-01,국산,르노코리아,QM3,613
2016-01,국산,쉐보레,트랙스,548
2016-01,국산,기아,K5 하이브리드,543
2016-01,수입,BMW,3 Series,535
2016-01,국산,쉐보레,말리부,532
2016-01,국산,르노코리아,SM5 노바,529
2016-01,국산,현대,LF쏘나타 HEV,523
2016-01,국산,현대,아이오닉 hybrid,493
2016-01,수입,포드,Explorer,479
2016-01,수입,폭스바겐,Golf,479
2016-01,국산,르노코리아,SM3 네오,454
2016-01,수입,렉서스,ES,421
2016-01,국산,쉐보레,다마스,413
2016-01,국산,KGM,코란도 투리스모,403
2016-01,국산,르노코리아,SM7 노바,361
2016-01,수입,인피니티,Q50,350
2016-01,국산,쉐보레,라보,345
2016-01,수입,벤츠,C-Class,335
2016-01,수입,벤츠,GLE-Class,306
2016-01,국산,KGM,렉스턴 W,292
2016-01,국산,기아,프라이드,286
2016-01,수입,랜드로버,Discovery Sport,284
2016-01,국산,현대,아슬란,266
2016-01,국산,기아,K9,265
2016-01,수입,미니,Hatch,261
2016-01,수입,랜드로버,Range Rover Evoque,241
2016-01,수입,아우디,Q5,218
2016-01,수입,아우디,A7,217
2016-01,수입,아우디,A4,212
2016-01,수입,랜드로버,Discovery 4,201
2016-01,수입,혼다,CR-V,198
2016-01,수입,폭스바겐,CC,195
2016-01,국산,기아,카렌스,191
2016-01,수입,BMW,Gran Turismo,186
2016-01,수입,벤츠,CLS-Class,177
2016-01,수입,BMW,7 Series,176
2016-01,국산,현대,더 뉴 i30,174
2016-01,수입,아우디,A3,166
2016-01,수입,혼다,Accord,166
2016-01,수입,재규어,XE,155
2016-01,수입,포드,Mustang,153
2016-01,수입,폭스바겐,Jetta,148
2016-01,수입,미니,Countryman,138
2016-01,수입,폭스바겐,Polo,138
2016-01,수입,BMW,1 Series,137
2016-01,수입,BMW,X5,133
2016-01,수입,벤츠,CLA-Class,131
2016-01,국산,현대,i40,122
2016-01,수입,BMW,X6,122
2016-01,수입,볼보,S60,119
2016-01,수입,볼보,XC60,110
2016-01,수입,BMW,4 Series,108
2016-01,수입,포르쉐,Cayenne,106
2016-01,국산,기아,쏘울,103
2016-01,수입,푸조,2008,103
2016-01,수입,닛산,Altima,100
2016-01,수입,토요타,Camry,100
2016-01,수입,링컨,MKZ,97
2016-01,수입,렉서스,NX,96
2016-01,수입,지프,Renegade,94
2016-01,수입,포드,Mondeo,94
2016-01,수입,볼보,V40,92
2016-01,수입,아우디,A5,92
2016-01,국산,르노코리아,QM5 네오,91
2016-01,수입,벤츠,Maybach S-Class,89
2016-01,수입,아우디,New Q3,89
2016-01,수입,푸조,308,89
2016-01,수입,벤츠,A-Class,87
2016-01,수입,토요타,RAV4,86
2016-01,수입,미니,Clubman,85
2016-01,수입,벤츠,GLA-Class,85
2016-01,수입,닛산,Qashqai,83
2016-01,수입,지프,Grand Cherokee,83
2016-01,국산,KGM,체어맨 W,82
2016-01,수입,BMW,X4,81
2016-01,국산,기아,K7 하이브리드,80
2016-01,수입,BMW,X3,79
2016-01,수입,랜드로버,Range Rover Sport,78
2016-01,국산,쉐보레,아베오,74
2016-01,수입,랜드로버,Range Rover,70
2016-01,수입,링컨,MKX,65
2016-01,수입,포드,Taurus,64
2016-01,수입,포르쉐,Panamera,61
2016-01,수입,포르쉐,Macan,59
2016-01,수입,아우디,A8,57
2016-01,국산,현대,벨로스터,56
2016-01,수입,BMW,2 Series Active Tourer,55
2016-01,수입,토요타,Sienna,55
2016-01,국산,르노코리아,SM6,50
2016-01,국산,현대,쏠라티,49
2016-01,수입,BMW,M,47
2016-01,수입,닛산,Juke,47
2016-01,수입,볼보,S80,42
2016-01,수입,지프,Wrangler,42
2016-01,수입,크라이슬러,200,42
2016-01,수입,BMW,6 Series,41
2016-01,수입,링컨,MKS,39
2016-01,수입,크라이슬러,300C,39
2016-01,수입,푸조,508,39
2016-01,수입,혼다,Odyssey,39
2016-01,수입,폭스바겐,Touareg,38
2016-01,수입,포드,Kuga,37
2016-01,국산,현대,에쿠스,34
2016-01,수입,아우디,TT,34
2016-01,수입,푸조,3008,34
2016-01,수입,벤츠,B-class,33
2016-01,수입,시트로엥,C4 Picasso,31
2016-01,수입,폭스바겐,Beetle,29
2016-01,수입,볼보,XC70,28
2016-01,수입,인피니티,QX60,28
2016-01,수입,렉서스,CT,27
2016-01,수입,재규어,F-Type,25
2016-01,수입,캐딜락,ATS,23
2016-01,수입,캐딜락,CTS,23
2016-01,국산,쉐보레,알페온,21
2016-01,수입,볼보,S60 Cross Country,21
2016-01,수입,포르쉐,911,21
2016-01,수입,닛산,Maxima,20
2016-01,수입,링컨,MKC,19
2016-01,수입,지프,Cherokee,19
2016-01,수입,볼보,V60,18
2016-01,수입,볼보,V40 Cross Country,17
2016-01,국산,쉐보레,캡티바,16
2016-01,수입,볼보,V60 Cross Country,16
2016-01,수입,렉서스,LS,15
2016-01,수입,토요타,Prius V,15
2016-01,수입,포르쉐,Boxster,15
2016-01,수입,벤틀리,Flying Spur,14
2016-01,국산,현대,LF쏘나타 PHEV,13
2016-01,수입,렉서스,IS,13
2016-01,수입,벤틀리,New Continental,13
2016-01,수입,지프,Compass,13
2016-01,수입,BMW,i8,12
2016-01,국산,기아,K3 쿱,11
2016-01,수입,인피니티,Q70,11
2016-01,수입,피아트,500,10
2016-01,국산,현대,제네시스 쿠페,8
2016-01,수입,닛산,Pathfinder,8
2016-01,수입,벤츠,SLK-Class,7
2016-01,수입,토요타,86,7
2016-01,수입,토요타,Prius,7
2016-01,국산,기아,쏘울 EV,6
2016-01,수입,벤츠,SL-Class,6
2016-01,수입,시트로엥,DS3,6
2016-01,수입,포드,Focus,6
2016-01,수입,피아트,500C,6
2016-01,수입,롤스로이스,Ghost Series II,5
2016-01,수입,시트로엥,DS5,5
2016-01,수입,토요타,Avalon,5
2016-01,수입,벤츠,AMG GT,4
2016-01,국산,르노코리아,SM3 Z.E.,3
2016-01,국산,쉐보레,카마로,3
2016-01,수입,렉서스,RC,3
2016-01,수입,캐딜락,SRX,3
2016-01,수입,포르쉐,Cayman,3
2016-01,수입,BMW,i3,2
2016-01,수입,닛산,Leaf,2
2016-01,수입,렉서스,RX,2
2016-01,수입,폭스바겐,New Scirocco,2
2016-01,수입,혼다,Legend,2
2016-01,수입,BMW,Z4,1
2016-01,수입,롤스로이스,Phantom,1
2016-01,수입,아우디,R8,1
2016-01,수입,인피니티,QX50,1
2016-01,수입,인피니티,QX70,1
2016-01,수입,인피니티,QX80,1
2016-01,수입,혼다,Civic,1
2016-02,국산,현대,아반떼,7932
2016-02,국산,현대,포터2,7098
2016-02,국산,현대,싼타페,5985
2016-02,국산,기아,K7,5935
2016-02,국산,쉐보레,더 넥스트 스파크,5852
2016-02,국산,기아,모닝,5727
2016-02,국산,기아,쏘렌토,5140
2016-02,국산,현대,LF쏘나타,4839
2016-02,국산,기아,봉고 3,4173
2016-02,국산,현대,투싼(2017),3812
2016-02,국산,기아,스포티지,3750
2016-02,국산,기아,카니발,3640
2016-02,국산,기아,K3,3506
2016-02,국산,KGM,티볼리,3374
2016-02,국산,현대,그랜저HG,3331
2016-02,국산,기아,K5,3276
2016-02,국산,현대,스타렉스,3152
2016-02,국산,현대,제네시스(DH),2703
2016-02,국산,현대,YF 2.0 Lpi / 투싼 FCEV / 버스 / 트럭 / 트럭특장,2673
2016-02,국산,제네시스,EQ900,2476
2016-02,국산,KGM,코란도 스포츠,1786
2016-02,수입,벤츠,E-Class,1637
2016-02,국산,기아,레이,1476
2016-02,국산,현대,아이오닉 hybrid,1311
2016-02,국산,르노코리아,SM5 노바,1304
2016-02,국산,쉐보레,임팔라,1256
2016-02,국산,기아,모하비,1054
2016-02,국산,현대,엑센트,1047
2016-02,국산,르노코리아,QM3,1036
2016-02,국산,쉐보레,올란도,1025
2016-02,국산,KGM,뉴 코란도 C,929
2016-02,국산,쉐보레,어메이징 뉴 크루즈,926
2016-02,수입,폭스바겐,Tiguan,873
2016-02,수입,BMW,5 Series,864
2016-02,국산,르노코리아,SM3 네오,857
2016-02,국산,쉐보레,트랙스,754
2016-02,국산,현대,맥스크루즈,751
2016-02,국산,르노코리아,SM7 노바,639
2016-02,수입,BMW,3 Series,634
2016-02,국산,쉐보레,말리부,612
2016-02,국산,현대,LF쏘나타 HEV,583
2016-02,국산,현대,그랜저HG HEV,545
2016-02,수입,폭스바겐,Golf,506
2016-02,수입,벤츠,GLC-Class,443
2016-02,국산,쉐보레,라보,437
2016-02,국산,쉐보레,다마스,421
2016-02,수입,아우디,A6,416
2016-02,국산,KGM,코란도 투리스모,415
2016-02,국산,KGM,렉스턴 W,413
2016-02,수입,미니,Hatch,351
2016-02,수입,벤츠,S-Class,343
2016-02,국산,기아,K5 하이브리드,339
2016-02,수입,렉서스,ES,320
2016-02,국산,기아,프라이드,316
2016-02,수입,포드,Explorer,305
2016-02,수입,토요타,Camry,294
2016-02,국산,르노코리아,SM6,287
2016-02,수입,혼다,Accord,286
2016-02,수입,인피니티,Q50,277
2016-02,수입,벤츠,C-Class,276
2016-02,수입,벤츠,CLS-Class,235
2016-02,수입,닛산,Altima,228
2016-02,수입,벤츠,GLE-Class,226
2016-02,수입,푸조,2008,222
2016-02,수입,랜드로버,Discovery Sport,219
2016-02,국산,기아,카렌스,218
2016-02,수입,폭스바겐,Jetta,207
2016-02,수입,폭스바겐,CC,202
2016-02,국산,기아,K9,201
2016-02,수입,랜드로버,Discovery 4,194
2016-02,국산,현대,더 뉴 i30,191
2016-02,수입,BMW,Gran Turismo,186
2016-02,수입,BMW,X6,181
2016-02,수입,벤츠,A-Class,168
2016-02,수입,폭스바겐,Passat,165
2016-02,수입,랜드로버,Range Rover Evoque,164
2016-02,수입,BMW,1 Series,162
2016-02,수입,벤츠,CLA-Class,162
2016-02,수입,폭스바겐,Polo,162
2016-02,수입,아우디,A7,153
2016-02,국산,현대,아슬란,151
2016-02,수입,BMW,X5,145
2016-02,수입,미니,Countryman,144
2016-02,수입,BMW,X3,140
2016-02,수입,BMW,X4,138
2016-02,수입,벤츠,GLA-Class,137
2016-02,수입,재규어,XE,137
2016-02,수입,BMW,4 Series,134
2016-02,국산,기아,쏘울,126
2016-02,국산,쉐보레,아베오,123
2016-02,국산,르노코리아,QM5 네오,120
2016-02,수입,지프,Renegade,118
2016-02,수입,BMW,7 Series,116
2016-02,수입,혼다,CR-V,116
2016-02,수입,지프,Grand Cherokee,112
2016-02,국산,기아,K7 하이브리드,111
2016-02,국산,기아,버스,111
2016-02,국산,현대,i40,107
2016-02,수입,닛산,Qashqai,102
2016-02,수입,랜드로버,Range Rover Sport,96
2016-02,수입,토요타,RAV4,95
2016-02,수입,포르쉐,Cayenne,94
2016-02,수입,아우디,A3,89
2016-02,수입,미니,Clubman,87
2016-02,수입,포드,Mondeo,85
2016-02,수입,아우디,Q5,84
2016-02,수입,렉서스,NX,83
2016-02,수입,아우디,A4,83
2016-02,수입,링컨,MKX,78
2016-02,수입,볼보,S80,78
2016-02,수입,푸조,308,73
2016-02,수입,벤츠,B-class,71
2016-02,국산,현대,쏠라티,70
2016-02,수입,토요타,Sienna,69
2016-02,국산,현대,벨로스터,67
2016-02,수입,아우디,New Q3,66
2016-02,국산,KGM,체어맨 W,65
2016-02,수입,포드,Kuga,63
2016-02,수입,링컨,MKZ,59
2016-02,수입,볼보,S60,58
2016-02,수입,랜드로버,Range Rover,56
2016-02,수입,벤츠,Maybach S-Class,54
2016-02,수입,크라이슬러,300C,54
2016-02,수입,BMW,M,52
2016-02,수입,포드,Taurus,51
2016-02,수입,푸조,3008,49
2016-02,수입,볼보,XC60,48
2016-02,수입,포르쉐,Panamera,48
2016-02,수입,BMW,2 Series Active Tourer,46
2016-02,수입,시트로엥,Grand C4 Picasso,46
2016-02,수입,포드,Mustang,46
2016-02,수입,BMW,6 Series,44
2016-02,수입,BMW,X1,44
2016-02,수입,닛산,Juke,44
2016-02,수입,포르쉐,Macan,44
2016-02,수입,혼다,Odyssey,44
2016-02,수입,링컨,MKS,42
2016-02,수입,혼다,Pilot,42
2016-02,수입,폭스바겐,Beetle,41
2016-02,수입,폭스바겐,Touareg,38
2016-02,수입,인피니티,QX60,34
2016-02,수입,아우디,A5,32
2016-02,수입,캐딜락,CTS,31
2016-02,수입,아우디,A8,30
2016-02,수입,볼보,V60 Cross Country,28
2016-02,수입,피아트,500,27
2016-02,수입,볼보,V40,26
2016-02,수입,인피니티,Q70,26
2016-02,수입,푸조,508,25
2016-02,수입,닛산,Pathfinder,24
2016-02,수입,캐딜락,ATS,22
2016-02,수입,렉서스,CT,21
2016-02,국산,르노코리아,SM3 Z.E.,20
2016-02,수입,렉서스,IS,20
2016-02,수입,지프,Wrangler,20
2016-02,수입,닛산,Maxima,17
2016-02,수입,지프,Cherokee,17
2016-02,수입,아우디,TT,16
2016-02,수입,토요타,Prius V,16
2016-02,수입,벤츠,G-Class,15
2016-02,수입,볼보,V40 Cross Country,15
2016-02,수입,볼보,XC70,15
2016-02,수입,인피니티,QX50,15
2016-02,수입,BMW,i8,14
2016-02,수입,렉서스,LS,14
2016-02,수입,벤츠,SLK-Class,14
2016-02,수입,링컨,MKC,13
2016-02,수입,BMW,i3,12
2016-02,수입,볼보,S60 Cross Country,12
2016-02,수입,볼보,V60,12
2016-02,국산,기아,K3 쿱,11
2016-02,수입,크라이슬러,200,11
2016-02,수입,포르쉐,Boxster,11
2016-02,수입,닛산,Leaf,10
2016-02,수입,아우디,A3 e-tron,9
2016-02,수입,피아트,500C,9
2016-02,국산,현대,LF쏘나타 PHEV,8
2016-02,국산,현대,에쿠스,8
2016-02,국산,쉐보레,알페온,7
2016-02,수입,벤틀리,Flying Spur,7
2016-02,수입,시트로엥,C4 Picasso,7
2016-02,수입,토요타,Avalon,7
2016-02,수입,포드,Focus,7
2016-02,수입,포르쉐,911,7
2016-02,수입,벤틀리,New Continental,6
2016-02,수입,토요타,86,6
2016-02,수입,재규어,F-Type,5
2016-02,수입,포르쉐,Cayman,5
2016-02,국산,현대,제네시스 쿠페,4
2016-02,수입,벤츠,AMG GT,4
2016-02,수입,아우디,Q7,4
2016-02,수입,토요타,Prius,4
2016-02,수입,BMW,2 Series,3
2016-02,수입,캐딜락,SRX,3
2016-02,국산,쉐보레,카마로,2
2016-02,국산,쉐보레,캡티바,2
2016-02,수입,닛산,370Z,2
2016-02,수입,롤스로이스,Ghost Series II,2
2016-02,수입,벤츠,SL-Class,2
2016-02,수입,아우디,R8,2
2016-02,수입,재규어,XJ,2
2016-02,수입,지프,Compass,2
2016-02,수입,크라이슬러,Grand Voyager,2
2016-02,수입,폭스바겐,New Scirocco,2
2016-02,수입,BMW,Z4,1
2016-02,수입,시트로엥,DS5,1
2016-02,수입,혼다,Legend,1
2016-03,국산,현대,포터2,10214
2016-03,국산,쉐보레,더 넥스트 스파크,9174
2016-03,국산,현대,아반떼,8753
2016-03,국산,기아,쏘렌토,7611
2016-03,국산,현대,싼타페,7245
2016-03,국산,기아,모닝,7215
2016-03,국산,르노코리아,SM6,6751
2016-03,국산,기아,카니발,6075
2016-03,국산,기아,K7,5954
2016-03,국산,현대,LF쏘나타,5906
2016-03,국산,기아,봉고 3,5753
2016-03,국산,현대,투싼(2017),5202
2016-03,국산,기아,스포티지,4924
2016-03,국산,KGM,티볼리,4797
2016-03,국산,현대,스타렉스,4370
2016-03,국산,현대,그랜저HG,4006
2016-03,국산,기아,K5,3923
2016-03,국산,제네시스,EQ900,3570
2016-03,국산,현대,버스/트럭/YF쏘나타택시 (현대),3482
2016-03,국산,기아,K3,3382
2016-03,국산,현대,제네시스(DH),3289
2016-03,수입,벤츠,E-Class,2559
2016-03,국산,KGM,코란도 스포츠,2312
2016-03,국산,쉐보레,임팔라,2009
2016-03,국산,기아,모하비,1929
2016-03,국산,기아,레이,1810
2016-03,수입,폭스바겐,Golf,1744
2016-03,국산,현대,엑센트,1735
2016-03,수입,BMW,5 Series,1375
2016-03,수입,아우디,A6,1335
2016-03,국산,현대,아이오닉 hybrid,1250
2016-03,국산,쉐보레,올란도,1241
2016-03,국산,쉐보레,어메이징 뉴 크루즈,1217
2016-03,국산,현대,맥스크루즈,1126
2016-03,국산,르노코리아,QM3,1015
2016-03,국산,쉐보레,트랙스,1002
2016-03,수입,폭스바겐,Tiguan,930
2016-03,수입,BMW,3 Series,909
2016-03,국산,르노코리아,SM3 네오,869
2016-03,국산,르노코리아,SM5 노바,867
2016-03,국산,KGM,뉴 코란도 C,843
2016-03,국산,쉐보레,말리부,786
2016-03,국산,쉐보레,다마스,656
2016-03,수입,미니,Hatch,630
2016-03,국산,르노코리아,SM7 노바,594
2016-03,국산,쉐보레,라보,563
2016-03,국산,현대,그랜저HG HEV,544
2016-03,수입,렉서스,ES,538
2016-03,수입,벤츠,C-Class,536
2016-03,국산,현대,LF쏘나타 HEV,527
2016-03,국산,KGM,코란도 투리스모,518
2016-03,국산,KGM,렉스턴 W,473
2016-03,수입,포드,Explorer,456
2016-03,수입,폭스바겐,Passat,456
2016-03,국산,기아,프라이드,380
2016-03,수입,토요타,Camry,363
2016-03,수입,벤츠,GLC-Class,356
2016-03,수입,랜드로버,Discovery Sport,333
2016-03,국산,기아,K5 하이브리드,332
2016-03,수입,랜드로버,Discovery 4,320
2016-03,수입,혼다,Accord,307
2016-03,수입,BMW,Gran Turismo,303
2016-03,국산,기아,K7 하이브리드,302
2016-03,수입,벤츠,CLA-Class,302
2016-03,국산,현대,i40,299
2016-03,수입,벤츠,S-Class,296
2016-03,국산,현대,더 뉴 i30,284
2016-03,수입,벤츠,CLS-Class,272
2016-03,국산,기아,K9,271
2016-03,국산,기아,카렌스,270
2016-03,수입,닛산,Altima,262
2016-03,수입,인피니티,Q50,247
2016-03,수입,BMW,1 Series,245
2016-03,수입,BMW,4 Series,245
2016-03,수입,재규어,XE,242
2016-03,수입,벤츠,GLE-Class,235
2016-03,수입,미니,Clubman,234
2016-03,수입,아우디,A7,228
2016-03,수입,BMW,X5,214
2016-03,수입,BMW,X3,213
2016-03,수입,아우디,Q5,213
2016-03,수입,아우디,A3,207
2016-03,수입,BMW,X6,196
2016-03,수입,랜드로버,Range Rover Evoque,196
2016-03,수입,벤츠,GLA-Class,192
2016-03,수입,벤츠,A-Class,189
2016-03,국산,기아,쏘울,180
2016-03,수입,폭스바겐,CC,179
2016-03,수입,아우디,Q7,176
2016-03,수입,랜드로버,Range Rover Sport,172
2016-03,국산,현대,아슬란,168
2016-03,수입,미니,Countryman,166
2016-03,수입,BMW,7 Series,163
2016-03,수입,BMW,X4,163
2016-03,수입,렉서스,NX,163
2016-03,수입,크라이슬러,200,163
2016-03,수입,혼다,CR-V,163
2016-03,수입,지프,Renegade,158
2016-03,국산,쉐보레,아베오,155
2016-03,수입,폭스바겐,Jetta,153
2016-03,국산,기아,버스/레이전기,151
2016-03,수입,닛산,Maxima,144
2016-03,수입,지프,Grand Cherokee,140
2016-03,수입,아우디,A4,128
2016-03,국산,KGM,체어맨 W,126
2016-03,수입,토요타,RAV4,126
2016-03,수입,포드,Mondeo,123
2016-03,수입,푸조,2008,118
2016-03,수입,닛산,Qashqai,114
2016-03,수입,볼보,XC60,114
2016-03,수입,랜드로버,Range Rover,109
2016-03,수입,포르쉐,Cayenne,109
2016-03,수입,벤츠,B-class,106
2016-03,수입,폭스바겐,Polo,106
2016-03,수입,볼보,S80,104
2016-03,수입,볼보,S60,99
2016-03,수입,아우디,New Q3,99
2016-03,수입,토요타,Sienna,92
2016-03,국산,르노코리아,QM5 네오,89
2016-03,수입,포드,Kuga,89
2016-03,국산,현대,벨로스터,85
2016-03,국산,현대,쏠라티,82
2016-03,수입,아우디,A5,82
2016-03,수입,푸조,308,81
2016-03,수입,BMW,2 Series Active Tourer,77
2016-03,수입,포드,Taurus,77
2016-03,수입,푸조,508,76
2016-03,수입,벤츠,Maybach S-Class,74
2016-03,수입,링컨,MKX,73
2016-03,수입,BMW,X1,72
2016-03,수입,포르쉐,911,68
2016-03,수입,링컨,MKZ,66
2016-03,국산,쉐보레,알페온,63
2016-03,수입,크라이슬러,300C,63
2016-03,수입,아우디,A8,62
2016-03,수입,닛산,Juke,59
2016-03,수입,혼다,Pilot,59
2016-03,수입,링컨,MKS,55
2016-03,수입,BMW,M,54
2016-03,수입,BMW,6 Series,53
2016-03,수입,포드,Mustang,53
2016-03,수입,포르쉐,Panamera,52
2016-03,국산,르노코리아,SM3 Z.E.,50
2016-03,수입,포르쉐,Boxster,49
2016-03,수입,폭스바겐,Beetle,49
2016-03,수입,렉서스,RX,48
2016-03,수입,포르쉐,Macan,46
2016-03,수입,폭스바겐,Touareg,46
2016-03,수입,지프,Wrangler,44
2016-03,수입,피아트,500X,43
2016-03,수입,혼다,Odyssey,41
2016-03,국산,기아,쏘울 EV,37
2016-03,수입,볼보,V40,37
2016-03,수입,캐딜락,CTS,37
2016-03,수입,인피니티,QX60,35
2016-03,수입,피아트,500,35
2016-03,수입,볼보,XC70,33
2016-03,수입,푸조,3008,33
2016-03,수입,볼보,V40 Cross Country,32
2016-03,수입,렉서스,CT,31
2016-03,수입,렉서스,LS,29
2016-03,수입,볼보,V60,29
2016-03,수입,볼보,V60 Cross Country,29
2016-03,수입,시트로엥,Grand C4 Picasso,28
2016-03,수입,재규어,XF,28
2016-03,수입,BMW,i3,23
2016-03,수입,링컨,MKC,22
2016-03,수입,재규어,XJ,22
2016-03,국산,현대,제네시스 쿠페,20
2016-03,수입,아우디,TT,20
2016-03,수입,닛산,Pathfinder,19
2016-03,수입,렉서스,IS,19
2016-03,수입,벤츠,G-Class,19
2016-03,수입,캐딜락,ATS,15
2016-03,수입,벤틀리,New Continental,14
2016-03,수입,닛산,Leaf,13
2016-03,수입,재규어,F-Type,13
2016-03,수입,피아트,500C,13
2016-03,수입,벤틀리,Flying Spur,12
2016-03,수입,인피니티,QX50,12
2016-03,수입,지프,Cherokee,12
2016-03,수입,포드,Focus,12
2016-03,수입,볼보,S60 Cross Country,11
2016-03,수입,토요타,Prius V,11
2016-03,수입,벤츠,SLK-Class,10
2016-03,수입,인피니티,Q70,10
2016-03,국산,현대,LF쏘나타 PHEV,9
2016-03,수입,BMW,i8,9
2016-03,수입,벤츠,AMG GT,8
2016-03,수입,벤츠,SL-Class,8
2016-03,국산,기아,K3 쿱,7
2016-03,수입,시트로엥,C4 Picasso,5
2016-03,수입,토요타,Avalon,5
2016-03,수입,토요타,Prius,5
2016-03,국산,기아,니로,4
2016-03,수입,롤스로이스,Ghost Series II,4
2016-03,수입,토요타,86,4
2016-03,수입,포르쉐,Cayman,4
2016-03,수입,닛산,370Z,3
2016-03,수입,BMW,2 Series,2
2016-03,수입,람보르기니,Huracan,2
2016-03,수입,아우디,A3 e-tron,2
2016-03,국산,쉐보레,스파크 EV,1
2016-03,국산,쉐보레,캡티바,1
2016-03,수입,BMW,Z4,1
2016-03,수입,렉서스,RC,1
2016-03,수입,롤스로이스,Phantom,1
2016-03,수입,롤스로이스,Wraith,1
2016-03,수입,시트로엥,DS5,1
2016-03,수입,인피니티,QX80,1
2016-03,수입,크라이슬러,Grand Voyager,1
2016-04,국산,현대,포터2,9155
2016-04,국산,기아,쏘렌토,8256
2016-04,국산,현대,아반떼,7658
2016-04,국산,쉐보레,더 넥스트 스파크,7273
2016-04,국산,현대,싼타페,6518
2016-04,국산,현대,LF쏘나타,5788
2016-04,국산,현대,투싼(2017),5735
2016-04,국산,기아,모닝,5579
2016-04,국산,기아,K7,5496
2016-04,국산,기아,카니발,5490
2016-04,국산,KGM,티볼리,5375
2016-04,국산,르노코리아,SM6,5195
2016-04,국산,기아,봉고 3,4947
2016-04,국산,기아,스포티지,4548
2016-04,국산,현대,스타렉스,4160
2016-04,국산,현대,그랜저HG,3932
2016-04,국산,현대,버스/트럭/기타/택시 (현대),3843
2016-04,국산,기아,K5,3569
2016-04,국산,현대,제네시스(DH),3423
2016-04,국산,기아,K3,3284
2016-04,국산,제네시스,EQ900,2986
2016-04,국산,기아,니로,2440
2016-04,국산,KGM,코란도 스포츠,2001
2016-04,국산,기아,모하비,1664
2016-04,국산,기아,레이,1662
2016-04,수입,BMW,5 Series,1415
2016-04,국산,현대,엑센트,1351
2016-04,국산,쉐보레,임팔라,1323
2016-04,수입,아우디,A6,1313
2016-04,국산,현대,LF쏘나타 HEV,1304
2016-04,국산,현대,그랜저HG HEV,1233
2016-04,국산,르노코리아,QM3,1095
2016-04,국산,쉐보레,올란도,1034
2016-04,국산,쉐보레,트랙스,1014
2016-04,국산,현대,맥스크루즈,1000
2016-04,국산,쉐보레,말리부,991
2016-04,국산,쉐보레,어메이징 뉴 크루즈,853
2016-04,수입,벤츠,C-Class,818
2016-04,국산,르노코리아,SM5 노바,764
2016-04,국산,현대,아이오닉 hybrid,755
2016-04,국산,KGM,뉴 코란도 C,740
2016-04,국산,르노코리아,SM3 네오,706
2016-04,수입,BMW,3 Series,664
2016-04,국산,르노코리아,SM7 노바,590
2016-04,수입,벤츠,E-Class,533
2016-04,국산,쉐보레,라보,481
2016-04,국산,KGM,코란도 투리스모,470
2016-04,국산,쉐보레,다마스,468
2016-04,수입,포드,Explorer,459
2016-04,수입,벤츠,CLA-Class,456
2016-04,국산,KGM,렉스턴 W,444
2016-04,국산,쉐보레,캡티바,436
2016-04,수입,렉서스,ES,436
2016-04,국산,기아,프라이드,410
2016-04,수입,벤츠,CLS-Class,396
2016-04,수입,토요타,Prius,358
2016-04,수입,벤츠,S-Class,333
2016-04,수입,토요타,Camry,325
2016-04,수입,폭스바겐,Tiguan,321
2016-04,국산,기아,K5 하이브리드,320
2016-04,수입,미니,Hatch,311
2016-04,수입,벤츠,GLA-Class,256
2016-04,국산,기아,K9,245
2016-04,수입,BMW,Gran Turismo,241
2016-04,수입,벤츠,GLE-Class,239
2016-04,수입,BMW,7 Series,235
2016-04,수입,아우디,New Q3,216
2016-04,수입,BMW,X1,213
2016-04,수입,랜드로버,Discovery Sport,207
2016-04,수입,푸조,2008,206
2016-04,수입,BMW,4 Series,205
2016-04,수입,닛산,Qashqai,205
2016-04,수입,BMW,X3,196
2016-04,수입,인피니티,Q50,190
2016-04,수입,아우디,A7,189
2016-04,국산,기아,카렌스,186
2016-04,수입,랜드로버,Discovery 4,182
2016-04,국산,현대,아슬란,176
2016-04,수입,닛산,Altima,172
2016-04,수입,벤츠,GLC-Class,170
2016-04,수입,BMW,X4,169
2016-04,수입,아우디,Q7,169
2016-04,수입,BMW,1 Series,167
2016-04,수입,BMW,X5,166
2016-04,수입,벤츠,A-Class,164
2016-04,수입,아우디,A4,161
2016-04,수입,BMW,X6,156
2016-04,국산,현대,i40,150
2016-04,수입,아우디,A3,148
2016-04,수입,재규어,XF,148
2016-04,수입,미니,Clubman,144
2016-04,수입,아우디,Q5,142
2016-04,국산,기아,쏘울 EV,131
2016-04,수입,렉서스,NX,128
2016-04,수입,토요타,RAV4,128
2016-04,수입,랜드로버,Range Rover Evoque,125
2016-04,국산,현대,더 뉴 i30,124
2016-04,수입,폭스바겐,Golf,121
2016-04,수입,랜드로버,Range Rover Sport,112
2016-04,수입,포드,Mondeo,112
2016-04,국산,기아,쏘울,111
2016-04,수입,렉서스,RX,110
2016-04,수입,포르쉐,Cayenne,110
2016-04,수입,재규어,XE,109
2016-04,국산,쉐보레,아베오,104
2016-04,국산,KGM,체어맨 W,103
2016-04,수입,미니,Countryman,101
2016-04,수입,지프,Renegade,99
2016-04,수입,폭스바겐,Passat,98
2016-04,수입,지프,Wrangler,97
2016-04,국산,르노코리아,QM5 네오,96
2016-04,국산,현대,벨로스터,94
2016-04,국산,르노코리아,SM3 Z.E.,90
2016-04,수입,크라이슬러,200,90
2016-04,수입,지프,Grand Cherokee,86
2016-04,수입,볼보,XC60,83
2016-04,수입,볼보,S60,82
2016-04,수입,폭스바겐,CC,82
2016-04,수입,혼다,Accord,79
2016-04,수입,벤츠,Maybach S-Class,77
2016-04,수입,폭스바겐,Jetta,76
2016-04,수입,링컨,MKZ,75
2016-04,수입,볼보,S80,72
2016-04,수입,랜드로버,Range Rover,71
2016-04,수입,혼다,CR-V,71
2016-04,수입,링컨,MKX,70
2016-04,수입,벤츠,B-class,69
2016-04,수입,BMW,2 Series Active Tourer,67
2016-04,수입,BMW,M,67
2016-04,수입,볼보,V40,67
2016-04,수입,캐딜락,CTS,67
2016-04,수입,포드,Mustang,67
2016-04,수입,닛산,Maxima,64
2016-04,수입,아우디,A5,64
2016-04,수입,토요타,Sienna,64
2016-04,수입,포드,Taurus,64
2016-04,국산,현대,쏠라티,60
2016-04,수입,포드,Kuga,56
2016-04,수입,미니,Convertible,54
2016-04,수입,포르쉐,Macan,54
2016-04,수입,닛산,Juke,50
2016-04,수입,링컨,MKS,49
2016-04,수입,푸조,508,49
2016-04,수입,BMW,6 Series,46
2016-04,수입,인피니티,QX60,46
2016-04,수입,아우디,A8,44
2016-04,수입,포르쉐,911,44
2016-04,수입,폭스바겐,Polo,44
2016-04,수입,푸조,308,44
2016-04,수입,푸조,3008,42
2016-04,수입,렉서스,CT,41
2016-04,수입,지프,Compass,41
2016-04,수입,크라이슬러,300C,41
2016-04,수입,포르쉐,Panamera,38
2016-04,수입,혼다,Pilot,34
2016-04,수입,볼보,XC70,29
2016-04,수입,폭스바겐,Beetle,28
2016-04,수입,피아트,500,28
2016-04,수입,아우디,TT,27
2016-04,수입,볼보,V60 Cross Country,23
2016-04,수입,벤츠,SLK-Class,22
2016-04,수입,재규어,XJ,22
2016-04,수입,지프,Cherokee,22
2016-04,수입,링컨,MKC,21
2016-04,수입,벤틀리,Flying Spur,20
2016-04,수입,시트로엥,C4 Picasso,20
2016-04,수입,인피니티,Q70,20
2016-04,수입,인피니티,QX50,20
2016-04,수입,BMW,i3,19
2016-04,수입,닛산,Pathfinder,19
2016-04,수입,혼다,Odyssey,19
2016-04,수입,벤츠,G-Class,18
2016-04,수입,시트로엥,Grand C4 Picasso,17
2016-04,수입,캐딜락,ATS,17
2016-04,국산,기아,K3 쿱,16
2016-04,국산,기아,K7/기타,16
2016-04,수입,렉서스,LS,16
2016-04,수입,볼보,V40 Cross Country,16
2016-04,수입,피아트,500X,16
2016-04,국산,현대,제네시스 쿠페,15
2016-04,수입,벤틀리,New Continental,15
2016-04,수입,토요타,Prius V,15
2016-04,수입,피아트,500C,14
2016-04,수입,폭스바겐,Touareg,13
2016-04,수입,렉서스,IS,11
2016-04,수입,포르쉐,Boxster,11
2016-04,수입,BMW,i8,10
2016-04,수입,볼보,V60,8
2016-04,수입,재규어,F-Type,7
2016-04,수입,람보르기니,Huracan,6
2016-04,수입,벤츠,AMG GT,6
2016-04,수입,볼보,S60 Cross Country,6
2016-04,수입,토요타,Avalon,6
2016-04,수입,포드,Focus,6
2016-04,국산,현대,LF쏘나타 PHEV,5
2016-04,국산,기아,K7 하이브리드,4
2016-04,수입,BMW,Z4,4
2016-04,수입,닛산,370Z,4
2016-04,수입,롤스로이스,Wraith,4
2016-04,수입,볼보,XC90,4
2016-04,수입,시트로엥,DS5,4
2016-04,수입,토요타,86,4
2016-04,수입,렉서스,RC,3
2016-04,수입,롤스로이스,Ghost Series II,3
2016-04,국산,쉐보레,알페온,1
2016-04,수입,닛산,Leaf,1
2016-04,수입,벤츠,SL-Class,1
2016-04,수입,벤틀리,Mulsanne,1
2016-04,수입,아우디,R8,1
2016-04,수입,인피니티,QX70,1
2016-04,수입,포르쉐,Cayman,1
2016-04,수입,폭스바겐,New Scirocco,1
2016-05,국산,현대,포터2,9597
2016-05,국산,현대,아반떼,8472
2016-05,국산,쉐보레,더 넥스트 스파크,8451
2016-05,국산,기아,쏘렌토,7988
2016-05,국산,현대,LF쏘나타,7972
2016-05,국산,르노코리아,SM6,7901
2016-05,국산,현대,싼타페,7387
2016-05,국산,현대,투싼(2017),5951
2016-05,국산,KGM,티볼리,5490
2016-05,국산,기아,모닝,5228
2016-05,국산,기아,봉고 3,5122
2016-05,국산,기아,카니발,5065
2016-05,국산,기아,스포티지,4791
2016-05,국산,기아,K7,4553
2016-05,국산,현대,그랜저HG,4518
2016-05,국산,기아,K5,4204
2016-05,국산,현대,스타렉스,3717
2016-05,국산,기아,K3,3686
2016-05,국산,쉐보레,올 뉴 말리부,2954
2016-05,국산,현대,제네시스(DH),2896
2016-05,국산,제네시스,EQ900,2893
2016-05,국산,현대,버스/트럭 (현대),2741
2016-05,국산,기아,니로,2676
2016-05,국산,KGM,코란도 스포츠,1938
2016-05,수입,BMW,5 Series,1803
2016-05,국산,기아,레이,1383
2016-05,국산,기아,모하비,1382
2016-05,수입,아우디,A6,1333
2016-05,국산,현대,엑센트,1292
2016-05,국산,쉐보레,올란도,1194
2016-05,국산,르노코리아,QM3,1100
2016-05,수입,벤츠,C-Class,982
2016-05,국산,쉐보레,트랙스,950
2016-05,국산,현대,맥스크루즈,908
2016-05,국산,쉐보레,어메이징 뉴 크루즈,865
2016-05,국산,르노코리아,SM3 네오,864
2016-05,국산,쉐보레,임팔라,861
2016-05,수입,폭스바겐,Golf,835
2016-05,국산,KGM,뉴 코란도 C,803
2016-05,수입,BMW,3 Series,799
2016-05,수입,폭스바겐,Tiguan,769
2016-05,국산,현대,아이오닉 hybrid,765
2016-05,국산,현대,그랜저HG HEV,626
2016-05,국산,르노코리아,SM7 노바,602
2016-05,국산,현대,LF쏘나타 HEV,558
2016-05,수입,혼다,Accord,537
2016-05,국산,KGM,코란도 투리스모,500
2016-05,국산,쉐보레,다마스,468
2016-05,수입,BMW,1 Series,439
2016-05,수입,벤츠,S-Class,438
2016-05,국산,쉐보레,라보,426
2016-05,국산,쉐보레,캡티바,408
2016-05,수입,미니,Hatch,392
2016-05,수입,벤츠,CLA-Class,390
2016-05,수입,포드,Explorer,389
2016-05,국산,KGM,렉스턴 W,386
2016-05,국산,쉐보레,말리부,386
2016-05,국산,르노코리아,SM5 노바,379
2016-05,수입,벤츠,CLS-Class,350
2016-05,국산,기아,프라이드,341
2016-05,수입,렉서스,ES,330
2016-05,수입,랜드로버,Discovery Sport,313
2016-05,국산,기아,K5 하이브리드,312
2016-05,수입,토요타,Camry,309
2016-05,수입,랜드로버,Discovery 4,292
2016-05,수입,닛산,Altima,263
2016-05,수입,벤츠,GLA-Class,260
2016-05,수입,폭스바겐,Passat,256
2016-05,수입,아우디,A4,237
2016-05,국산,기아,K9,231
2016-05,수입,BMW,7 Series,231
2016-05,수입,벤츠,GLE-Class,229
2016-05,수입,BMW,4 Series,225
2016-05,수입,BMW,Gran Turismo,215
2016-05,수입,인피니티,Q50,210
2016-05,수입,미니,Clubman,209
2016-05,수입,폭스바겐,CC,208
2016-05,국산,기아,카렌스,207
2016-05,수입,BMW,X5,182
2016-05,국산,현대,아슬란,176
2016-05,수입,아우디,A7,176
2016-05,수입,아우디,Q5,175
2016-05,수입,BMW,X3,167
2016-05,수입,BMW,X4,154
2016-05,수입,BMW,X6,153
2016-05,수입,토요타,Prius,150
2016-05,수입,랜드로버,Range Rover Evoque,139
2016-05,수입,벤츠,GLC-Class,139
2016-05,수입,아우디,A3,139
2016-05,수입,지프,Renegade,136
2016-05,국산,기아,버스/레이EV,135
2016-05,국산,르노코리아,QM5 네오,128
2016-05,수입,렉서스,NX,125
2016-05,수입,푸조,2008,123
2016-05,국산,쉐보레,아베오,122
2016-05,수입,벤츠,A-Class,122
2016-05,수입,폭스바겐,Jetta,118
2016-05,국산,기아,K7 하이브리드,116
2016-05,수입,포르쉐,Cayenne,116
2016-05,국산,현대,더 뉴 i30,115
2016-05,수입,아우디,Q7,115
2016-05,국산,기아,쏘울,108
2016-05,수입,랜드로버,Range Rover Sport,108
2016-05,수입,혼다,CR-V,108
2016-05,수입,BMW,2 Series Active Tourer,107
2016-05,수입,재규어,XE,107
2016-05,수입,볼보,S80,103
2016-05,국산,현대,i40,101
2016-05,수입,포드,Mondeo,99
2016-05,수입,미니,Countryman,95
2016-05,국산,쉐보레,스파크 EV,92
2016-05,수입,포르쉐,Macan,83
2016-05,수입,혼다,Pilot,81
2016-05,수입,랜드로버,Range Rover,80
2016-05,수입,렉서스,RX,80
2016-05,수입,지프,Grand Cherokee,80
2016-05,수입,볼보,S60,79
2016-05,수입,포드,Mustang,79
2016-05,수입,토요타,RAV4,77
2016-05,수입,캐딜락,CTS,75
2016-05,국산,KGM,체어맨 W,74
2016-05,수입,크라이슬러,200,74
2016-05,수입,링컨,MKX,73
2016-05,수입,벤츠,Maybach S-Class,72
2016-05,수입,토요타,Sienna,72
2016-05,수입,BMW,6 Series,70
2016-05,수입,링컨,MKZ,69
2016-05,수입,재규어,XF,69
2016-05,수입,지프,Wrangler,69
2016-05,수입,포르쉐,Panamera,68
2016-05,국산,현대,쏠라티,65
2016-05,수입,벤츠,E-Class,65
2016-05,수입,벤츠,B-class,64
2016-05,수입,폭스바겐,Polo,62
2016-05,국산,기아,쏘울 EV,61
2016-05,수입,볼보,XC60,59
2016-05,수입,아우디,New Q3,56
2016-05,수입,BMW,M,53
2016-05,수입,아우디,A5,53
2016-05,수입,미니,Convertible,52
2016-05,수입,닛산,Maxima,51
2016-05,수입,볼보,V40,50
2016-05,수입,포드,Kuga,50
2016-05,수입,포르쉐,911,49
2016-05,국산,현대,벨로스터,46
2016-05,수입,볼보,XC70,43
2016-05,수입,닛산,Juke,42
2016-05,수입,폭스바겐,Touareg,41
2016-05,수입,푸조,508,41
2016-05,수입,링컨,MKS,39
2016-05,수입,아우디,A8,39
2016-05,수입,폭스바겐,Beetle,36
2016-05,수입,푸조,308,36
2016-05,수입,BMW,X1,35
2016-05,수입,렉서스,CT,33
2016-05,수입,지프,Compass,33
2016-05,수입,포드,Taurus,33
2016-05,수입,푸조,3008,32
2016-05,국산,르노코리아,SM3 Z.E.,30
2016-05,수입,혼다,Odyssey,30
2016-05,수입,크라이슬러,300C,26
2016-05,국산,기아,K3 쿱,25
2016-05,수입,인피니티,Q70,24
2016-05,수입,렉서스,IS,19
2016-05,수입,링컨,MKC,19
2016-05,수입,벤틀리,Flying Spur,18
2016-05,수입,볼보,V60 Cross Country,18
2016-05,수입,피아트,500,18
2016-05,국산,현대,LF쏘나타 PHEV,17
2016-05,수입,피아트,500X,17
2016-05,수입,재규어,XJ,16
2016-05,수입,닛산,Qashqai,15
2016-05,수입,렉서스,LS,15
2016-05,수입,벤츠,G-Class,15
2016-05,수입,인피니티,QX50,15
2016-05,국산,현대,제네시스 쿠페,14
2016-05,수입,볼보,V60,14
2016-05,수입,인피니티,QX60,14
2016-05,수입,벤츠,SLK-Class,13
2016-05,수입,아우디,TT,13
2016-05,수입,BMW,i3,12
2016-05,수입,닛산,Pathfinder,12
2016-05,수입,볼보,V40 Cross Country,12
2016-05,수입,시트로엥,Grand C4 Picasso,11
2016-05,수입,포르쉐,Boxster,11
2016-05,수입,피아트,500C,11
2016-05,수입,벤틀리,New Continental,10
2016-05,수입,볼보,S60 Cross Country,10
2016-05,수입,토요타,Avalon,10
2016-05,수입,시트로엥,C4 Picasso,9
2016-05,수입,캐딜락,ATS,9
2016-05,수입,벤츠,AMG GT,8
2016-05,수입,토요타,Prius V,6
2016-05,수입,시트로엥,DS5,5
2016-05,수입,재규어,F-Type,5
2016-05,수입,BMW,i8,4
2016-05,수입,인피니티,QX70,4
2016-05,수입,포드,Focus,4
2016-05,수입,토요타,86,3
2016-05,수입,포르쉐,Cayman,3
2016-05,국산,쉐보레,카마로,2
2016-05,수입,BMW,Z4,2
2016-05,수입,닛산,370Z,2
2016-05,수입,롤스로이스,Ghost Series II,2
2016-05,수입,시트로엥,DS3,2
2016-05,수입,지프,Cherokee,2
2016-05,수입,닛산,Leaf,1
2016-05,수입,렉서스,GS,1
2016-05,수입,렉서스,RC,1
2016-05,수입,롤스로이스,Dawn,1
2016-05,수입,벤츠,SL-Class,1
2016-05,수입,시트로엥,DS4,1
2016-05,수입,인피니티,QX80,1
2016-05,수입,폭스바겐,New Scirocco,1
2016-06,국산,현대,아반떼,12364
2016-06,국산,현대,포터2,9993
2016-06,국산,현대,싼타페,8969
2016-06,국산,현대,LF쏘나타,8002
2016-06,국산,기아,쏘렌토,7349
2016-06,국산,르노코리아,SM6,7027
2016-06,국산,현대,투싼(2017),6545
2016-06,국산,쉐보레,올 뉴 말리부,6058
2016-06,국산,기아,모닝,6047
2016-06,국산,기아,카니발,5948
2016-06,국산,KGM,티볼리,5711
2016-06,국산,쉐보레,더 넥스트 스파크,5647
2016-06,국산,현대,그랜저HG,5357
2016-06,국산,기아,스포티지,4978
2016-06,국산,기아,K7,4939
2016-06,국산,기아,K5,4460
2016-06,국산,현대,스타렉스,4383
2016-06,국산,기아,봉고 3,4341
2016-06,국산,기아,K3,4072
2016-06,국산,기아,니로,3246
2016-06,국산,제네시스,EQ900,3025
2016-06,국산,현대,버스/트럭/특장 (현대),2787
2016-06,국산,현대,제네시스(DH),2711
2016-06,국산,KGM,코란도 스포츠,2327
2016-06,국산,기아,버스/특수,1917
2016-06,국산,기아,레이,1713
2016-06,국산,기아,모하비,1662
2016-06,수입,아우디,A6,1612
2016-06,국산,현대,엑센트,1576
2016-06,국산,쉐보레,올란도,1544
2016-06,수입,BMW,3 Series,1444
2016-06,수입,벤츠,S-Class,1260
2016-06,국산,르노코리아,QM3,1214
2016-06,국산,현대,맥스크루즈,1169
2016-06,국산,르노코리아,SM3 네오,1147
2016-06,국산,쉐보레,임팔라,1129
2016-06,수입,BMW,5 Series,1123
2016-06,국산,쉐보레,트랙스,1086
2016-06,국산,현대,그랜저HG HEV,1055
2016-06,수입,벤츠,C-Class,1043
2016-06,국산,쉐보레,어메이징 뉴 크루즈,930
2016-06,수입,렉서스,ES,834
2016-06,국산,현대,LF쏘나타 HEV,753
2016-06,국산,KGM,뉴 코란도 C,746
2016-06,국산,르노코리아,SM7 노바,694
2016-06,수입,폭스바겐,Tiguan,640
2016-06,국산,현대,아이오닉 hybrid,630
2016-06,수입,토요타,Camry,572
2016-06,수입,포드,Explorer,521
2016-06,수입,랜드로버,Discovery Sport,486
2016-06,국산,쉐보레,다마스,485
2016-06,수입,벤츠,CLS-Class,480
2016-06,국산,KGM,렉스턴 W,465
2016-06,수입,미니,Hatch,462
2016-06,수입,BMW,1 Series,459
2016-06,국산,기아,프라이드,442
2016-06,수입,폭스바겐,Golf,437
2016-06,국산,르노코리아,SM5 노바,431
2016-06,국산,쉐보레,캡티바,424
2016-06,수입,혼다,Accord,423
2016-06,국산,기아,K5 하이브리드,415
2016-06,국산,쉐보레,라보,397
2016-06,국산,KGM,코란도 투리스모,389
2016-06,수입,폭스바겐,Passat,364
2016-06,수입,닛산,Altima,358
2016-06,수입,벤츠,GLA-Class,352
2016-06,수입,벤츠,CLA-Class,336
2016-06,국산,기아,카렌스,314
2016-06,수입,벤츠,E-Class,303
2016-06,국산,기아,K9,285
2016-06,수입,BMW,4 Series,278
2016-06,수입,아우디,Q5,255
2016-06,국산,쉐보레,말리부,252
2016-06,수입,벤츠,GLE-Class,252
2016-06,수입,토요타,Prius,251
2016-06,수입,아우디,A7,247
2016-06,수입,BMW,Gran Turismo,246
2016-06,국산,르노코리아,QM5 네오,245
2016-06,수입,BMW,7 Series,237
2016-06,수입,인피니티,Q50,232
2016-06,수입,랜드로버,Discovery 4,231
2016-06,수입,재규어,XF,220
2016-06,수입,미니,Clubman,216
2016-06,수입,BMW,X5,212
2016-06,수입,벤츠,GLC-Class,205
2016-06,수입,아우디,Q7,205
2016-06,수입,재규어,XE,204
2016-06,수입,렉서스,NX,203
2016-06,수입,푸조,2008,201
2016-06,수입,지프,Renegade,188
2016-06,국산,기아,쏘울,181
2016-06,수입,볼보,S60,181
2016-06,수입,랜드로버,Range Rover Evoque,168
2016-06,수입,랜드로버,Range Rover Sport,160
2016-06,수입,폭스바겐,CC,159
2016-06,국산,현대,아슬란,158
2016-06,수입,BMW,X4,158
2016-06,수입,BMW,X6,155
2016-06,수입,BMW,2 Series Active Tourer,146
2016-06,수입,포르쉐,Cayenne,146
2016-06,수입,BMW,X3,140
2016-06,수입,아우디,A3,140
2016-06,수입,혼다,CR-V,136
2016-06,국산,현대,아이오닉 electric,131
2016-06,수입,미니,Countryman,131
2016-06,수입,포드,Mondeo,131
2016-06,수입,벤츠,A-Class,129
2016-06,국산,KGM,체어맨 W,112
2016-06,국산,현대,i40,112
2016-06,수입,아우디,A4,111
2016-06,수입,지프,Grand Cherokee,111
2016-06,수입,아우디,A5,104
2016-06,국산,기아,K7 하이브리드,103
2016-06,수입,렉서스,RX,103
2016-06,수입,토요타,RAV4,103
2016-06,수입,링컨,MKX,102
2016-06,국산,쉐보레,아베오,98
2016-06,수입,링컨,MKZ,98
2016-06,국산,현대,더 뉴 i30,96
2016-06,수입,랜드로버,Range Rover,95
2016-06,수입,폭스바겐,Jetta,92
2016-06,수입,혼다,Pilot,91
2016-06,수입,벤츠,Maybach S-Class,84
2016-06,수입,볼보,S80,84
2016-06,수입,토요타,Sienna,84
2016-06,국산,현대,벨로스터,83
2016-06,수입,BMW,X1,79
2016-06,수입,볼보,V40,77
2016-06,국산,기아,쏘울 EV,75
2016-06,수입,지프,Compass,75
2016-06,수입,볼보,XC70,73
2016-06,수입,닛산,Maxima,72
2016-06,수입,포드,Kuga,70
2016-06,수입,포르쉐,Macan,67
2016-06,수입,푸조,3008,67
2016-06,수입,아우디,New Q3,65
2016-06,수입,포르쉐,Panamera,65
2016-06,수입,BMW,6 Series,63
2016-06,수입,BMW,M,63
2016-06,수입,폭스바겐,Touareg,60
2016-06,수입,포드,Mustang,59
2016-06,수입,아우디,A8,55
2016-06,국산,현대,쏠라티,54
2016-06,수입,링컨,MKS,53
2016-06,수입,벤츠,B-class,52
2016-06,수입,닛산,Juke,51
2016-06,수입,렉서스,CT,49
2016-06,수입,미니,Convertible,49
2016-06,수입,푸조,508,49
2016-06,수입,볼보,XC60,48
2016-06,수입,지프,Cherokee,48
2016-06,수입,크라이슬러,300C,46
2016-06,수입,포르쉐,911,45
2016-06,수입,캐딜락,CTS,43
2016-06,수입,폭스바겐,Beetle,43
2016-06,수입,푸조,308,43
2016-06,수입,폭스바겐,Polo,39
2016-06,수입,피아트,500,35
2016-06,수입,혼다,Odyssey,34
2016-06,수입,재규어,XJ,33
2016-06,수입,렉서스,IS,32
2016-06,수입,볼보,V60 Cross Country,31
2016-06,수입,렉서스,GS,30
2016-06,수입,인피니티,Q70,29
2016-06,수입,지프,Wrangler,29
2016-06,수입,포드,Taurus,27
2016-06,수입,렉서스,LS,24
2016-06,수입,토요타,Prius V,24
2016-06,국산,르노코리아,SM3 Z.E.,20
2016-06,수입,벤틀리,Continental,20
2016-06,수입,볼보,V40 Cross Country,20
2016-06,국산,기아,K3 쿱,19
2016-06,수입,인피니티,QX60,18
2016-06,수입,포르쉐,718 Boxster,18
2016-06,수입,닛산,Pathfinder,17
2016-06,수입,볼보,V60,17
2016-06,수입,아우디,TT,17
2016-06,수입,캐딜락,ATS,17
2016-06,수입,크라이슬러,200,17
2016-06,수입,피아트,500X,17
2016-06,수입,벤츠,AMG GT,16
2016-06,수입,볼보,XC90,15
2016-06,국산,현대,LF쏘나타 PHEV,13
2016-06,수입,벤츠,G-Class,13
2016-06,수입,인피니티,QX50,13
2016-06,수입,포드,Focus,12
2016-06,수입,벤틀리,Flying Spur,10
2016-06,수입,볼보,S60 Cross Country,10
2016-06,수입,시트로엥,C4 Picasso,10
2016-06,수입,시트로엥,Grand C4 Picasso,10
2016-06,수입,시트로엥,DS3,9
2016-06,수입,토요타,Avalon,9
2016-06,수입,벤츠,SLK-Class,8
2016-06,수입,피아트,500C,8
2016-06,국산,쉐보레,알페온,7
2016-06,수입,BMW,i3,7
2016-06,수입,재규어,F-Type,7
2016-06,수입,BMW,Z4,6
2016-06,수입,닛산,Leaf,5
2016-06,국산,현대,제네시스 쿠페,4
2016-06,수입,롤스로이스,Wraith,4
2016-06,수입,링컨,MKC,4
2016-06,수입,시트로엥,DS5,4
2016-06,수입,혼다,HR-V,4
2016-06,수입,BMW,i8,3
2016-06,수입,토요타,86,3
2016-06,수입,닛산,370Z,2
2016-06,수입,람보르기니,Aventador,2
2016-06,수입,롤스로이스,Ghost Series II,2
2016-06,수입,벤츠,SL-Class,2
2016-06,수입,인피니티,QX80,2
2016-06,국산,쉐보레,스파크 EV,1
2016-06,수입,BMW,2 Series,1
2016-06,수입,람보르기니,Huracan,1
2016-06,수입,렉서스,RC,1
2016-06,수입,벤틀리,Mulsanne,1
2016-06,수입,시트로엥,DS4 Crossback,1
2016-06,수입,아우디,R8,1
2016-06,수입,인피니티,QX70,1
2016-06,수입,포르쉐,Cayman,1
2016-07,국산,현대,포터2,8276
2016-07,국산,기아,카니발,6773
2016-07,국산,현대,LF쏘나타,6341
2016-07,국산,현대,아반떼,6244
2016-07,국산,쉐보레,더 넥스트 스파크,5726
2016-07,국산,기아,모닝,5626
2016-07,국산,기아,쏘렌토,5483
2016-07,국산,기아,K7,5017
2016-07,국산,현대,싼타페,4670
2016-07,국산,기아,봉고 3,4588
2016-07,국산,제네시스,G80,4574
2016-07,국산,르노코리아,SM6,4508
2016-07,국산,쉐보레,올 뉴 말리부,4436
2016-07,국산,KGM,티볼리,4409
2016-07,국산,현대,스타렉스,3929
2016-07,국산,현대,투싼(2017),3443
2016-07,국산,기아,스포티지,3007
2016-07,국산,현대,그랜저HG,2993
2016-07,국산,기아,K5,2959
2016-07,국산,기아,K3,2366
2016-07,국산,기아,니로,2242
2016-07,국산,기아,레이,2063
2016-07,국산,KGM,코란도 스포츠,2004
2016-07,국산,현대,버스/트럭 (현대),1556
2016-07,국산,기아,버스/특장,1507
2016-07,국산,기아,모하비,1220
2016-07,국산,제네시스,EQ900,1217
2016-07,수입,벤츠,E-Class,1215
2016-07,국산,르노코리아,QM3,1066
2016-07,국산,쉐보레,올란도,1000
2016-07,수입,BMW,5 Series,987
2016-07,수입,벤츠,C-Class,958
2016-07,국산,현대,엑센트,827
2016-07,수입,아우디,A6,737
2016-07,국산,쉐보레,트랙스,675
2016-07,국산,르노코리아,SM3 네오,660
2016-07,국산,르노코리아,SM7 노바,652
2016-07,국산,쉐보레,어메이징 뉴 크루즈,611
2016-07,수입,BMW,3 Series,599
2016-07,수입,벤츠,S-Class,582
2016-07,국산,현대,아이오닉 electric,574
2016-07,국산,쉐보레,임팔라,542
2016-07,국산,현대,LF쏘나타 HEV,505
2016-07,국산,현대,맥스크루즈,505
2016-07,수입,포드,Explorer,495
2016-07,국산,KGM,뉴 코란도 C,487
2016-07,국산,쉐보레,다마스,457
2016-07,국산,현대,그랜저HG HEV,457
2016-07,국산,쉐보레,라보,455
2016-07,수입,렉서스,ES,397
2016-07,국산,현대,아이오닉 hybrid,371
2016-07,수입,벤츠,CLS-Class,343
2016-07,수입,미니,Hatch,341
2016-07,국산,KGM,코란도 투리스모,335
2016-07,수입,아우디,A4,325
2016-07,수입,랜드로버,Discovery Sport,319
2016-07,국산,르노코리아,SM5 노바,312
2016-07,국산,기아,프라이드,308
2016-07,수입,벤츠,GLA-Class,268
2016-07,수입,토요타,Camry,265
2016-07,국산,KGM,렉스턴 W,260
2016-07,수입,닛산,Altima,245
2016-07,수입,토요타,Prius,244
2016-07,수입,벤츠,GLE-Class,238
2016-07,수입,BMW,7 Series,237
2016-07,수입,벤츠,CLA-Class,231
2016-07,국산,기아,카렌스,220
2016-07,국산,기아,K5 하이브리드,215
2016-07,수입,랜드로버,Range Rover Evoque,213
2016-07,국산,쉐보레,캡티바,197
2016-07,국산,쉐보레,말리부,182
2016-07,수입,인피니티,Q50,174
2016-07,국산,기아,K9,160
2016-07,수입,미니,Clubman,156
2016-07,수입,푸조,2008,156
2016-07,수입,렉서스,RX,153
2016-07,수입,랜드로버,Discovery 4,148
2016-07,수입,재규어,XF,148
2016-07,수입,지프,Renegade,140
2016-07,수입,폭스바겐,Tiguan,137
2016-07,수입,벤츠,GLC-Class,135
2016-07,수입,혼다,CR-V,133
2016-07,수입,링컨,MKX,130
2016-07,국산,기아,쏘울,129
2016-07,수입,포르쉐,Cayenne,126
2016-07,국산,르노코리아,QM5 네오,124
2016-07,수입,재규어,XE,124
2016-07,수입,볼보,S60,118
2016-07,수입,아우디,Q7,116
2016-07,수입,볼보,XC90,114
2016-07,수입,혼다,Accord,114
2016-07,수입,렉서스,NX,113
2016-07,수입,벤츠,A-Class,111
2016-07,수입,푸조,3008,111
2016-07,수입,BMW,X6,109
2016-07,수입,미니,Countryman,109
2016-07,수입,랜드로버,Range Rover Sport,104
2016-07,수입,링컨,MKZ,104
2016-07,수입,BMW,Gran Turismo,103
2016-07,수입,BMW,4 Series,100
2016-07,수입,아우디,A7,98
2016-07,수입,BMW,X5,96
2016-07,수입,폭스바겐,Golf,95
2016-07,수입,지프,Wrangler,89
2016-07,수입,포드,Mondeo,89
2016-07,수입,BMW,X1,86
2016-07,국산,현대,i40,83
2016-07,국산,현대,아슬란,80
2016-07,수입,지프,Grand Cherokee,75
2016-07,수입,포드,Kuga,74
2016-07,수입,BMW,1 Series,73
2016-07,수입,BMW,X4,73
2016-07,수입,혼다,Pilot,72
2016-07,수입,BMW,X3,71
2016-07,국산,기아,K7 하이브리드,69
2016-07,국산,쉐보레,아베오,69
2016-07,수입,닛산,Juke,63
2016-07,수입,랜드로버,Range Rover,63
2016-07,수입,포르쉐,Macan,61
2016-07,수입,푸조,508,61
2016-07,수입,혼다,HR-V,61
2016-07,수입,닛산,Maxima,60
2016-07,수입,폭스바겐,Passat,60
2016-07,수입,아우디,A3,59
2016-07,수입,볼보,V40,56
2016-07,수입,아우디,Q5,55
2016-07,수입,포르쉐,718 Boxster,53
2016-07,수입,볼보,XC70,52
2016-07,국산,KGM,체어맨 W,51
2016-07,국산,현대,쏠라티,50
2016-07,수입,폭스바겐,CC,50
2016-07,수입,지프,Compass,48
2016-07,수입,벤츠,Maybach S-Class,47
2016-07,수입,포드,Taurus,47
2016-07,수입,BMW,2 Series Active Tourer,46
2016-07,국산,기아,쏘울 EV,45
2016-07,국산,현대,더 뉴 i30,45
2016-07,수입,캐딜락,CTS,44
2016-07,수입,미니,Convertible,41
2016-07,수입,푸조,308,41
2016-07,수입,포르쉐,911,40
2016-07,수입,아우디,A5,39
2016-07,수입,시트로엥,Grand C4 Picasso,37
2016-07,국산,현대,벨로스터,36
2016-07,수입,토요타,RAV4,36
2016-07,수입,토요타,Sienna,36
2016-07,수입,크라이슬러,300C,34
2016-07,수입,포드,Mustang,34
2016-07,수입,혼다,Odyssey,32
2016-07,수입,링컨,MKS,31
2016-07,수입,재규어,F-Pace,31
2016-07,국산,르노코리아,SM3 Z.E.,30
2016-07,수입,렉서스,CT,30
2016-07,수입,폭스바겐,Jetta,30
2016-07,수입,볼보,XC60,29
2016-07,수입,아우디,New Q3,28
2016-07,수입,벤츠,B-class,25
2016-07,수입,포르쉐,Panamera,25
2016-07,수입,지프,Cherokee,24
2016-07,수입,폭스바겐,Touareg,24
2016-07,수입,볼보,S80,23
2016-07,수입,볼보,V60 Cross Country,23
2016-07,수입,아우디,A8,23
2016-07,수입,피아트,500,23
2016-07,수입,BMW,6 Series,22
2016-07,수입,인피니티,Q70,22
2016-07,수입,재규어,XJ,21
2016-07,수입,아우디,TT,20
2016-07,수입,BMW,M,19
2016-07,수입,벤츠,G-Class,18
2016-07,수입,렉서스,IS,17
2016-07,수입,렉서스,GS,15
2016-07,수입,볼보,V40 Cross Country,15
2016-07,수입,폭스바겐,Beetle,15
2016-07,수입,폭스바겐,Polo,14
2016-07,수입,렉서스,LS,13
2016-07,수입,인피니티,QX50,13
2016-07,국산,현대,LF쏘나타 PHEV,12
2016-07,수입,볼보,S60 Cross Country,12
2016-07,수입,시트로엥,C4 Picasso,12
2016-07,수입,인피니티,QX60,12
2016-07,수입,캐딜락,ATS,12
2016-07,수입,토요타,Prius V,12
2016-07,수입,BMW,i3,11
2016-07,수입,볼보,V60,11
2016-07,수입,피아트,500X,10
2016-07,수입,닛산,Pathfinder,8
2016-07,국산,쉐보레,알페온,7
2016-07,수입,재규어,F-Type,7
2016-07,수입,토요타,Avalon,7
2016-07,수입,피아트,500C,7
2016-07,국산,기아,레이 EV,6
2016-07,수입,닛산,Leaf,6
2016-07,수입,벤틀리,Continental,6
2016-07,수입,벤츠,AMG GT,5
2016-07,국산,기아,K3 쿱,4
2016-07,수입,BMW,Z4,4
2016-07,수입,벤츠,SL-Class,4
2016-07,수입,벤츠,SLK-Class,4
2016-07,수입,시트로엥,DS5,4
2016-07,수입,아우디,R8,4
2016-07,수입,포드,Focus,4
2016-07,국산,쉐보레,스파크 EV,3
2016-07,수입,렉서스,RC,3
2016-07,수입,롤스로이스,Ghost Series II,3
2016-07,수입,시트로엥,DS3,3
2016-07,수입,BMW,i8,2
2016-07,수입,벤틀리,Flying Spur,2
2016-07,수입,토요타,86,2
2016-07,수입,포르쉐,Cayman,2
2016-07,수입,롤스로이스,Wraith,1
2016-07,수입,시트로엥,C4 Cactus,1
2016-07,수입,시트로엥,DS4 Crossback,1
2016-07,수입,인피니티,QX70,1
2016-07,수입,크라이슬러,Grand Voyager,1
2016-07,수입,포르쉐,Boxster,1
2016-07,수입,푸조,208 1.6 BLUe-HDi,1
2016-08,국산,현대,아반떼,6756
2016-08,국산,쉐보레,더 넥스트 스파크,5850
2016-08,국산,현대,싼타페,5609
2016-08,국산,현대,LF쏘나타,5528
2016-08,국산,기아,모닝,5506
2016-08,국산,기아,카니발,4886
2016-08,국산,기아,쏘렌토,4704
2016-08,국산,르노코리아,SM6,4577
2016-08,국산,KGM,티볼리,4357
2016-08,국산,현대,포터2,4037
2016-08,국산,현대,투싼(2017),3962
2016-08,국산,현대,스타렉스,3884
2016-08,국산,기아,스포티지,3632
2016-08,국산,기아,K7,3503
2016-08,국산,기아,봉고 3,3359
2016-08,국산,기아,K5,2967
2016-08,국산,현대,그랜저HG,2772
2016-08,국산,기아,K3,2610
2016-08,국산,제네시스,G80,2562
2016-08,국산,쉐보레,올 뉴 말리부,2417
2016-08,수입,벤츠,E-Class,2253
2016-08,국산,현대,버스/트럭/트럭특장/투싼FCEV (현대),2039
2016-08,국산,KGM,코란도 스포츠,1946
2016-08,국산,기아,레이,1536
2016-08,국산,기아,니로,1135
2016-08,수입,벤츠,C-Class,1102
2016-08,국산,르노코리아,QM3,1096
2016-08,국산,제네시스,EQ900,1093
2016-08,국산,기아,버스/특수,1074
2016-08,수입,BMW,5 Series,1012
2016-08,국산,쉐보레,올란도,1007
2016-08,국산,현대,엑센트,860
2016-08,국산,현대,제네시스(DH),847
2016-08,국산,르노코리아,SM7 노바,770
2016-08,국산,쉐보레,어메이징 뉴 크루즈,770
2016-08,수입,BMW,3 Series,689
2016-08,국산,쉐보레,트랙스,686
2016-08,국산,기아,카렌스,680
2016-08,국산,르노코리아,SM3 네오,678
2016-08,국산,기아,모하비,641
2016-08,국산,KGM,뉴 코란도 C,595
2016-08,국산,쉐보레,임팔라,527
2016-08,국산,현대,맥스크루즈,524
2016-08,수입,벤츠,S-Class,499
2016-08,수입,포드,Explorer,426
2016-08,국산,쉐보레,라보,424
2016-08,수입,미니,Hatch,414
2016-08,국산,쉐보레,다마스,408
2016-08,국산,현대,아이오닉 hybrid,397
2016-08,국산,KGM,렉스턴 W,395
2016-08,국산,기아,프라이드,390
2016-08,국산,현대,LF쏘나타 HEV,386
2016-08,수입,토요타,Camry,382
2016-08,국산,쉐보레,말리부,360
2016-08,국산,KGM,코란도 투리스모,328
2016-08,국산,르노코리아,SM5 노바,324
2016-08,수입,닛산,Altima,316
2016-08,수입,랜드로버,Discovery Sport,315
2016-08,수입,렉서스,ES,303
2016-08,국산,현대,그랜저HG HEV,297
2016-08,수입,혼다,Accord,277
2016-08,수입,아우디,A6,273
2016-08,국산,현대,아이오닉 electric,270
2016-08,국산,기아,쏘울,264
2016-08,국산,쉐보레,캡티바,262
2016-08,수입,BMW,7 Series,252
2016-08,국산,기아,K5 하이브리드,250
2016-08,수입,벤츠,GLE-Class,244
2016-08,수입,인피니티,Q50,242
2016-08,수입,BMW,1 Series,240
2016-08,수입,재규어,XF,210
2016-08,국산,르노코리아,QM5 네오,202
2016-08,수입,토요타,Prius,201
2016-08,수입,혼다,CR-V,194
2016-08,수입,랜드로버,Range Rover Evoque,193
2016-08,수입,벤츠,GLA-Class,180
2016-08,수입,랜드로버,Discovery 4,173
2016-08,수입,미니,Clubman,152
2016-08,국산,기아,K9,148
2016-08,수입,벤츠,CLA-Class,148
2016-08,수입,벤츠,GLC-Class,148
2016-08,수입,푸조,2008,144
2016-08,수입,BMW,X5,135
2016-08,수입,지프,Renegade,135
2016-08,수입,재규어,F-Pace,127
2016-08,수입,볼보,XC90,124
2016-08,수입,BMW,X6,121
2016-08,수입,지프,Wrangler,116
2016-08,수입,미니,Countryman,103
2016-08,수입,포르쉐,Cayenne,100
2016-08,수입,BMW,4 Series,99
2016-08,수입,BMW,Gran Turismo,98
2016-08,수입,BMW,X1,98
2016-08,수입,렉서스,NX,98
2016-08,수입,랜드로버,Range Rover Sport,97
2016-08,수입,링컨,MKZ,96
2016-08,국산,현대,아슬란,91
2016-08,수입,캐딜락,CT6,91
2016-08,수입,랜드로버,Range Rover,88
2016-08,수입,지프,Grand Cherokee,88
2016-08,수입,렉서스,RX,87
2016-08,수입,닛산,Maxima,86
2016-08,수입,벤츠,CLS-Class,85
2016-08,국산,기아,K7 하이브리드,82
2016-08,수입,BMW,X3,82
2016-08,수입,재규어,XE,81
2016-08,수입,BMW,X4,80
2016-08,수입,아우디,Q7,80
2016-08,수입,토요타,RAV4,79
2016-08,수입,포드,Mustang,79
2016-08,수입,포르쉐,Macan,79
2016-08,수입,혼다,Pilot,74
2016-08,수입,링컨,MKX,72
2016-08,수입,토요타,Sienna,72
2016-08,수입,볼보,S60,70
2016-08,수입,포드,Kuga,70
2016-08,국산,현대,i40,68
2016-08,수입,포드,Mondeo,67
2016-08,국산,르노코리아,SM3 Z.E.,66
2016-08,수입,포르쉐,718 Boxster,64
2016-08,수입,BMW,2 Series Active Tourer,61
2016-08,수입,볼보,XC70,56
2016-08,국산,KGM,체어맨 W,55
2016-08,수입,벤츠,A-Class,55
2016-08,국산,쉐보레,아베오,54
2016-08,수입,지프,Cherokee,54
2016-08,수입,볼보,V40,53
2016-08,수입,폭스바겐,Touareg,53
2016-08,수입,닛산,Juke,50
2016-08,국산,현대,쏠라티,48
2016-08,수입,아우디,A7,47
2016-08,수입,미니,Convertible,46
2016-08,수입,푸조,508,43
2016-08,수입,렉서스,CT,42
2016-08,수입,볼보,XC60,42
2016-08,수입,푸조,3008,42
2016-08,수입,아우디,Q5,41
2016-08,수입,지프,Compass,41
2016-08,수입,캐딜락,CTS,41
2016-08,수입,포드,Taurus,41
2016-08,수입,푸조,308,41
2016-08,국산,현대,벨로스터,38
2016-08,수입,볼보,V60 Cross Country,38
2016-08,수입,링컨,MKS,37
2016-08,수입,벤츠,Maybach S-Class,37
2016-08,수입,인피니티,Q70,36
2016-08,국산,현대,더 뉴 i30,35
2016-08,수입,볼보,S60 Cross Country,35
2016-08,수입,크라이슬러,300C,34
2016-08,국산,기아,쏘울 EV,32
2016-08,수입,피아트,500,32
2016-08,수입,혼다,HR-V,32
2016-08,수입,벤츠,B-class,30
2016-08,수입,BMW,6 Series,29
2016-08,수입,포르쉐,911,29
2016-08,수입,포르쉐,Panamera,29
2016-08,수입,BMW,M,25
2016-08,수입,인피니티,QX50,25
2016-08,수입,시트로엥,Grand C4 Picasso,24
2016-08,수입,폭스바겐,CC,23
2016-08,수입,벤츠,AMG GT,21
2016-08,수입,벤츠,G-Class,21
2016-08,수입,시트로엥,C4 Cactus,21
2016-08,수입,피아트,500C,19
2016-08,수입,링컨,MKC,18
2016-08,수입,재규어,XJ,18
2016-08,수입,볼보,V40 Cross Country,17
2016-08,수입,볼보,V60,17
2016-08,수입,푸조,208,17
2016-08,수입,렉서스,GS,16
2016-08,수입,아우디,A4,16
2016-08,수입,피아트,500X,16
2016-08,수입,닛산,Pathfinder,15
2016-08,수입,BMW,i3,14
2016-08,수입,렉서스,IS,14
2016-08,수입,아우디,A8,14
2016-08,수입,캐딜락,ATS,14
2016-08,수입,재규어,F-Type,13
2016-08,수입,토요타,Prius V,11
2016-08,수입,렉서스,LS,10
2016-08,수입,벤츠,SL-Class,10
2016-08,국산,현대,LF쏘나타 PHEV,9
2016-08,수입,닛산,Leaf,9
2016-08,수입,토요타,Avalon,9
2016-08,국산,쉐보레,카마로 SS,6
2016-08,수입,BMW,i8,6
2016-08,수입,볼보,S80,6
2016-08,수입,포드,Focus,6
2016-08,수입,BMW,Z4,5
2016-08,국산,기아,K3 쿱,4
2016-08,수입,시트로엥,DS3,4
2016-08,수입,시트로엥,DS5,4
2016-08,수입,렉서스,RC,3
2016-08,수입,인피니티,QX60,3
2016-08,수입,혼다,Odyssey,3
2016-08,국산,쉐보레,볼트,2
2016-08,수입,닛산,370Z,2
2016-08,수입,람보르기니,Huracan,2
2016-08,수입,롤스로이스,Ghost Series II,2
2016-08,수입,시트로엥,C4 Picasso,2
2016-08,수입,아우디,A3,2
2016-08,수입,인피니티,QX70,2
2016-08,수입,인피니티,QX80,2
2016-08,수입,BMW,2 Series,1
2016-08,수입,롤스로이스,Dawn,1
2016-08,수입,롤스로이스,Wraith,1
2016-08,수입,벤츠,SLC-Class,1
2016-08,수입,벤츠,SLK-Class,1
2016-08,수입,시트로엥,DS4 Crossback,1
2016-08,수입,아우디,A5,1
2016-08,수입,아우디,R8,1
2016-08,수입,아우디,TT,1
2016-08,수입,크라이슬러,Grand Voyager,1
2016-09,국산,현대,싼타페,7451
2016-09,국산,기아,쏘렌토,6436
2016-09,국산,기아,모닝,5790
2016-09,국산,현대,LF쏘나타,5717
2016-09,국산,쉐보레,더 넥스트 스파크,5654
2016-09,국산,현대,아반떼,5135
2016-09,국산,현대,포터2,4434
2016-09,국산,기아,K7,4257
2016-09,국산,르노코리아,SM6,4217
2016-09,국산,KGM,티볼리,4056
2016-09,국산,기아,카니발,3927
2016-09,국산,쉐보레,올 뉴 말리부,3837
2016-09,국산,현대,투싼(2017),3720
2016-09,국산,기아,스포티지,3658
2016-09,국산,제네시스,G80,3500
2016-09,국산,기아,K5,3088
2016-09,국산,현대,그랜저HG,3050
2016-09,수입,벤츠,E-Class,2781
2016-09,국산,현대,스타렉스,2623
2016-09,국산,기아,봉고 3,2560
2016-09,국산,르노코리아,QM6,2536
2016-09,국산,KGM,코란도 스포츠,2357
2016-09,국산,현대,버스/트럭 (현대),2301
2016-09,국산,기아,K3,2193
2016-09,국산,기아,니로,2054
2016-09,국산,기아,레이,1385
2016-09,수입,BMW,5 Series,1043
2016-09,국산,르노코리아,QM3,1032
2016-09,국산,제네시스,EQ900,976
2016-09,국산,기아,모하비,890
2016-09,국산,쉐보레,올란도,889
2016-09,국산,쉐보레,트랙스,870
2016-09,수입,벤츠,C-Class,851
2016-09,국산,기아,버스/특수/쏘울EV,842
2016-09,수입,렉서스,ES,793
2016-09,국산,쉐보레,어메이징 뉴 크루즈,762
2016-09,국산,현대,엑센트,687
2016-09,국산,KGM,뉴 코란도 C,609
2016-09,수입,BMW,3 Series,598
2016-09,국산,쉐보레,임팔라,593
2016-09,국산,르노코리아,SM3 네오,558
2016-09,국산,현대,맥스크루즈,558
2016-09,국산,르노코리아,SM7 노바,511
2016-09,국산,KGM,코란도 투리스모,482
2016-09,국산,KGM,렉스턴 W,451
2016-09,국산,쉐보레,라보,410
2016-09,국산,쉐보레,다마스,384
2016-09,국산,현대,LF쏘나타 HEV,379
2016-09,수입,벤츠,S-Class,367
2016-09,수입,BMW,7 Series,362
2016-09,수입,벤츠,GLC-Class,359
2016-09,수입,미니,Hatch,328
2016-09,수입,랜드로버,Discovery Sport,314
2016-09,수입,혼다,Accord,301
2016-09,수입,아우디,A6,294
2016-09,수입,토요타,Camry,287
2016-09,국산,르노코리아,SM5 노바,274
2016-09,국산,기아,카렌스,266
2016-09,수입,닛산,Altima,252
2016-09,국산,쉐보레,캡티바,245
2016-09,수입,인피니티,Q50,244
2016-09,수입,포드,Explorer,236
2016-09,수입,미니,Clubman,233
2016-09,국산,현대,아이오닉 hybrid,228
2016-09,국산,기아,K5 하이브리드,227
2016-09,국산,기아,프라이드,224
2016-09,국산,현대,그랜저HG HEV,218
2016-09,수입,랜드로버,Discovery 4,214
2016-09,수입,랜드로버,Range Rover Evoque,203
2016-09,수입,BMW,1 Series,190
2016-09,수입,토요타,Prius,190
2016-09,수입,벤츠,GLE-Class,180
2016-09,수입,푸조,2008,172
2016-09,수입,혼다,CR-V,164
2016-09,국산,현대,아이오닉 electric,156
2016-09,국산,기아,쏘울,155
2016-09,국산,기아,K9,154
2016-09,수입,벤츠,A-Class,153
2016-09,수입,BMW,X5,150
2016-09,수입,지프,Renegade,146
2016-09,수입,폭스바겐,Touareg,145
2016-09,국산,현대,i30,142
2016-09,수입,렉서스,NX,139
2016-09,국산,쉐보레,아베오,138
2016-09,수입,링컨,MKZ,138
2016-09,수입,지프,Wrangler,137
2016-09,수입,지프,Cherokee,136
2016-09,국산,쉐보레,카마로 SS,134
2016-09,수입,시트로엥,C4 Cactus,134
2016-09,국산,쉐보레,말리부,133
2016-09,수입,랜드로버,Range Rover Sport,133
2016-09,수입,포드,Kuga,132
2016-09,수입,볼보,XC90,130
2016-09,수입,포드,Mondeo,126
2016-09,수입,벤츠,GLA-Class,124
2016-09,수입,BMW,4 Series,121
2016-09,수입,재규어,XF,120
2016-09,수입,재규어,XE,115
2016-09,수입,BMW,X6,111
2016-09,수입,재규어,F-Pace,111
2016-09,수입,포드,Mustang,111
2016-09,수입,포르쉐,718 Boxster,105
2016-09,수입,토요타,RAV4,104
2016-09,수입,포르쉐,Cayenne,99
2016-09,국산,현대,아슬란,98
2016-09,국산,기아,K7 하이브리드,96
2016-09,수입,랜드로버,Range Rover,93
2016-09,수입,벤츠,CLS-Class,93
2016-09,수입,BMW,Gran Turismo,91
2016-09,국산,기아,쏘울 EV,90
2016-09,수입,BMW,X3,90
2016-09,수입,미니,Countryman,89
2016-09,수입,아우디,A7,87
2016-09,수입,볼보,XC60,85
2016-09,국산,현대,i40,84
2016-09,수입,지프,Grand Cherokee,82
2016-09,수입,혼다,HR-V,81
2016-09,수입,볼보,S60,75
2016-09,수입,링컨,MKX,74
2016-09,수입,BMW,2 Series Active Tourer,72
2016-09,수입,아우디,Q7,71
2016-09,수입,포르쉐,Macan,71
2016-09,수입,닛산,Maxima,70
2016-09,국산,르노코리아,QM5 네오,68
2016-09,수입,BMW,X1,68
2016-09,수입,캐딜락,CT6,68
2016-09,수입,BMW,X4,59
2016-09,국산,KGM,체어맨 W,56
2016-09,수입,볼보,V40,53
2016-09,수입,푸조,508,53
2016-09,수입,벤츠,B-class,52
2016-09,수입,렉서스,RX,49
2016-09,수입,캐딜락,CTS,48
2016-09,수입,벤츠,Maybach S-Class,42
2016-09,수입,포드,Taurus,41
2016-09,수입,푸조,308,41
2016-09,수입,닛산,Juke,40
2016-09,수입,링컨,MKS,39
2016-09,수입,폭스바겐,CC,39
2016-09,수입,혼다,Pilot,39
2016-09,수입,재규어,XJ,38
2016-09,수입,토요타,Sienna,38
2016-09,수입,렉서스,CT,37
2016-09,수입,시트로엥,Grand C4 Picasso,34
2016-09,수입,포르쉐,Panamera,33
2016-09,수입,닛산,Murano,32
2016-09,국산,현대,더 뉴 i30,30
2016-09,수입,아우디,Q5,30
2016-09,수입,크라이슬러,300C,30
2016-09,수입,푸조,3008,29
2016-09,수입,BMW,i3,27
2016-09,수입,벤츠,CLA-Class,27
2016-09,국산,르노코리아,SM3 Z.E.,26
2016-09,국산,현대,쏠라티,26
2016-09,수입,BMW,6 Series,26
2016-09,수입,피아트,500,26
2016-09,국산,현대,벨로스터,25
2016-09,수입,미니,Convertible,25
2016-09,수입,피아트,500X,25
2016-09,수입,렉서스,GS,21
2016-09,수입,벤츠,AMG GT,21
2016-09,국산,쉐보레,볼트/스파크,20
2016-09,수입,BMW,M,20
2016-09,수입,벤츠,G-Class,20
2016-09,수입,혼다,Odyssey,20
2016-09,수입,닛산,Pathfinder,19
2016-09,수입,링컨,MKC,19
2016-09,수입,인피니티,Q70,16
2016-09,수입,토요타,86,16
2016-09,수입,렉서스,IS,14
2016-09,수입,토요타,Prius V,14
2016-09,수입,포르쉐,911,14
2016-09,수입,렉서스,LS,11
2016-09,수입,아우디,A8,11
2016-09,국산,현대,LF쏘나타 PHEV,10
2016-09,수입,시트로엥,C4 Picasso,10
2016-09,수입,인피니티,QX50,10
2016-09,수입,지프,Compass,10
2016-09,국산,쉐보레,알페온,9
2016-09,수입,벤츠,SL-Class,9
2016-09,수입,캐딜락,ATS,9
2016-09,수입,포드,Focus,9
2016-09,수입,피아트,500C,9
2016-09,국산,기아,K3 쿱,8
2016-09,수입,볼보,S60 Cross Country,8
2016-09,수입,볼보,V60,8
2016-09,수입,푸조,208,8
2016-09,수입,닛산,Leaf,7
2016-09,수입,볼보,V40 Cross Country,7
2016-09,수입,시트로엥,DS3,7
2016-09,수입,벤츠,SLC-Class,6
2016-09,수입,볼보,V60 Cross Country,5
2016-09,수입,아우디,A3,5
2016-09,수입,아우디,A4,5
2016-09,수입,재규어,F-Type,5
2016-09,수입,토요타,Avalon,4
2016-09,수입,시트로엥,DS5,3
2016-09,수입,BMW,Z4,2
2016-09,수입,닛산,370Z,2
2016-09,수입,렉서스,RC,2
2016-09,수입,롤스로이스,Ghost Series II,2
2016-09,수입,롤스로이스,Wraith,2
2016-09,수입,벤츠,SLK-Class,2
2016-09,수입,볼보,XC70,2
2016-09,수입,아우디,TT,2
2016-09,수입,BMW,i8,1
2016-09,수입,시트로엥,DS4 Crossback,1
2016-09,수입,아우디,A5,1
2016-09,수입,크라이슬러,Grand Voyager,1
2016-10,국산,현대,아반떼,7943
2016-10,국산,현대,포터2,6679
2016-10,국산,기아,쏘렌토,6525
2016-10,국산,쉐보레,더 넥스트 스파크,6412
2016-10,국산,기아,모닝,5742
2016-10,국산,KGM,티볼리,5441
2016-10,국산,기아,카니발,5344
2016-10,국산,현대,LF쏘나타,5179
2016-10,국산,르노코리아,SM6,5091
2016-10,국산,제네시스,G80,4876
2016-10,국산,쉐보레,올 뉴 말리부,4415
2016-10,국산,르노코리아,QM6,4141
2016-10,국산,현대,투싼(2017),4126
2016-10,국산,기아,스포티지,4064
2016-10,국산,현대,싼타페,4027
2016-10,수입,벤츠,E-Class,3887
2016-10,국산,기아,K7,3879
2016-10,국산,현대,스타렉스,3447
2016-10,국산,현대,그랜저HG,3160
2016-10,수입,BMW,5 Series,2962
2016-10,국산,기아,K5,2936
2016-10,국산,기아,봉고 3,2873
2016-10,국산,현대,버스/트럭/트럭특장/투싼FCEV (현대),2831
2016-10,국산,기아,K3,2770
2016-10,국산,KGM,코란도 스포츠,2355
2016-10,국산,르노코리아,QM3,2104
2016-10,국산,기아,레이,1854
2016-10,국산,기아,니로,1668
2016-10,국산,쉐보레,트랙스,1297
2016-10,국산,쉐보레,어메이징 뉴 크루즈,1118
2016-10,국산,쉐보레,올란도,990
2016-10,국산,제네시스,EQ900,965
2016-10,수입,BMW,3 Series,904
2016-10,수입,벤츠,C-Class,838
2016-10,국산,현대,엑센트,824
2016-10,국산,르노코리아,SM3 네오,782
2016-10,국산,기아,모하비,748
2016-10,국산,쉐보레,다마스,694
2016-10,국산,KGM,뉴 코란도 C,661
2016-10,국산,르노코리아,SM7 노바,635
2016-10,수입,렉서스,ES,634
2016-10,수입,혼다,Accord,607
2016-10,국산,현대,i30,596
2016-10,국산,쉐보레,임팔라,585
2016-10,국산,현대,맥스크루즈,563
2016-10,국산,KGM,코란도 투리스모,466
2016-10,국산,KGM,렉스턴 W,461
2016-10,수입,미니,Hatch,457
2016-10,수입,닛산,Altima,454
2016-10,국산,쉐보레,라보,428
2016-10,국산,현대,LF쏘나타 HEV,419
2016-10,수입,벤츠,S-Class,412
2016-10,국산,르노코리아,SM5 노바,406
2016-10,수입,토요타,Camry,398
2016-10,국산,현대,아이오닉 hybrid,376
2016-10,국산,현대,그랜저HG HEV,367
2016-10,국산,기아,카렌스,366
2016-10,국산,기아,프라이드,356
2016-10,국산,현대,아이오닉 electric,349
2016-10,국산,쉐보레,카마로 SS,308
2016-10,수입,포드,Explorer,308
2016-10,수입,벤츠,GLC-Class,302
2016-10,수입,미니,Clubman,282
2016-10,국산,기아,K5 하이브리드,270
2016-10,수입,벤츠,GLE-Class,266
2016-10,국산,쉐보레,캡티바,260
2016-10,수입,토요타,Prius,252
2016-10,수입,랜드로버,Discovery Sport,242
2016-10,국산,현대,아슬란,240
2016-10,수입,렉서스,NX,235
2016-10,수입,BMW,1 Series,233
2016-10,수입,BMW,X1,218
2016-10,수입,BMW,7 Series,209
2016-10,수입,BMW,Gran Turismo,204
2016-10,국산,쉐보레,더 뉴 아베오,203
2016-10,국산,기아,K9,199
2016-10,수입,벤츠,A-Class,183
2016-10,국산,기아,쏘울,178
2016-10,수입,렉서스,RX,169
2016-10,수입,지프,Renegade,166
2016-10,수입,아우디,A6,164
2016-10,수입,벤츠,CLA-Class,163
2016-10,수입,랜드로버,Range Rover Evoque,157
2016-10,수입,푸조,2008,149
2016-10,수입,랜드로버,Discovery 4,143
2016-10,수입,볼보,XC90,137
2016-10,수입,BMW,4 Series,131
2016-10,수입,아우디,A8,130
2016-10,수입,지프,Cherokee,130
2016-10,수입,포드,Kuga,130
2016-10,수입,지프,Wrangler,128
2016-10,수입,포르쉐,Macan,127
2016-10,수입,BMW,X5,123
2016-10,수입,미니,Countryman,123
2016-10,수입,혼다,Pilot,118
2016-10,국산,기아,쏘울 EV,115
2016-10,수입,벤츠,GLA-Class,114
2016-10,수입,인피니티,QX60,109
2016-10,수입,포드,Mondeo,109
2016-10,수입,토요타,RAV4,105
2016-10,국산,기아,레이EV/버스,104
2016-10,수입,볼보,XC60,99
2016-10,국산,르노코리아,SM3 Z.E.,95
2016-10,수입,랜드로버,Range Rover Sport,93
2016-10,수입,혼다,HR-V,93
2016-10,수입,닛산,Maxima,86
2016-10,수입,재규어,XF,84
2016-10,수입,벤츠,CLS-Class,83
2016-10,수입,지프,Grand Cherokee,83
2016-10,수입,BMW,X6,82
2016-10,수입,재규어,XE,81
2016-10,수입,BMW,X3,75
2016-10,수입,BMW,M,74
2016-10,수입,볼보,S60,74
2016-10,수입,푸조,308,70
2016-10,국산,현대,i40,68
2016-10,수입,링컨,MKS,68
2016-10,수입,BMW,2 Series Active Tourer,67
2016-10,국산,KGM,체어맨 W,66
2016-10,수입,아우디,A7,64
2016-10,수입,포드,Mustang,64
2016-10,수입,링컨,MKX,63
2016-10,수입,시트로엥,C4 Cactus,62
2016-10,수입,랜드로버,Range Rover,61
2016-10,수입,볼보,V40,61
2016-10,수입,포르쉐,Cayenne,60
2016-10,수입,혼다,CR-V,57
2016-10,수입,포드,Taurus,54
2016-10,수입,캐딜락,CT6,53
2016-10,국산,현대,더 뉴 i30,52
2016-10,수입,BMW,X4,52
2016-10,수입,링컨,MKZ,51
2016-10,수입,캐딜락,CTS,51
2016-10,수입,재규어,F-Pace,49
2016-10,수입,BMW,6 Series,48
2016-10,국산,현대,벨로스터,47
2016-10,국산,현대,쏠라티,46
2016-10,수입,벤츠,Maybach S-Class,44
2016-10,수입,인피니티,Q50,43
2016-10,수입,혼다,Odyssey,42
2016-10,수입,렉서스,CT,40
2016-10,수입,푸조,508,38
2016-10,수입,푸조,3008,36
2016-10,수입,피아트,500,35
2016-10,수입,아우디,Q5,34
2016-10,수입,재규어,XJ,33
2016-10,수입,포르쉐,718 Boxster,33
2016-10,국산,기아,K7 하이브리드,32
2016-10,수입,벤츠,B-class,32
2016-10,수입,BMW,i3,31
2016-10,수입,닛산,Juke,31
2016-10,수입,닛산,Pathfinder,30
2016-10,수입,시트로엥,Grand C4 Picasso,30
2016-10,수입,폭스바겐,Touareg,30
2016-10,수입,크라이슬러,300C,29
2016-10,수입,링컨,MKC,28
2016-10,수입,벤츠,GLS-Class,27
2016-10,수입,아우디,Q7,27
2016-10,수입,지프,Compass,27
2016-10,수입,미니,Convertible,25
2016-10,수입,피아트,500X,24
2016-10,수입,렉서스,GS,23
2016-10,수입,렉서스,LS,22
2016-10,수입,아우디,A4,22
2016-10,수입,인피니티,Q70,22
2016-10,수입,벤츠,AMG GT,19
2016-10,수입,토요타,Prius V,19
2016-10,수입,아우디,A3,17
2016-10,국산,쉐보레,말리부,13
2016-10,수입,볼보,V40 Cross Country,13
2016-10,수입,볼보,V60,13
2016-10,수입,시트로엥,C4 Picasso,12
2016-10,수입,포르쉐,Panamera,12
2016-10,국산,기아,K3 쿱,11
2016-10,수입,닛산,Murano,11
2016-10,수입,렉서스,IS,11
2016-10,수입,시트로엥,DS3,11
2016-10,수입,인피니티,QX50,11
2016-10,수입,푸조,208,11
2016-10,수입,벤츠,G-Class,10
2016-10,수입,볼보,V60 Cross Country,10
2016-10,수입,닛산,Leaf,9
2016-10,수입,아우디,A5,9
2016-10,수입,포르쉐,911,9
2016-10,수입,피아트,500C,9
2016-10,수입,벤츠,SLC-Class,8
2016-10,수입,캐딜락,ATS,8
2016-10,국산,쉐보레,볼트,7
2016-10,수입,벤츠,SL-Class,7
2016-10,수입,토요타,Avalon,7
2016-10,국산,쉐보레,알페온,6
2016-10,국산,현대,LF쏘나타 PHEV,6
2016-10,수입,재규어,F-Type,6
2016-10,수입,벤츠,SLK-Class,5
2016-10,수입,아우디,R8,5
2016-10,수입,토요타,86,4
2016-10,수입,토요타,Sienna,4
2016-10,수입,아우디,TT,3
2016-10,수입,캐딜락,XT5,3
2016-10,수입,BMW,i8,2
2016-10,수입,닛산,370Z,2
2016-10,수입,롤스로이스,Ghost Series II,2
2016-10,수입,시트로엥,DS4 Crossback,2
2016-10,수입,롤스로이스,Wraith,1
2016-10,수입,볼보,S60 Cross Country,1
2016-10,수입,시트로엥,DS5,1
2016-10,수입,인피니티,QX80,1
2016-10,수입,크라이슬러,Grand Voyager,1
2016-10,수입,포르쉐,Cayman,1
2016-11,국산,기아,모닝,9256
2016-11,국산,현대,포터2,8862
2016-11,국산,현대,아반떼,7752
2016-11,국산,기아,카니발,7178
2016-11,국산,쉐보레,더 넥스트 스파크,6534
2016-11,국산,기아,쏘렌토,6363
2016-11,국산,현대,LF쏘나타,5581
2016-11,국산,현대,싼타페,5464
2016-11,국산,르노코리아,SM6,5300
2016-11,국산,기아,봉고 3,5133
2016-11,국산,KGM,티볼리,5090
2016-11,국산,제네시스,G80,5051
2016-11,국산,현대,그랜저,4606
2016-11,국산,현대,스타렉스,4289
2016-11,국산,현대,투싼(2017),4227
2016-11,국산,쉐보레,올 뉴 말리부,4148
2016-11,국산,기아,스포티지,3968
2016-11,국산,르노코리아,QM6,3859
2016-11,국산,기아,K7,3633
2016-11,국산,현대,그랜저HG,3145
2016-11,국산,기아,K5,3099
2016-11,국산,기아,K3,3042
2016-11,수입,벤츠,E-Class,3041
2016-11,국산,현대,버스/트럭/트럭특장/투싼FCEV (현대),2883
2016-11,국산,KGM,코란도 스포츠,2557
2016-11,국산,쉐보레,트랙스,2505
2016-11,수입,BMW,5 Series,2380
2016-11,국산,기아,모하비,2066
2016-11,국산,르노코리아,QM3,1934
2016-11,국산,기아,레이,1691
2016-11,국산,기아,니로,1616
2016-11,수입,BMW,3 Series,1119
2016-11,국산,현대,아이오닉 electric,1085
2016-11,국산,쉐보레,어메이징 뉴 크루즈,962
2016-11,수입,벤츠,C-Class,925
2016-11,국산,제네시스,EQ900,911
2016-11,국산,쉐보레,올란도,880
2016-11,국산,KGM,뉴 코란도 C,834
2016-11,수입,렉서스,ES,696
2016-11,국산,현대,엑센트,684
2016-11,국산,쉐보레,다마스,566
2016-11,국산,르노코리아,SM3 네오,563
2016-11,국산,현대,맥스크루즈,500
2016-11,국산,KGM,렉스턴 W,476
2016-11,국산,르노코리아,SM7 노바,465
2016-11,국산,쉐보레,라보,463
2016-11,국산,쉐보레,임팔라,459
2016-11,국산,KGM,코란도 투리스모,451
2016-11,수입,벤츠,S-Class,446
2016-11,국산,기아,K7 하이브리드,439
2016-11,국산,현대,i30,434
2016-11,수입,닛산,Altima,388
2016-11,수입,BMW,7 Series,383
2016-11,수입,토요타,Camry,372
2016-11,수입,벤츠,GLE-Class,359
2016-11,국산,기아,프라이드,343
2016-11,국산,르노코리아,SM5 노바,341
2016-11,국산,현대,아이오닉 hybrid,340
2016-11,국산,현대,LF쏘나타 HEV,320
2016-11,수입,혼다,Accord,309
2016-11,국산,기아,카렌스,307
2016-11,국산,쉐보레,캡티바,305
2016-11,수입,BMW,1 Series,290
2016-11,수입,미니,Hatch,290
2016-11,수입,미니,Clubman,284
2016-11,수입,랜드로버,Discovery Sport,280
2016-11,수입,포드,Explorer,257
2016-11,국산,쉐보레,더 뉴 아베오,247
2016-11,수입,BMW,X1,235
2016-11,수입,토요타,Prius,235
2016-11,국산,현대,그랜저HG HEV,233
2016-11,국산,기아,K5 하이브리드,227
2016-11,수입,벤츠,GLC-Class,222
2016-11,수입,렉서스,NX,213
2016-11,수입,BMW,4 Series,209
2016-11,수입,미니,Countryman,184
2016-11,국산,기아,K9,182
2016-11,수입,벤츠,A-Class,179
2016-11,수입,랜드로버,Range Rover Evoque,171
2016-11,수입,포드,Mondeo,168
2016-11,수입,아우디,A8,164
2016-11,수입,랜드로버,Discovery 4,158
2016-11,수입,BMW,Gran Turismo,156
2016-11,국산,쉐보레,카마로 SS,149
2016-11,수입,푸조,2008,146
2016-11,수입,렉서스,RX,144
2016-11,수입,볼보,XC90,137
2016-11,수입,포드,Kuga,137
2016-11,수입,벤츠,GLA-Class,136
2016-11,국산,현대,아슬란,134
2016-11,수입,지프,Grand Cherokee,131
2016-11,수입,벤츠,CLA-Class,130
2016-11,수입,지프,Renegade,129
2016-11,수입,지프,Cherokee,128
2016-11,국산,기아,쏘울,127
2016-11,국산,기아,버스,125
2016-11,수입,지프,Wrangler,124
2016-11,수입,아우디,A7,119
2016-11,수입,BMW,i3,109
2016-11,수입,아우디,A6,107
2016-11,수입,BMW,X5,106
2016-11,수입,혼다,Pilot,106
2016-11,국산,기아,쏘울 EV,103
2016-11,국산,르노코리아,SM3 Z.E.,103
2016-11,수입,랜드로버,Range Rover Sport,99
2016-11,수입,볼보,S60,99
2016-11,수입,볼보,XC60,99
2016-11,수입,인피니티,Q50,98
2016-11,수입,재규어,XF,94
2016-11,수입,토요타,RAV4,93
2016-11,수입,재규어,F-Pace,91
2016-11,수입,포르쉐,Macan,90
2016-11,수입,링컨,MKX,89
2016-11,수입,벤츠,GLS-Class,87
2016-11,수입,재규어,XE,79
2016-11,수입,포르쉐,Cayenne,78
2016-11,수입,BMW,2 Series Active Tourer,77
2016-11,수입,닛산,Maxima,77
2016-11,수입,닛산,Juke,75
2016-11,수입,BMW,X3,70
2016-11,수입,BMW,X6,69
2016-11,수입,혼다,HR-V,69
2016-11,국산,KGM,체어맨 W,67
2016-11,수입,시트로엥,C4 Cactus,66
2016-11,수입,푸조,508,64
2016-11,수입,랜드로버,Range Rover,63
2016-11,수입,BMW,X4,56
2016-11,수입,링컨,MKS,52
2016-11,수입,캐딜락,CT6,52
2016-11,수입,렉서스,CT,51
2016-11,수입,벤츠,B-class,51
2016-11,수입,벤츠,CLS-Class,50
2016-11,수입,포드,Taurus,50
2016-11,수입,지프,Compass,48
2016-11,수입,BMW,M,46
2016-11,수입,아우디,Q5,46
2016-11,수입,벤츠,Maybach S-Class,44
2016-11,수입,푸조,308,42
2016-11,수입,혼다,Odyssey,42
2016-11,수입,링컨,MKZ,40
2016-11,수입,볼보,S90,40
2016-11,수입,볼보,V40,40
2016-11,수입,크라이슬러,300C,40
2016-11,수입,캐딜락,CTS,38
2016-11,수입,미니,Convertible,34
2016-11,국산,현대,i40,33
2016-11,국산,현대,벨로스터,33
2016-11,수입,BMW,6 Series,33
2016-11,수입,렉서스,IS,33
2016-11,수입,벤츠,AMG GT,33
2016-11,수입,포드,Mustang,33
2016-11,국산,현대,쏠라티,30
2016-11,국산,현대,더 뉴 i30,29
2016-11,수입,인피니티,Q70,29
2016-11,수입,볼보,V40 Cross Country,27
2016-11,수입,재규어,XJ,24
2016-11,수입,인피니티,QX60,23
2016-11,수입,캐딜락,XT5,21
2016-11,수입,볼보,V60 Cross Country,20
2016-11,수입,닛산,Leaf,19
2016-11,수입,링컨,MKC,19
2016-11,수입,시트로엥,Grand C4 Picasso,19
2016-11,수입,닛산,Murano,17
2016-11,수입,닛산,Pathfinder,17
2016-11,수입,피아트,500,17
2016-11,수입,피아트,500X,17
2016-11,수입,렉서스,GS,16
2016-11,수입,푸조,208,15
2016-11,수입,아우디,Q7,14
2016-11,수입,캐딜락,ATS,14
2016-11,수입,포르쉐,Panamera,12
2016-11,수입,피아트,500C,12
2016-11,수입,렉서스,LS,11
2016-11,수입,벤츠,SLC-Class,11
2016-11,수입,인피니티,QX50,11
2016-11,수입,토요타,Prius V,11
2016-11,국산,쉐보레,볼트,10
2016-11,수입,링컨,Continental,8
2016-11,수입,볼보,V60,8
2016-11,수입,토요타,Avalon,8
2016-11,국산,쉐보레,알페온,7
2016-11,수입,시트로엥,C4 Picasso,7
2016-11,국산,현대,LF쏘나타 PHEV,6
2016-11,수입,아우디,A4,6
2016-11,수입,재규어,F-Type,6
2016-11,국산,기아,K3 쿱,5
2016-11,수입,벤츠,G-Class,5
2016-11,수입,토요타,86,5
2016-11,수입,인피니티,QX70,4
2016-11,국산,기아,레이 EV,3
2016-11,수입,렉서스,RC,3
2016-11,수입,벤츠,SL-Class,3
2016-11,수입,시트로엥,DS3,3
2016-11,수입,시트로엥,DS5,3
2016-11,수입,아우디,R8,3
2016-11,수입,아우디,A5,2
2016-11,수입,아우디,TT,2
2016-11,수입,푸조,3008,2
2016-11,수입,혼다,CR-V,2
2016-11,국산,쉐보레,말리부,1
2016-11,수입,BMW,Z4,1
2016-11,수입,BMW,i8,1
2016-11,수입,닛산,370Z,1
2016-11,수입,롤스로이스,Ghost Series II,1
2016-11,수입,롤스로이스,Phantom,1
2016-11,수입,롤스로이스,Wraith,1
2016-11,수입,볼보,S60 Cross Country,1
2016-11,수입,시트로엥,DS4 Crossback,1
2016-11,수입,인피니티,QX80,1
2016-11,수입,크라이슬러,Grand Voyager,1
2016-11,수입,포르쉐,911,1
2016-12,국산,현대,그랜저,13833
2016-12,국산,현대,포터2,9973
2016-12,국산,현대,싼타페,8518
2016-12,국산,기아,모닝,8208
2016-12,국산,현대,아반떼,7799
2016-12,국산,기아,쏘렌토,7292
2016-12,국산,쉐보레,더 넥스트 스파크,7077
2016-12,국산,르노코리아,SM6,6574
2016-12,국산,현대,LF쏘나타,6318
2016-12,국산,기아,카니발,5781
2016-12,국산,KGM,티볼리,5613
2016-12,국산,현대,투싼(2017),5485
2016-12,국산,기아,봉고 3,5284
2016-12,국산,기아,K7,5274
2016-12,국산,제네시스,G80,4243
2016-12,국산,쉐보레,올 뉴 말리부,4149
2016-12,국산,현대,스타렉스,3984
2016-12,국산,기아,스포티지,3803
2016-12,국산,르노코리아,QM6,3590
2016-12,국산,기아,K3,3535
2016-12,국산,기아,K5,3067
2016-12,수입,벤츠,E-Class,3063
2016-12,국산,KGM,코란도 스포츠,2709
2016-12,국산,현대,그랜저HG,2697
2016-12,국산,현대,버스/트럭/트럭특장/투싼FCEV (현대),2659
2016-12,국산,쉐보레,트랙스,2603
2016-12,국산,르노코리아,QM3,1996
2016-12,국산,기아,모하비,1803
2016-12,국산,기아,니로,1629
2016-12,수입,BMW,5 Series,1520
2016-12,국산,기아,레이,1460
2016-12,국산,쉐보레,올란도,1289
2016-12,국산,현대,아이오닉 electric,1184
2016-12,국산,쉐보레,어메이징 뉴 크루즈,1153
2016-12,수입,BMW,3 Series,1153
2016-12,국산,제네시스,EQ900,1052
2016-12,국산,현대,맥스크루즈,1017
2016-12,국산,KGM,뉴 코란도 C,981
2016-12,수입,벤츠,C-Class,953
2016-12,국산,현대,LF쏘나타 HEV,930
2016-12,수입,렉서스,ES,898
2016-12,국산,기아,K7 하이브리드,890
2016-12,국산,KGM,렉스턴 W,744
2016-12,국산,르노코리아,SM3 네오,742
2016-12,수입,BMW,1 Series,740
2016-12,국산,현대,그랜저HG HEV,717
2016-12,수입,BMW,7 Series,692
2016-12,국산,르노코리아,SM7 노바,637
2016-12,국산,KGM,코란도 투리스모,553
2016-12,국산,현대,엑센트,537
2016-12,국산,쉐보레,라보,508
2016-12,국산,현대,아슬란,508
2016-12,국산,쉐보레,임팔라,507
2016-12,국산,쉐보레,다마스,483
2016-12,국산,현대,아이오닉 hybrid,483
2016-12,수입,토요타,Camry,449
2016-12,국산,르노코리아,SM5 노바,435
2016-12,수입,포드,Explorer,408
2016-12,수입,닛산,Altima,384
2016-12,수입,벤츠,S-Class,380
2016-12,수입,랜드로버,Discovery Sport,377
2016-12,국산,기아,프라이드,361
2016-12,국산,기아,카렌스,360
2016-12,수입,미니,Hatch,335
2016-12,수입,벤츠,GLE-Class,330
2016-12,국산,기아,K5 하이브리드,324
2016-12,수입,렉서스,NX,302
2016-12,수입,BMW,X1,292
2016-12,수입,혼다,Accord,275
2016-12,국산,쉐보레,캡티바,267
2016-12,수입,토요타,Prius,264
2016-12,수입,BMW,X5,245
2016-12,수입,BMW,4 Series,239
2016-12,수입,벤츠,GLC-Class,234
2016-12,수입,랜드로버,Range Rover Evoque,210
2016-12,국산,기아,K9,209
2016-12,수입,재규어,XF,207
2016-12,국산,쉐보레,더 뉴 아베오,199
2016-12,수입,벤츠,A-Class,196
2016-12,수입,BMW,Gran Turismo,188
2016-12,수입,지프,Renegade,182
2016-12,수입,벤츠,CLA-Class,179
2016-12,수입,지프,Cherokee,175
2016-12,수입,랜드로버,Range Rover Sport,167
2016-12,국산,기아,버스,166
2016-12,수입,BMW,2 Series Active Tourer,165
2016-12,수입,지프,Grand Cherokee,154
2016-12,수입,포드,Mondeo,145
2016-12,수입,미니,Countryman,143
2016-12,수입,재규어,XE,134
2016-12,수입,BMW,X6,132
2016-12,수입,볼보,S60,129
2016-12,수입,렉서스,RX,128
2016-12,수입,랜드로버,Discovery 4,127
2016-12,수입,BMW,X3,125
2016-12,수입,볼보,XC90,121
2016-12,수입,아우디,A7,119
2016-12,수입,지프,Wrangler,118
2016-12,국산,기아,쏘울,116
2016-12,수입,재규어,F-Pace,116
2016-12,수입,미니,Clubman,114
2016-12,수입,혼다,HR-V,107
2016-12,수입,BMW,X4,103
2016-12,수입,포드,Taurus,103
2016-12,수입,BMW,i3,102
2016-12,국산,KGM,체어맨 W,100
2016-12,수입,볼보,XC60,95
2016-12,수입,토요타,RAV4,94
2016-12,국산,르노코리아,SM3 Z.E.,90
2016-12,수입,BMW,M,90
2016-12,수입,인피니티,Q50,89
2016-12,수입,벤츠,CLS-Class,88
2016-12,수입,혼다,Pilot,85
2016-12,수입,랜드로버,Range Rover,81
2016-12,국산,현대,더 뉴 i30,79
2016-12,수입,시트로엥,Grand C4 Picasso,77
2016-12,수입,아우디,A8,77
2016-12,수입,푸조,2008,74
2016-12,수입,닛산,Maxima,71
2016-12,수입,시트로엥,C4 Cactus,71
2016-12,수입,링컨,Continental,68
2016-12,국산,현대,i40,64
2016-12,수입,캐딜락,CT6,64
2016-12,국산,쉐보레,카마로 SS,62
2016-12,수입,푸조,308,56
2016-12,수입,닛산,Juke,54
2016-12,수입,렉서스,CT,52
2016-12,수입,벤츠,GLS-Class,50
2016-12,수입,포르쉐,Cayenne,50
2016-12,수입,푸조,508,47
2016-12,수입,크라이슬러,300C,46
2016-12,수입,링컨,MKZ,42
2016-12,수입,BMW,6 Series,41
2016-12,수입,링컨,MKX,41
2016-12,수입,볼보,V40,41
2016-12,수입,재규어,XJ,40
2016-12,수입,캐딜락,XT5,39
2016-12,수입,벤츠,B-class,37
2016-12,수입,벤츠,GLA-Class,37
2016-12,수입,벤츠,Maybach S-Class,37
2016-12,수입,지프,Compass,36
2016-12,수입,푸조,208,35
2016-12,국산,기아,쏘울 EV,34
2016-12,수입,포드,Mustang,33
2016-12,국산,현대,쏠라티,32
2016-12,수입,볼보,S90,31
2016-12,수입,인피니티,Q70,29
2016-12,수입,인피니티,QX60,29
2016-12,수입,피아트,500,29
2016-12,수입,포드,Kuga,28
2016-12,수입,아우디,A6,27
2016-12,수입,피아트,500X,26
2016-12,국산,현대,벨로스터,25
2016-12,수입,포르쉐,911,23
2016-12,수입,링컨,MKC,22
2016-12,수입,벤츠,AMG GT,22
2016-12,수입,포르쉐,718 Boxster,21
2016-12,수입,링컨,MKS,19
2016-12,수입,볼보,V60,19
2016-12,수입,토요타,Prius V,17
2016-12,수입,볼보,V60 Cross Country,16
2016-12,국산,현대,i30,15
2016-12,수입,캐딜락,CTS,15
2016-12,수입,피아트,500C,15
2016-12,국산,르노코리아,트위지,14
2016-12,수입,렉서스,GS,14
2016-12,수입,렉서스,IS,14
2016-12,수입,볼보,V40 Cross Country,14
2016-12,수입,혼다,Odyssey,14
2016-12,수입,렉서스,LS,13
2016-12,수입,캐딜락,ATS,13
2016-12,수입,미니,Convertible,12
2016-12,수입,시트로엥,DS3,12
2016-12,수입,인피니티,QX50,11
2016-12,국산,현대,LF쏘나타 PHEV,9
2016-12,수입,벤츠,SLC-Class,9
2016-12,수입,재규어,F-Type,9
2016-12,수입,토요타,Sienna,9
2016-12,수입,아우디,Q5,8
2016-12,국산,쉐보레,알페온,7
2016-12,수입,닛산,Pathfinder,7
2016-12,수입,람보르기니,Huracan,7
2016-12,수입,포르쉐,Macan,7
2016-12,수입,BMW,i8,6
2016-12,수입,닛산,Leaf,6
2016-12,수입,시트로엥,DS5,6
2016-12,국산,쉐보레,말리부,5
2016-12,수입,벤츠,G-Class,5
2016-12,수입,시트로엥,C4 Picasso,5
2016-12,국산,기아,K3 쿱,4
2016-12,수입,벤츠,SL-Class,4
2016-12,수입,토요타,Avalon,4
2016-12,국산,쉐보레,볼트,3
2016-12,수입,닛산,Murano,3
2016-12,수입,렉서스,RC,3
2016-12,수입,롤스로이스,Ghost Series II,3
2016-12,수입,토요타,86,3
2016-12,수입,닛산,370Z,2
2016-12,수입,아우디,A4,2
2016-12,수입,아우디,R8,2
2016-12,수입,크라이슬러,Grand Voyager,2
2016-12,수입,푸조,3008,2
2016-12,국산,쉐보레,스파크 EV,1
2016-12,수입,BMW,Z4,1
2016-12,수입,롤스로이스,Phantom,1
2016-12,수입,롤스로이스,Wraith,1
2016-12,수입,벤츠,SLK-Class,1
2016-12,수입,벤틀리,Mulsanne,1
2016-12,수입,아우디,Q7,1
2016-12,수입,혼다,CR-V,1
2017-01,국산,현대,그랜저,9414
2017-01,국산,현대,포터2,7860
2017-01,국산,기아,모닝,5523
2017-01,국산,기아,쏘렌토,5191
2017-01,국산,기아,카니발,5166
2017-01,국산,현대,아반떼,5064
2017-01,국산,기아,봉고 3,4984
2017-01,국산,쉐보레,더 넥스트 스파크,4328
2017-01,국산,KGM,티볼리,3851
2017-01,수입,벤츠,E-Class,3776
2017-01,국산,현대,LF쏘나타,3769
2017-01,국산,제네시스,G80,3569
2017-01,국산,쉐보레,올 뉴 말리부,3565
2017-01,국산,르노코리아,SM6,3529
2017-01,국산,현대,스타렉스,3396
2017-01,국산,현대,싼타페,3185
2017-01,국산,기아,K7,3107
2017-01,국산,현대,투싼(2017),2786
2017-01,국산,기아,스포티지,2457
2017-01,국산,르노코리아,QM6,2439
2017-01,국산,현대,투싼ix FCEV/버스/트럭 (현대),2241
2017-01,국산,기아,K5,1859
2017-01,국산,KGM,코란도 스포츠,1850
2017-01,국산,기아,K3,1733
2017-01,국산,쉐보레,트랙스,1436
2017-01,국산,기아,모하비,1425
2017-01,국산,기아,레이,1091
2017-01,수입,벤츠,C-Class,1070
2017-01,국산,기아,니로,973
2017-01,국산,현대,그랜저HG,961
2017-01,국산,쉐보레,올란도,709
2017-01,국산,현대,맥스크루즈,678
2017-01,국산,KGM,코란도 C,669
2017-01,국산,기아,K7 하이브리드,636
2017-01,국산,제네시스,EQ900,626
2017-01,수입,BMW,3 Series,614
2017-01,수입,벤츠,S-Class,606
2017-01,수입,포드,Explorer,555
2017-01,수입,혼다,Accord,535
2017-01,국산,르노코리아,SM7 노바,473
2017-01,수입,벤츠,GLE-Class,468
2017-01,수입,렉서스,ES,461
2017-01,국산,르노코리아,SM3 네오,440
2017-01,국산,현대,엑센트,388
2017-01,국산,쉐보레,임팔라,383
2017-01,수입,토요타,Camry,367
2017-01,수입,닛산,Altima,358
2017-01,국산,르노코리아,SM5 노바,327
2017-01,국산,쉐보레,다마스,322
2017-01,수입,미니,Hatch,308
2017-01,국산,KGM,코란도 투리스모,303
2017-01,국산,쉐보레,라보,293
2017-01,국산,KGM,렉스턴 W,279
2017-01,국산,현대,아이오닉 hybrid,270
2017-01,수입,BMW,7 Series,267
2017-01,국산,현대,아이오닉 electric,255
2017-01,수입,랜드로버,Discovery Sport,254
2017-01,수입,BMW,5 Series,253
2017-01,수입,벤츠,GLA-Class,232
2017-01,국산,현대,LF쏘나타 HEV,224
2017-01,수입,BMW,X5,224
2017-01,국산,쉐보레,어메이징 뉴 크루즈,217
2017-01,국산,현대,그랜저HG HEV,211
2017-01,수입,아우디,A7,209
2017-01,국산,르노코리아,QM3,192
2017-01,수입,벤츠,A-Class,192
2017-01,수입,아우디,A6,183
2017-01,수입,토요타,Sienna,183
2017-01,국산,기아,프라이드,179
2017-01,수입,BMW,X3,179
2017-01,국산,쉐보레,캡티바,178
2017-01,수입,토요타,Prius,176
2017-01,국산,기아,K9,164
2017-01,수입,BMW,4 Series,164
2017-01,국산,기아,카렌스,159
2017-01,수입,BMW,Gran Turismo,158
2017-01,수입,벤츠,GLC-Class,158
2017-01,수입,미니,Clubman,152
2017-01,수입,BMW,X6,147
2017-01,국산,기아,K5 하이브리드,145
2017-01,수입,토요타,RAV4,137
2017-01,국산,쉐보레,더 뉴 아베오,133
2017-01,수입,벤츠,CLA-Class,130
2017-01,수입,지프,Cherokee,127
2017-01,수입,볼보,XC90,125
2017-01,수입,지프,Renegade,125
2017-01,수입,BMW,X4,123
2017-01,수입,포르쉐,Cayenne,120
2017-01,수입,랜드로버,Range Rover Evoque,119
2017-01,수입,혼다,Pilot,119
2017-01,수입,렉서스,NX,110
2017-01,수입,지프,Grand Cherokee,109
2017-01,수입,링컨,Continental,108
2017-01,국산,기아,버스 (기아),104
2017-01,수입,BMW,1 Series,103
2017-01,수입,볼보,S90,100
2017-01,수입,닛산,Maxima,93
2017-01,수입,링컨,MKZ,93
2017-01,수입,랜드로버,Range Rover Sport,88
2017-01,수입,재규어,XF,83
2017-01,수입,포드,Mondeo,83
2017-01,수입,인피니티,Q50,78
2017-01,수입,렉서스,RX,76
2017-01,수입,볼보,S60,76
2017-01,수입,지프,Wrangler,75
2017-01,수입,포르쉐,911,73
2017-01,국산,기아,쏘울,72
2017-01,수입,푸조,2008,72
2017-01,국산,현대,i30,71
2017-01,수입,재규어,XE,71
2017-01,수입,랜드로버,Discovery 4,69
2017-01,수입,미니,Countryman,66
2017-01,수입,랜드로버,Range Rover,65
2017-01,수입,푸조,308,65
2017-01,수입,볼보,XC60,64
2017-01,국산,KGM,체어맨 W,63
2017-01,수입,벤츠,CLS-Class,62
2017-01,국산,쉐보레,카마로 SS,60
2017-01,수입,재규어,F-Pace,60
2017-01,수입,BMW,2 Series Active Tourer,59
2017-01,수입,아우디,A4,59
2017-01,국산,현대,아슬란,57
2017-01,수입,포드,Taurus,55
2017-01,수입,포르쉐,718 Boxster,55
2017-01,수입,BMW,X1,54
2017-01,수입,벤츠,GLS-Class,47
2017-01,수입,벤츠,Maybach S-Class,47
2017-01,국산,현대,쏠라티,45
2017-01,수입,볼보,V40,42
2017-01,수입,시트로엥,C4 Cactus,42
2017-01,수입,닛산,Juke,40
2017-01,국산,르노코리아,SM3 Z.E.,39
2017-01,수입,피아트,500X,39
2017-01,수입,캐딜락,CT6,38
2017-01,국산,기아,쏘울 EV,37
2017-01,수입,포드,Mustang,37
2017-01,수입,BMW,M,34
2017-01,수입,렉서스,CT,34
2017-01,수입,크라이슬러,300C,33
2017-01,수입,인피니티,Q70,32
2017-01,수입,포드,Kuga,32
2017-01,수입,벤츠,B-class,31
2017-01,수입,지프,Compass,31
2017-01,수입,링컨,MKC,30
2017-01,수입,링컨,MKX,29
2017-01,수입,혼다,HR-V,29
2017-01,수입,BMW,6 Series,27
2017-01,수입,닛산,Leaf,26
2017-01,수입,캐딜락,XT5,26
2017-01,수입,포르쉐,Macan,25
2017-01,수입,렉서스,IS,23
2017-01,수입,시트로엥,Grand C4 Picasso,22
2017-01,수입,푸조,208,22
2017-01,수입,아우디,Q5,19
2017-01,수입,재규어,XJ,16
2017-01,수입,토요타,Prius V,16
2017-01,국산,쉐보레,올 뉴 크루즈,15
2017-01,수입,미니,Convertible,15
2017-01,수입,피아트,500,14
2017-01,국산,현대,더 뉴 i30,13
2017-01,수입,볼보,V60 Cross Country,13
2017-01,수입,인피니티,QX50,12
2017-01,수입,렉서스,LS,11
2017-01,수입,볼보,V40 Cross Country,10
2017-01,수입,캐딜락,CTS,10
2017-01,수입,토요타,86,10
2017-01,수입,렉서스,GS,9
2017-01,수입,벤츠,SLC-Class,9
2017-01,수입,인피니티,QX60,9
2017-01,국산,현대,i40,8
2017-01,수입,BMW,i3,8
2017-01,수입,벤츠,G-Class,8
2017-01,국산,기아,K3 쿱,7
2017-01,수입,벤츠,SL-Class,7
2017-01,수입,캐딜락,ATS,6
2017-01,수입,토요타,Avalon,6
2017-01,국산,현대,벨로스터,5
2017-01,수입,람보르기니,Huracan,5
2017-01,수입,벤츠,AMG GT,5
2017-01,수입,볼보,V60,5
2017-01,수입,시트로엥,DS3,5
2017-01,수입,푸조,508,5
2017-01,국산,쉐보레,알페온,4
2017-01,국산,현대,LF쏘나타 PHEV,4
2017-01,수입,재규어,F-Type,4
2017-01,수입,피아트,500C,4
2017-01,수입,아우디,TT,3
2017-01,수입,롤스로이스,Wraith,2
2017-01,수입,시트로엥,DS5,2
2017-01,국산,르노코리아,트위지,1
2017-01,수입,BMW,i8,1
2017-01,수입,닛산,Pathfinder,1
2017-01,수입,롤스로이스,Ghost Series II,1
2017-01,수입,링컨,MKS,1
2017-01,수입,벤틀리,Mulsanne,1
2017-01,수입,볼보,S60 Cross Country,1
2017-01,수입,시트로엥,DS4 Crossback,1
2017-01,수입,아우디,Q7,1
2017-01,수입,크라이슬러,Grand Voyager,1
2017-01,수입,혼다,Odyssey,1
2017-02,국산,현대,그랜저,9990
2017-02,국산,현대,포터2,7691
2017-02,국산,현대,아반떼,7353
2017-02,국산,기아,모닝,6156
2017-02,국산,현대,싼타페,5997
2017-02,국산,기아,봉고 3,5423
2017-02,국산,기아,카니발,5237
2017-02,국산,기아,쏘렌토,5055
2017-02,국산,KGM,티볼리,4801
2017-02,국산,현대,LF쏘나타,4104
2017-02,국산,쉐보레,더 넥스트 스파크,3950
2017-02,국산,르노코리아,SM6,3900
2017-02,국산,현대,스타렉스,3841
2017-02,국산,기아,K7,3691
2017-02,국산,제네시스,G80,3578
2017-02,국산,쉐보레,올 뉴 말리부,3271
2017-02,국산,현대,투싼(2017),3156
2017-02,수입,벤츠,E-Class,3071
2017-02,국산,기아,스포티지,2923
2017-02,국산,현대,버스/트럭 (현대),2845
2017-02,국산,기아,K5,2552
2017-02,국산,르노코리아,QM6,2513
2017-02,국산,기아,K3,2041
2017-02,국산,KGM,코란도 스포츠,1810
2017-02,국산,쉐보레,트랙스,1740
2017-02,국산,기아,레이,1565
2017-02,국산,기아,모하비,1340
2017-02,국산,기아,니로,1326
2017-02,국산,제네시스,EQ900,1210
2017-02,국산,KGM,코란도 C,801
2017-02,수입,벤츠,C-Class,787
2017-02,국산,현대,그랜저HG,764
2017-02,국산,현대,맥스크루즈,760
2017-02,수입,BMW,5 Series,704
2017-02,국산,기아,K7 하이브리드,697
2017-02,수입,렉서스,ES,654
2017-02,국산,르노코리아,SM7 노바,629
2017-02,국산,쉐보레,올란도,597
2017-02,수입,벤츠,S-Class,594
2017-02,국산,르노코리아,SM3 네오,487
2017-02,국산,쉐보레,라보,472
2017-02,수입,BMW,3 Series,441
2017-02,국산,르노코리아,SM5 노바,416
2017-02,국산,현대,i30,410
2017-02,국산,쉐보레,다마스,407
2017-02,수입,포드,Explorer,403
2017-02,수입,혼다,Accord,383
2017-02,수입,벤츠,GLE-Class,362
2017-02,국산,쉐보레,임팔라,359
2017-02,수입,BMW,4 Series,339
2017-02,수입,미니,Hatch,337
2017-02,국산,현대,LF쏘나타 HEV,331
2017-02,국산,KGM,코란도 투리스모,326
2017-02,수입,닛산,Altima,320
2017-02,수입,랜드로버,Discovery Sport,315
2017-02,국산,현대,아이오닉 electric,304
2017-02,국산,KGM,렉스턴 W,301
2017-02,수입,BMW,X5,286
2017-02,수입,피아트,500X,269
2017-02,국산,기아,프라이드,265
2017-02,국산,현대,엑센트,255
2017-02,수입,토요타,Camry,246
2017-02,수입,BMW,1 Series,244
2017-02,국산,현대,아이오닉 hybrid,241
2017-02,수입,BMW,7 Series,237
2017-02,수입,아우디,A7,232
2017-02,수입,BMW,X3,230
2017-02,수입,토요타,Prius,214
2017-02,수입,푸조,2008,207
2017-02,국산,기아,카렌스,206
2017-02,수입,미니,Clubman,198
2017-02,수입,BMW,X6,197
2017-02,국산,쉐보레,캡티바,190
2017-02,수입,벤츠,GLA-Class,184
2017-02,수입,토요타,RAV4,180
2017-02,국산,기아,K5 하이브리드,174
2017-02,수입,지프,Renegade,168
2017-02,국산,쉐보레,더 뉴 아베오,162
2017-02,국산,현대,그랜저HG HEV,159
2017-02,수입,BMW,Gran Turismo,156
2017-02,수입,랜드로버,Range Rover Sport,151
2017-02,국산,기아,K9,149
2017-02,수입,볼보,S90,147
2017-02,수입,BMW,X4,142
2017-02,국산,기아,버스 (기아),138
2017-02,수입,볼보,XC90,136
2017-02,수입,벤츠,CLA-Class,135
2017-02,수입,랜드로버,Range Rover Evoque,127
2017-02,수입,포르쉐,Cayenne,127
2017-02,수입,벤츠,GLC-Class,118
2017-02,국산,기아,쏘울 EV,116
2017-02,수입,볼보,S60,115
2017-02,수입,지프,Grand Cherokee,110
2017-02,수입,아우디,A6,109
2017-02,수입,재규어,XF,108
2017-02,국산,기아,쏘울,97
2017-02,수입,지프,Cherokee,95
2017-02,수입,BMW,2 Series Active Tourer,91
2017-02,수입,렉서스,NX,89
2017-02,수입,혼다,Pilot,87
2017-02,수입,랜드로버,Discovery 4,86
2017-02,수입,랜드로버,Range Rover,86
2017-02,국산,현대,쏠라티,85
2017-02,수입,인피니티,Q50,83
2017-02,수입,렉서스,RX,82
2017-02,수입,재규어,F-Pace,81
2017-02,수입,볼보,XC60,78
2017-02,수입,토요타,Sienna,74
2017-02,수입,벤츠,CLS-Class,72
2017-02,수입,벤츠,A-Class,71
2017-02,수입,시트로엥,C4 Cactus,71
2017-02,수입,재규어,XE,68
2017-02,국산,KGM,체어맨 W,67
2017-02,수입,닛산,Maxima,63
2017-02,수입,지프,Wrangler,62
2017-02,수입,닛산,Juke,59
2017-02,수입,BMW,M,57
2017-02,국산,르노코리아,SM3 Z.E.,56
2017-02,수입,링컨,MKZ,56
2017-02,수입,포드,Mustang,54
2017-02,수입,볼보,V40,52
2017-02,수입,푸조,308,52
2017-02,수입,포르쉐,911,50
2017-02,수입,BMW,6 Series,48
2017-02,수입,포드,Mondeo,48
2017-02,수입,벤츠,GLS-Class,47
2017-02,국산,쉐보레,카마로 SS,46
2017-02,수입,링컨,Continental,46
2017-02,수입,시트로엥,Grand C4 Picasso,42
2017-02,수입,포드,Taurus,42
2017-02,수입,포르쉐,718 Boxster,40
2017-02,수입,캐딜락,CT6,38
2017-02,수입,포드,Kuga,36
2017-02,수입,렉서스,CT,34
2017-02,수입,미니,Countryman,31
2017-02,수입,벤츠,Maybach S-Class,30
2017-02,수입,크라이슬러,300C,28
2017-02,국산,쉐보레,볼트,27
2017-02,국산,현대,아슬란,25
2017-02,수입,BMW,X1,24
2017-02,수입,볼보,V60 Cross Country,22
2017-02,수입,인피니티,Q70,21
2017-02,수입,푸조,508,21
2017-02,수입,벤츠,B-class,20
2017-02,수입,인피니티,QX50,20
2017-02,수입,혼다,HR-V,20
2017-02,수입,푸조,208,19
2017-02,수입,벤츠,G-Class,18
2017-02,수입,벤츠,SLC-Class,18
2017-02,수입,미니,Convertible,16
2017-02,수입,재규어,XJ,16
2017-02,수입,캐딜락,XT5,16
2017-02,수입,아우디,A4,15
2017-02,수입,지프,Compass,15
2017-02,수입,캐딜락,CTS,15
2017-02,수입,포르쉐,Macan,15
2017-02,수입,렉서스,IS,14
2017-02,수입,링컨,MKC,13
2017-02,수입,캐딜락,ATS,13
2017-02,수입,렉서스,GS,12
2017-02,수입,토요타,Prius V,12
2017-02,수입,렉서스,LS,11
2017-02,수입,링컨,MKX,11
2017-02,수입,볼보,V40 Cross Country,10
2017-02,수입,시트로엥,DS3,9
2017-02,수입,토요타,86,9
2017-02,수입,닛산,Pathfinder,8
2017-02,국산,기아,K3 쿱,7
2017-02,국산,현대,i40,7
2017-02,수입,볼보,V60,7
2017-02,국산,쉐보레,어메이징 뉴 크루즈,6
2017-02,수입,재규어,F-Type,6
2017-02,수입,토요타,Avalon,6
2017-02,수입,피아트,500,6
2017-02,국산,르노코리아,트위지,5
2017-02,국산,현대,LF쏘나타 PHEV,5
2017-02,수입,BMW,i8,5
2017-02,수입,람보르기니,Huracan,4
2017-02,수입,벤츠,SL-Class,3
2017-02,수입,볼보,S60 Cross Country,3
2017-02,수입,시트로엥,C4 Picasso,3
2017-02,수입,시트로엥,DS5,3
2017-02,수입,피아트,500C,3
2017-02,국산,르노코리아,QM3,2
2017-02,국산,현대,벨로스터,2
2017-02,수입,롤스로이스,Ghost Series II,2
2017-02,수입,벤츠,AMG GT,2
2017-02,수입,벤츠,SLK 200 / SLK 55 AMG,2
2017-02,수입,아우디,TT,2
2017-02,수입,인피니티,QX70,2
2017-02,수입,BMW,Z4,1
2017-02,수입,롤스로이스,Wraith,1
2017-02,수입,시트로엥,DS4 Crossback,1
2017-02,수입,아우디,A8,1
2017-02,수입,아우디,Q5,1
2017-02,수입,인피니티,QX60,1
2017-02,수입,크라이슬러,Grand Voyager,1
2017-02,수입,포르쉐,Panamera,1
2017-03,국산,현대,그랜저,13112
2017-03,국산,현대,포터2,9790
2017-03,국산,현대,LF쏘나타,7240
2017-03,국산,현대,아반떼,7000
2017-03,국산,기아,카니발,6514
2017-03,국산,기아,모닝,6343
2017-03,국산,기아,쏘렌토,6328
2017-03,국산,현대,싼타페,5459
2017-03,국산,KGM,티볼리,5424
2017-03,국산,르노코리아,SM6,4848
2017-03,국산,현대,스타렉스,4823
2017-03,국산,기아,봉고 3,4744
2017-03,국산,기아,K7,4719
2017-03,국산,기아,스포티지,4452
2017-03,국산,쉐보레,더 넥스트 스파크,4351
2017-03,국산,제네시스,G80,4048
2017-03,국산,현대,투싼(2017),3631
2017-03,국산,쉐보레,올 뉴 말리부,3617
2017-03,국산,기아,K5,3436
2017-03,수입,벤츠,E-Class,3256
2017-03,국산,현대,투싼ix FCEV/버스/트럭 (현대),3234
2017-03,국산,기아,K3,2593
2017-03,국산,르노코리아,QM6,2422
2017-03,국산,KGM,코란도 스포츠,2209
2017-03,국산,기아,니로,2183
2017-03,국산,쉐보레,올 뉴 크루즈,2146
2017-03,국산,쉐보레,트랙스,2022
2017-03,국산,기아,레이,1924
2017-03,수입,BMW,5 Series,1832
2017-03,국산,르노코리아,QM3,1627
2017-03,국산,기아,버스/트럭특장 (기아),1444
2017-03,국산,제네시스,EQ900,1394
2017-03,수입,벤츠,C-Class,1198
2017-03,수입,BMW,3 Series,1104
2017-03,국산,기아,모하비,1096
2017-03,국산,쉐보레,올란도,914
2017-03,국산,KGM,코란도 C,882
2017-03,국산,현대,맥스크루즈,828
2017-03,수입,렉서스,ES,796
2017-03,국산,현대,아이오닉 electric,732
2017-03,국산,기아,K7 하이브리드,726
2017-03,국산,현대,엑센트,688
2017-03,국산,현대,i30,620
2017-03,국산,르노코리아,SM7 노바,585
2017-03,국산,르노코리아,SM3 네오,531
2017-03,수입,BMW,Gran Turismo,529
2017-03,수입,포드,Explorer,516
2017-03,수입,닛산,Altima,510
2017-03,수입,벤츠,S-Class,479
2017-03,수입,랜드로버,Discovery Sport,456
2017-03,수입,재규어,XF,454
2017-03,수입,BMW,1 Series,451
2017-03,수입,벤츠,GLE-Class,445
2017-03,국산,르노코리아,SM5 노바,442
2017-03,국산,쉐보레,라보,437
2017-03,수입,벤츠,GLC-Class,424
2017-03,국산,쉐보레,임팔라,407
2017-03,수입,피아트,500X,402
2017-03,수입,BMW,7 Series,386
2017-03,국산,현대,아이오닉 hybrid,384
2017-03,수입,토요타,Camry,367
2017-03,국산,쉐보레,다마스,362
2017-03,수입,혼다,Accord,362
2017-03,국산,KGM,코란도 투리스모,347
2017-03,수입,미니,Hatch,338
2017-03,수입,BMW,X5,335
2017-03,국산,현대,LF쏘나타 HEV,332
2017-03,국산,KGM,렉스턴 W,302
2017-03,수입,BMW,4 Series,292
2017-03,수입,BMW,X3,290
2017-03,국산,기아,프라이드,289
2017-03,수입,벤츠,CLS-Class,284
2017-03,수입,BMW,X6,263
2017-03,수입,토요타,Prius,247
2017-03,국산,쉐보레,캡티바,246
2017-03,수입,BMW,X4,243
2017-03,국산,기아,K5 하이브리드,237
2017-03,수입,푸조,2008,233
2017-03,국산,기아,카렌스,230
2017-03,수입,지프,Cherokee,219
2017-03,국산,쉐보레,더 뉴 아베오,214
2017-03,수입,랜드로버,Range Rover Sport,200
2017-03,수입,토요타,RAV4,198
2017-03,국산,현대,그랜저 hybrid,194
2017-03,수입,랜드로버,Range Rover Evoque,182
2017-03,수입,볼보,S90,181
2017-03,수입,벤츠,CLA-Class,165
2017-03,수입,벤츠,GLA-Class,161
2017-03,수입,포르쉐,Cayenne,158
2017-03,수입,미니,Clubman,157
2017-03,수입,볼보,XC60,138
2017-03,수입,재규어,F-Pace,138
2017-03,국산,기아,K9,137
2017-03,수입,랜드로버,Range Rover,136
2017-03,국산,기아,쏘울,131
2017-03,수입,볼보,S60,126
2017-03,수입,지프,Wrangler,126
2017-03,수입,BMW,2 Series Active Tourer,125
2017-03,수입,재규어,XE,120
2017-03,수입,BMW,6 Series,118
2017-03,수입,지프,Renegade,117
2017-03,수입,볼보,XC90,115
2017-03,수입,인피니티,Q50,113
2017-03,수입,미니,Countryman,103
2017-03,수입,렉서스,NX,102
2017-03,수입,BMW,X1,98
2017-03,국산,현대,아슬란,94
2017-03,수입,지프,Grand Cherokee,92
2017-03,수입,BMW,M,89
2017-03,수입,랜드로버,Discovery 4,88
2017-03,수입,렉서스,RX,88
2017-03,수입,벤츠,A-Class,88
2017-03,국산,기아,쏘울 EV,86
2017-03,수입,링컨,MKZ,83
2017-03,수입,토요타,Sienna,77
2017-03,수입,포드,Mondeo,76
2017-03,수입,시트로엥,C4 Cactus,73
2017-03,국산,현대,쏠라티,72
2017-03,수입,벤츠,GLS-Class,72
2017-03,수입,포드,Mustang,70
2017-03,수입,닛산,Juke,68
2017-03,수입,벤츠,B-class,68
2017-03,국산,KGM,체어맨 W,65
2017-03,수입,볼보,V40,60
2017-03,수입,포드,Kuga,59
2017-03,수입,닛산,Maxima,56
2017-03,국산,르노코리아,SM3 Z.E.,55
2017-03,국산,쉐보레,카마로 SS,52
2017-03,수입,링컨,Continental,52
2017-03,수입,재규어,XJ,47
2017-03,수입,캐딜락,CT6,47
2017-03,국산,현대,그랜저HG HEV,44
2017-03,수입,아우디,A6,44
2017-03,수입,시트로엥,Grand C4 Picasso,43
2017-03,수입,푸조,308,43
2017-03,수입,렉서스,CT,39
2017-03,수입,크라이슬러,300C,39
2017-03,수입,포르쉐,911,39
2017-03,수입,아우디,A7,38
2017-03,수입,인피니티,Q70,36
2017-03,수입,볼보,V60 Cross Country,35
2017-03,수입,캐딜락,CTS,35
2017-03,수입,벤츠,G-Class,30
2017-03,수입,벤츠,Maybach S-Class,30
2017-03,수입,벤츠,SLC-Class,30
2017-03,수입,혼다,Pilot,29
2017-03,수입,캐딜락,ATS,27
2017-03,수입,미니,Convertible,26
2017-03,수입,포르쉐,718 Boxster,26
2017-03,수입,캐딜락,XT5,24
2017-03,국산,현대,벨로스터,20
2017-03,수입,지프,Compass,20
2017-03,수입,혼다,HR-V,20
2017-03,수입,렉서스,IS,18
2017-03,수입,렉서스,GS,16
2017-03,수입,볼보,V60,16
2017-03,수입,토요타,Prius V,16
2017-03,수입,푸조,3008,15
2017-03,수입,피아트,500,15
2017-03,수입,인피니티,Q30,14
2017-03,수입,푸조,208,14
2017-03,수입,토요타,86,13
2017-03,국산,현대,i40,12
2017-03,수입,링컨,MKX,12
2017-03,수입,푸조,508,12
2017-03,수입,포드,Taurus,11
2017-03,수입,포르쉐,Macan,11
2017-03,국산,쉐보레,볼트,10
2017-03,수입,재규어,F-Type,10
2017-03,국산,기아,K3 쿱,9
2017-03,수입,닛산,Murano,9
2017-03,수입,렉서스,LS,9
2017-03,국산,현대,그랜저HG,8
2017-03,수입,링컨,MKC,7
2017-03,수입,토요타,Avalon,7
2017-03,국산,현대,LF쏘나타 PHEV,6
2017-03,수입,BMW,i8,6
2017-03,수입,닛산,370Z,6
2017-03,수입,롤스로이스,Ghost Series II,6
2017-03,수입,벤츠,SL-Class,6
2017-03,수입,인피니티,QX50,6
2017-03,수입,람보르기니,Huracan,4
2017-03,수입,롤스로이스,Dawn,4
2017-03,수입,인피니티,QX70,4
2017-03,수입,BMW,Z4,3
2017-03,수입,볼보,V40 Cross Country,3
2017-03,수입,시트로엥,DS3,3
2017-03,수입,롤스로이스,Wraith,2
2017-03,수입,시트로엥,C4 Picasso,2
2017-03,국산,쉐보레,어메이징 뉴 크루즈,1
2017-03,수입,렉서스,RC,1
2017-03,수입,벤츠,AMG GT,1
2017-03,수입,볼보,S60 Cross Country,1
2017-03,수입,시트로엥,DS4 Crossback,1
2017-03,수입,아우디,A4,1
2017-03,수입,크라이슬러,Grand Voyager,1
2017-04,국산,현대,그랜저,11503
2017-04,국산,현대,포터2,8809
2017-04,국산,현대,쏘나타 뉴 라이즈,8748
2017-04,국산,현대,아반떼,8265
2017-04,국산,기아,카니발,6302
2017-04,국산,기아,봉고 3,5725
2017-04,국산,기아,모닝,5456
2017-04,국산,기아,쏘렌토,5343
2017-04,국산,KGM,티볼리,5011
2017-04,국산,현대,스타렉스,4323
2017-04,국산,르노코리아,SM6,3950
2017-04,국산,기아,스포티지,3940
2017-04,국산,현대,싼타페,3888
2017-04,국산,기아,K7,3800
2017-04,국산,쉐보레,더 넥스트 스파크,3701
2017-04,국산,현대,투싼(2017),3400
2017-04,국산,기아,K5,3319
2017-04,국산,제네시스,G80,3307
2017-04,국산,현대,투싼 FCEV/버스/트럭 (현대),3043
2017-04,국산,쉐보레,올 뉴 말리부,2858
2017-04,국산,기아,K3,2803
2017-04,수입,벤츠,E-Class,2761
2017-04,국산,르노코리아,QM6,2183
2017-04,국산,KGM,코란도 스포츠,1948
2017-04,국산,기아,니로,1896
2017-04,국산,기아,레이,1632
2017-04,국산,기아,모하비,1591
2017-04,수입,BMW,3 Series,1569
2017-04,국산,쉐보레,올 뉴 크루즈,1517
2017-04,수입,BMW,5 Series,1370
2017-04,국산,쉐보레,트랙스,1346
2017-04,국산,르노코리아,QM3,1221
2017-04,국산,현대,그랜저 hybrid,1045
2017-04,수입,벤츠,C-Class,991
2017-04,국산,제네시스,EQ900,933
2017-04,국산,KGM,코란도 C,780
2017-04,수입,렉서스,ES,749
2017-04,국산,쉐보레,올란도,710
2017-04,수입,BMW,Gran Turismo,708
2017-04,수입,BMW,1 Series,660
2017-04,수입,혼다,Accord,657
2017-04,국산,현대,맥스크루즈,639
2017-04,국산,현대,아이오닉 electric,607
2017-04,국산,기아,K7 하이브리드,556
2017-04,국산,현대,엑센트,548
2017-04,수입,벤츠,S-Class,536
2017-04,국산,르노코리아,SM7 노바,499
2017-04,수입,포드,Explorer,487
2017-04,국산,현대,아이오닉 hybrid,448
2017-04,국산,르노코리아,SM3 네오,428
2017-04,수입,닛산,Altima,384
2017-04,국산,쉐보레,임팔라,379
2017-04,수입,토요타,Camry,377
2017-04,국산,현대,LF쏘나타 HEV,370
2017-04,국산,현대,i30,366
2017-04,수입,벤츠,GLE-Class,365
2017-04,국산,쉐보레,다마스,359
2017-04,수입,BMW,4 Series,346
2017-04,국산,르노코리아,SM5 노바,336
2017-04,국산,쉐보레,라보,334
2017-04,수입,미니,Hatch,326
2017-04,수입,벤츠,GLC-Class,325
2017-04,국산,KGM,코란도 투리스모,324
2017-04,국산,기아,K5 하이브리드,286
2017-04,국산,기아,카렌스,279
2017-04,수입,BMW,X4,264
2017-04,수입,BMW,X5,257
2017-04,수입,BMW,X3,256
2017-04,수입,BMW,7 Series,247
2017-04,국산,쉐보레,캡티바,243
2017-04,국산,KGM,렉스턴 W,239
2017-04,수입,토요타,Prius,220
2017-04,수입,BMW,X6,219
2017-04,수입,벤츠,CLA-Class,218
2017-04,수입,혼다,Pilot,215
2017-04,수입,미니,Clubman,212
2017-04,수입,랜드로버,Discovery Sport,204
2017-04,수입,푸조,3008,193
2017-04,국산,기아,프라이드,191
2017-04,수입,벤츠,CLS-Class,184
2017-04,수입,BMW,X1,177
2017-04,수입,미니,Countryman,168
2017-04,수입,토요타,RAV4,166
2017-04,수입,볼보,XC60,163
2017-04,수입,피아트,500X,161
2017-04,수입,인피니티,Q30,155
2017-04,수입,지프,Renegade,145
2017-04,수입,지프,Cherokee,134
2017-04,수입,벤츠,GLA-Class,133
2017-04,국산,기아,버스 (기아),122
2017-04,국산,쉐보레,볼트 EV,121
2017-04,국산,기아,쏘울,115
2017-04,국산,쉐보레,더 뉴 아베오,114
2017-04,수입,렉서스,NX,112
2017-04,수입,지프,Wrangler,112
2017-04,수입,BMW,2 Series Active Tourer,110
2017-04,국산,기아,K9,109
2017-04,수입,볼보,S60,102
2017-04,수입,시트로엥,C4 Cactus,102
2017-04,수입,볼보,XC90,100
2017-04,수입,재규어,XF,99
2017-04,수입,포르쉐,Cayenne,99
2017-04,수입,렉서스,RX,96
2017-04,수입,랜드로버,Range Rover Evoque,91
2017-04,수입,랜드로버,Range Rover Sport,90
2017-04,수입,볼보,S90,90
2017-04,국산,르노코리아,SM3 Z.E.,85
2017-04,수입,푸조,2008,81
2017-04,수입,BMW,6 Series,80
2017-04,수입,지프,Grand Cherokee,77
2017-04,수입,토요타,Sienna,73
2017-04,수입,링컨,MKZ,72
2017-04,수입,인피니티,QX60,71
2017-04,수입,BMW,M,69
2017-04,수입,닛산,Maxima,69
2017-04,수입,포드,Mustang,65
2017-04,수입,랜드로버,Range Rover,64
2017-04,수입,벤츠,G-Class,58
2017-04,수입,재규어,F-Pace,58
2017-04,수입,벤츠,B-class,57
2017-04,국산,쉐보레,카마로 SS,52
2017-04,수입,닛산,Juke,50
2017-04,수입,렉서스,CT,50
2017-04,수입,재규어,XE,50
2017-04,수입,포드,Mondeo,50
2017-04,국산,기아,쏘울 EV,49
2017-04,국산,현대,아슬란,48
2017-04,수입,인피니티,Q50,48
2017-04,국산,KGM,체어맨 W,44
2017-04,수입,벤츠,GLS-Class,42
2017-04,수입,벤츠,A-Class,41
2017-04,국산,현대,쏠라티,38
2017-04,수입,링컨,Continental,38
2017-04,수입,푸조,508,38
2017-04,수입,미니,Convertible,37
2017-04,수입,볼보,V40,37
2017-04,수입,크라이슬러,300C,36
2017-04,수입,포드,Focus,31
2017-04,수입,포드,Kuga,31
2017-04,수입,포르쉐,718 Boxster,31
2017-04,수입,캐딜락,CTS,30
2017-04,수입,푸조,308,29
2017-04,수입,캐딜락,CT6,28
2017-04,수입,캐딜락,ATS,27
2017-04,수입,포드,Taurus,27
2017-04,수입,벤츠,SLC-Class,25
2017-04,수입,캐딜락,XT5,25
2017-04,수입,인피니티,Q70,24
2017-04,수입,재규어,XJ,24
2017-04,수입,포르쉐,718 Cayman,23
2017-04,수입,포르쉐,911,23
2017-04,수입,시트로엥,Grand C4 Picasso,22
2017-04,수입,볼보,V60 Cross Country,20
2017-04,수입,지프,Compass,20
2017-04,수입,피아트,500,20
2017-04,수입,토요타,Prius Prime,17
2017-04,수입,포르쉐,Macan,17
2017-04,국산,쉐보레,볼트,16
2017-04,수입,벤츠,Maybach S-Class,16
2017-04,수입,푸조,208,16
2017-04,국산,현대,벨로스터,15
2017-04,수입,토요타,Avalon,15
2017-04,수입,닛산,Murano,14
2017-04,수입,랜드로버,Discovery 4,14
2017-04,수입,렉서스,IS,14
2017-04,수입,링컨,MKC,14
2017-04,수입,시트로엥,DS3,13
2017-04,수입,토요타,Prius V,13
2017-04,수입,볼보,V90 Cross Country,12
2017-04,수입,인피니티,QX50,10
2017-04,국산,현대,LF쏘나타 PHEV,9
2017-04,수입,볼보,V60,9
2017-04,국산,현대,i40,8
2017-04,수입,혼다,HR-V,8
2017-04,수입,닛산,370Z,7
2017-04,수입,볼보,V40 Cross Country,7
2017-04,수입,토요타,86,7
2017-04,수입,롤스로이스,Ghost Series II,6
2017-04,수입,렉서스,GS,5
2017-04,수입,람보르기니,Huracan,4
2017-04,수입,인피니티,QX70,4
2017-04,수입,테슬라,Model S,4
2017-04,수입,렉서스,LS,3
2017-04,수입,링컨,MKX,3
2017-04,수입,벤츠,AMG GT,3
2017-04,수입,벤츠,SL-Class,3
2017-04,수입,재규어,F-Type,3
2017-04,수입,BMW,i8,2
2017-04,수입,롤스로이스,Dawn,2
2017-04,수입,롤스로이스,Wraith,2
2017-04,수입,벤틀리,Bentayga,2
2017-04,수입,볼보,S60 Cross Country,2
2017-04,수입,시트로엥,C4 Picasso,2
2017-04,수입,크라이슬러,Grand Voyager,2
2017-04,국산,기아,K3 쿱,1
2017-04,국산,쉐보레,어메이징 뉴 크루즈,1
2017-04,국산,현대,그랜저HG,1
2017-04,수입,렉서스,RC,1
2017-04,수입,시트로엥,DS4 Crossback,1
2017-04,수입,시트로엥,DS5,1
2017-04,수입,혼다,CR-V Turbo,1
2017-05,국산,현대,그랜저,10750
2017-05,국산,현대,포터2,10012
2017-05,국산,현대,아반떼,7834
2017-05,국산,현대,쏘나타 뉴 라이즈,7218
2017-05,국산,기아,모닝,6437
2017-05,국산,기아,카니발,6160
2017-05,국산,기아,쏘렌토,5507
2017-05,국산,기아,봉고 3,5341
2017-05,국산,KGM,티볼리,4724
2017-05,국산,현대,싼타페,4431
2017-05,국산,현대,투싼(2017),4416
2017-05,국산,르노코리아,SM6,3974
2017-05,국산,현대,스타렉스,3824
2017-05,국산,쉐보레,더 넥스트 스파크,3677
2017-05,국산,기아,스포티지,3634
2017-05,국산,쉐보레,올 뉴 말리부,3510
2017-05,국산,기아,K7,3402
2017-05,국산,기아,K5,3168
2017-05,국산,제네시스,G80,3051
2017-05,국산,현대,투싼 FCEV/버스/트럭(현대),2882
2017-05,국산,KGM,G4 렉스턴,2733
2017-05,국산,기아,K3,2250
2017-05,국산,르노코리아,QM6,2208
2017-05,국산,기아,니로,1920
2017-05,수입,벤츠,E-Class,1903
2017-05,국산,현대,그랜저 hybrid,1845
2017-05,국산,기아,모하비,1783
2017-05,국산,KGM,코란도 스포츠,1710
2017-05,국산,기아,레이,1694
2017-05,국산,르노코리아,QM3,1531
2017-05,수입,BMW,5 Series,1424
2017-05,국산,제네시스,EQ900,1369
2017-05,수입,BMW,3 Series,1176
2017-05,국산,쉐보레,트랙스,1166
2017-05,국산,쉐보레,올 뉴 크루즈,1156
2017-05,수입,벤츠,C-Class,980
2017-05,국산,쉐보레,올란도,783
2017-05,수입,벤츠,GLC-Class,773
2017-05,국산,KGM,코란도 C,764
2017-05,수입,혼다,Accord,664
2017-05,수입,미니,Hatch,637
2017-05,국산,르노코리아,SM7 노바,582
2017-05,수입,렉서스,ES,579
2017-05,국산,현대,맥스크루즈,570
2017-05,수입,BMW,1 Series,539
2017-05,수입,BMW,Gran Turismo,538
2017-05,수입,포드,Explorer,537
2017-05,국산,현대,아이오닉 electric,517
2017-05,국산,현대,아이오닉 hybrid,492
2017-05,국산,르노코리아,SM3 네오,471
2017-05,국산,현대,엑센트,470
2017-05,수입,벤츠,S-Class,458
2017-05,국산,기아,K7 하이브리드,446
2017-05,수입,혼다,CR-V Turbo,426
2017-05,수입,닛산,Altima,417
2017-05,국산,기아,프라이드,408
2017-05,국산,쉐보레,임팔라,390
2017-05,국산,르노코리아,SM5 노바,387
2017-05,국산,기아,스팅어,370
2017-05,국산,현대,쏘나타 뉴 라이즈 hybrid,370
2017-05,국산,쉐보레,다마스,362
2017-05,국산,현대,i30,361
2017-05,수입,벤츠,GLE-Class,354
2017-05,수입,토요타,Camry,353
2017-05,국산,쉐보레,라보,349
2017-05,국산,기아,카렌스,321
2017-05,수입,BMW,X5,267
2017-05,수입,랜드로버,Discovery Sport,253
2017-05,국산,KGM,코란도 투리스모,250
2017-05,수입,BMW,4 Series,238
2017-05,수입,BMW,X6,234
2017-05,수입,BMW,7 Series,229
2017-05,수입,토요타,Prius,225
2017-05,국산,기아,K5 하이브리드,208
2017-05,수입,벤츠,CLA-Class,207
2017-05,수입,BMW,X3,206
2017-05,수입,토요타,RAV4,202
2017-05,국산,쉐보레,캡티바,198
2017-05,수입,미니,Clubman,197
2017-05,수입,BMW,X4,195
2017-05,수입,볼보,XC60,166
2017-05,수입,포르쉐,Cayenne,152
2017-05,수입,BMW,X1,150
2017-05,수입,지프,Cherokee,150
2017-05,수입,포르쉐,718 Boxster,146
2017-05,국산,기아,쏘울 EV,138
2017-05,수입,지프,Wrangler,129
2017-05,수입,랜드로버,Range Rover Evoque,128
2017-05,수입,지프,Renegade,125
2017-05,수입,지프,Grand Cherokee,123
2017-05,수입,미니,Countryman,121
2017-05,국산,쉐보레,볼트 EV,120
2017-05,국산,기아,버스 (기아),118
2017-05,수입,랜드로버,Range Rover Sport,118
2017-05,수입,벤츠,CLS-Class,114
2017-05,수입,재규어,XF,112
2017-05,수입,볼보,S90,111
2017-05,수입,렉서스,NX,109
2017-05,수입,푸조,2008,109
2017-05,국산,기아,K9,107
2017-05,수입,인피니티,Q30,107
2017-05,수입,볼보,S60,106
2017-05,국산,기아,쏘울,103
2017-05,수입,렉서스,RX,101
2017-05,수입,볼보,XC90,96
2017-05,수입,랜드로버,Range Rover,92
2017-05,수입,포드,Focus,92
2017-05,수입,푸조,508,89
2017-05,수입,링컨,MKZ,83
2017-05,수입,캐딜락,CT6,83
2017-05,수입,시트로엥,C4 Cactus,81
2017-05,국산,쉐보레,더 뉴 아베오,80
2017-05,수입,재규어,XE,77
2017-05,국산,현대,쏠라티,75
2017-05,수입,닛산,Maxima,75
2017-05,수입,BMW,2 Series Active Tourer,74
2017-05,수입,포드,Mustang,71
2017-05,수입,벤츠,A-Class,70
2017-05,국산,르노코리아,SM3 Z.E.,69
2017-05,수입,벤츠,GLS-Class,68
2017-05,수입,혼다,Pilot,68
2017-05,수입,재규어,F-Pace,64
2017-05,수입,인피니티,Q50,63
2017-05,수입,인피니티,QX60,61
2017-05,수입,BMW,M,60
2017-05,수입,링컨,Continental,58
2017-05,수입,미니,Convertible,58
2017-05,국산,KGM,체어맨 W,57
2017-05,수입,포드,Mondeo,56
2017-05,국산,현대,i40,53
2017-05,수입,닛산,Juke,51
2017-05,수입,캐딜락,XT5,50
2017-05,수입,벤틀리,Continental,49
2017-05,수입,볼보,V90 Cross Country,49
2017-05,수입,렉서스,CT,48
2017-05,수입,포르쉐,911,48
2017-05,국산,쉐보레,카마로 SS,44
2017-05,수입,벤츠,G-Class,43
2017-05,수입,크라이슬러,300C,43
2017-05,수입,BMW,6 Series,42
2017-05,수입,토요타,Sienna,41
2017-05,국산,현대,아슬란,39
2017-05,수입,포드,Kuga,38
2017-05,수입,포드,Taurus,36
2017-05,수입,볼보,V40,33
2017-05,수입,캐딜락,CTS,33
2017-05,수입,푸조,308,32
2017-05,수입,벤츠,GLA-Class,31
2017-05,수입,링컨,MKX,29
2017-05,수입,푸조,3008,29
2017-05,수입,시트로엥,Grand C4 Picasso,28
2017-05,수입,캐딜락,ATS,28
2017-05,수입,닛산,Murano,26
2017-05,수입,재규어,XJ,26
2017-05,수입,지프,Compass,26
2017-05,수입,링컨,MKC,23
2017-05,수입,벤츠,SLC-Class,23
2017-05,수입,인피니티,Q70,23
2017-05,수입,캐딜락,Escalade,21
2017-05,국산,현대,벨로스터,19
2017-05,수입,벤틀리,Bentayga,19
2017-05,수입,포르쉐,718 Cayman,18
2017-05,수입,피아트,500,18
2017-05,수입,벤츠,Maybach S-Class,17
2017-05,수입,재규어,F-Type,17
2017-05,수입,벤츠,B-class,16
2017-05,수입,볼보,V60 Cross Country,15
2017-05,수입,렉서스,IS,14
2017-05,수입,볼보,V60,14
2017-05,수입,포르쉐,Macan,12
2017-05,수입,푸조,208,12
2017-05,수입,시트로엥,DS3,11
2017-05,수입,토요타,Prius V,10
2017-05,국산,현대,LF쏘나타 PHEV,9
2017-05,수입,시트로엥,C4 Picasso,9
2017-05,수입,인피니티,QX50,9
2017-05,수입,테슬라,Model S,8
2017-05,수입,토요타,86,8
2017-05,수입,혼다,HR-V,8
2017-05,국산,쉐보레,볼트,7
2017-05,수입,렉서스,GS,7
2017-05,수입,토요타,Avalon,7
2017-05,수입,토요타,Prius Prime,6
2017-05,국산,쉐보레,스파크 EV,5
2017-05,수입,닛산,370Z,5
2017-05,수입,닛산,Leaf,5
2017-05,수입,랜드로버,Discovery 4,5
2017-05,수입,롤스로이스,Ghost Series II,5
2017-05,국산,기아,K3 쿱,4
2017-05,국산,쉐보레,어메이징 뉴 크루즈,4
2017-05,수입,렉서스,LS,4
2017-05,수입,벤틀리,Mulsanne,4
2017-05,수입,벤츠,AMG GT,3
2017-05,수입,벤츠,SL-Class,3
2017-05,수입,볼보,S60 Cross Country,3
2017-05,수입,볼보,V40 Cross Country,3
2017-05,수입,혼다,Civic,3
2017-05,국산,기아,니로 플러그인 하이브리드,2
2017-05,국산,쉐보레,알페온,2
2017-05,수입,람보르기니,Huracan,2
2017-05,수입,렉서스,RC,2
2017-05,수입,벤틀리,Flying Spur,2
2017-05,수입,시트로엥,DS5,2
2017-05,수입,피아트,500X,2
2017-05,국산,기아,K5 플러그인 하이브리드,1
2017-05,국산,쉐보레,NEW MATIZ,1
2017-05,수입,BMW,Z4,1
2017-05,수입,롤스로이스,Dawn,1
2017-05,수입,아우디,A6,1
2017-05,수입,아우디,Q5,1
2017-06,국산,현대,그랜저,10194
2017-06,국산,현대,포터2,10064
2017-06,국산,현대,쏘나타 뉴 라이즈,8566
2017-06,국산,기아,모닝,6724
2017-06,국산,기아,카니발,6573
2017-06,국산,현대,아반떼,6488
2017-06,국산,기아,쏘렌토,6176
2017-06,국산,KGM,티볼리,4813
2017-06,국산,기아,봉고 3,4597
2017-06,국산,현대,싼타페,4443
2017-06,국산,현대,투싼(2017),4272
2017-06,국산,현대,스타렉스,4230
2017-06,국산,쉐보레,더 넥스트 스파크,3925
2017-06,수입,벤츠,E-Class,3797
2017-06,국산,기아,K7,3775
2017-06,국산,르노코리아,SM6,3716
2017-06,국산,기아,K5,3715
2017-06,국산,기아,스포티지,3517
2017-06,국산,제네시스,G80,3425
2017-06,국산,쉐보레,올 뉴 말리부,2879
2017-06,국산,현대,투싼 FCEV / 버스 / 트럭 (현대),2845
2017-06,국산,KGM,G4 렉스턴,2708
2017-06,국산,기아,K3,2612
2017-06,국산,현대,그랜저 hybrid,2471
2017-06,국산,르노코리아,QM6,2155
2017-06,국산,기아,레이,1953
2017-06,국산,KGM,코란도 스포츠,1930
2017-06,국산,기아,니로,1794
2017-06,수입,BMW,5 Series,1771
2017-06,국산,르노코리아,QM3,1621
2017-06,국산,기아,모하비,1494
2017-06,국산,쉐보레,올 뉴 크루즈,1434
2017-06,국산,기아,스팅어,1322
2017-06,수입,BMW,3 Series,1249
2017-06,국산,제네시스,EQ900,1203
2017-06,수입,벤츠,C-Class,1198
2017-06,국산,쉐보레,트랙스,1071
2017-06,수입,혼다,Accord,1068
2017-06,국산,기아,버스 / 트럭특장 (기아),850
2017-06,수입,포드,Explorer,790
2017-06,수입,렉서스,ES,771
2017-06,수입,벤츠,GLC-Class,767
2017-06,국산,현대,쏘나타 뉴 라이즈 hybrid,732
2017-06,국산,KGM,코란도 C,726
2017-06,국산,현대,맥스크루즈,709
2017-06,국산,쉐보레,올란도,680
2017-06,국산,현대,엑센트,657
2017-06,수입,벤츠,S-Class,534
2017-06,국산,현대,아이오닉 electric,524
2017-06,국산,기아,K7 하이브리드,519
2017-06,수입,BMW,1 Series,502
2017-06,수입,미니,Hatch,492
2017-06,국산,르노코리아,SM7 노바,482
2017-06,국산,르노코리아,SM3 네오,471
2017-06,수입,벤츠,GLE-Class,458
2017-06,수입,랜드로버,Discovery Sport,432
2017-06,국산,현대,아이오닉 hybrid,431
2017-06,수입,혼다,CR-V Turbo,406
2017-06,수입,닛산,Altima,400
2017-06,국산,기아,프라이드,390
2017-06,국산,쉐보레,라보,385
2017-06,수입,BMW,X5,383
2017-06,국산,현대,i30,381
2017-06,수입,토요타,Camry,378
2017-06,국산,쉐보레,다마스,373
2017-06,국산,르노코리아,SM5 노바,355
2017-06,수입,벤츠,CLA-Class,328
2017-06,국산,쉐보레,임팔라,317
2017-06,국산,KGM,코란도 투리스모,310
2017-06,수입,벤츠,CLS-Class,290
2017-06,수입,BMW,7 Series,277
2017-06,수입,BMW,X1,267
2017-06,수입,렉서스,NX,265
2017-06,국산,기아,카렌스,250
2017-06,수입,BMW,X6,250
2017-06,국산,기아,K5 하이브리드,229
2017-06,수입,토요타,Prius,218
2017-06,국산,쉐보레,캡티바,214
2017-06,수입,혼다,Pilot,214
2017-06,수입,랜드로버,Range Rover Sport,208
2017-06,국산,기아,쏘울 EV,206
2017-06,수입,BMW,X3,202
2017-06,수입,랜드로버,Range Rover Evoque,199
2017-06,수입,지프,Renegade,199
2017-06,국산,기아,K9,194
2017-06,수입,BMW,4 Series,183
2017-06,수입,재규어,XF,181
2017-06,수입,재규어,F-Pace,178
2017-06,수입,볼보,XC60,175
2017-06,수입,미니,Countryman,172
2017-06,수입,토요타,RAV4,164
2017-06,수입,지프,Wrangler,156
2017-06,수입,볼보,S60,154
2017-06,수입,렉서스,RX,146
2017-06,수입,미니,Clubman,142
2017-06,수입,BMW,X4,140
2017-06,수입,지프,Grand Cherokee,139
2017-06,수입,포르쉐,Cayenne,134
2017-06,수입,볼보,S90,132
2017-06,수입,벤츠,A-Class,121
2017-06,수입,지프,Cherokee,118
2017-06,수입,BMW,Gran Turismo,116
2017-06,수입,랜드로버,Range Rover,115
2017-06,수입,벤츠,GLS-Class,111
2017-06,수입,볼보,XC90,106
2017-06,수입,인피니티,Q30,104
2017-06,수입,재규어,XE,102
2017-06,국산,르노코리아,SM3 Z.E.,100
2017-06,국산,르노코리아,트위지,100
2017-06,국산,쉐보레,더 뉴 아베오,97
2017-06,국산,현대,쏠라티,90
2017-06,수입,토요타,Sienna,89
2017-06,수입,인피니티,Q50,88
2017-06,수입,링컨,MKX,87
2017-06,국산,기아,쏘울,86
2017-06,수입,푸조,3008,86
2017-06,수입,푸조,2008,84
2017-06,수입,포르쉐,718 Boxster,81
2017-06,수입,닛산,Maxima,78
2017-06,수입,링컨,MKZ,78
2017-06,수입,푸조,308,71
2017-06,수입,BMW,2 Series Active Tourer,66
2017-06,수입,BMW,M,65
2017-06,수입,캐딜락,CT6,61
2017-06,국산,현대,i40,59
2017-06,수입,인피니티,QX60,54
2017-06,수입,시트로엥,C4 Cactus,53
2017-06,수입,혼다,Civic,52
2017-06,수입,포드,Mustang,50
2017-06,수입,닛산,Juke,49
2017-06,수입,링컨,Continental,49
2017-06,국산,KGM,체어맨 W,48
2017-06,수입,벤츠,SLC-Class,48
2017-06,수입,볼보,V40,48
2017-06,수입,벤츠,G-Class,47
2017-06,수입,렉서스,CT,43
2017-06,수입,벤츠,B-class,43
2017-06,수입,캐딜락,Escalade,42
2017-06,수입,포드,Mondeo,41
2017-06,국산,쉐보레,카마로 SS,40
2017-06,국산,기아,니로 플러그인 하이브리드,39
2017-06,국산,쉐보레,볼트 EV,39
2017-06,국산,현대,아슬란,39
2017-06,수입,캐딜락,XT5,37
2017-06,수입,BMW,6 Series,36
2017-06,수입,미니,Convertible,35
2017-06,수입,캐딜락,CTS,35
2017-06,수입,포르쉐,911,35
2017-06,수입,테슬라,Model S,34
2017-06,수입,볼보,V60 Cross Country,32
2017-06,수입,포드,Kuga,30
2017-06,수입,푸조,508,29
2017-06,수입,캐딜락,ATS,28
2017-06,수입,렉서스,IS,26
2017-06,수입,링컨,MKC,25
2017-06,수입,볼보,V90 Cross Country,23
2017-06,수입,포드,Taurus,23
2017-06,수입,시트로엥,Grand C4 Picasso,22
2017-06,수입,벤츠,Maybach S-Class,21
2017-06,수입,재규어,XJ,21
2017-06,수입,닛산,Murano,20
2017-06,수입,지프,Compass,20
2017-06,수입,피아트,500,20
2017-06,수입,볼보,V60,18
2017-06,수입,벤틀리,Bentayga,16
2017-06,수입,시트로엥,DS3,16
2017-06,수입,인피니티,Q70,16
2017-06,수입,크라이슬러,300C,16
2017-06,수입,토요타,Prius V,16
2017-06,수입,포르쉐,Macan,15
2017-06,국산,현대,벨로스터,14
2017-06,수입,포르쉐,718 Cayman,14
2017-06,수입,벤틀리,Continental,13
2017-06,수입,재규어,F-Type,12
2017-06,수입,토요타,86,12
2017-06,수입,렉서스,GS,10
2017-06,수입,혼다,HR-V,10
2017-06,수입,벤츠,GLA-Class,9
2017-06,수입,벤츠,SL-Class,9
2017-06,수입,랜드로버,Discovery,8
2017-06,수입,토요타,Prius Prime,8
2017-06,수입,토요타,Avalon,7
2017-06,수입,렉서스,LS,6
2017-06,수입,롤스로이스,Wraith,6
2017-06,수입,시트로엥,C4 Picasso,6
2017-06,수입,인피니티,QX50,6
2017-06,수입,렉서스,RC,5
2017-06,수입,볼보,V40 Cross Country,5
2017-06,수입,푸조,208,5
2017-06,수입,롤스로이스,Ghost Series II,4
2017-06,수입,BMW,i3,3
2017-06,수입,인피니티,QX70,3
2017-06,수입,람보르기니,Huracan,2
2017-06,수입,벤츠,AMG GT,2
2017-06,수입,시트로엥,DS4 Crossback,2
2017-06,국산,쉐보레,알페온,1
2017-06,수입,닛산,370Z,1
2017-06,수입,롤스로이스,Dawn,1
2017-07,국산,현대,그랜저,9916
2017-07,국산,현대,포터2,8690
2017-07,국산,현대,아반떼,7109
2017-07,국산,기아,카니발,6261
2017-07,국산,현대,쏘나타 뉴 라이즈,6072
2017-07,국산,기아,쏘렌토,6017
2017-07,국산,기아,모닝,5367
2017-07,국산,KGM,티볼리,4479
2017-07,국산,기아,봉고 3,4314
2017-07,국산,쉐보레,더 넥스트 스파크,4225
2017-07,국산,현대,투싼(2017),4110
2017-07,국산,현대,싼타페,3675
2017-07,국산,현대,스타렉스,3674
2017-07,국산,기아,스포티지,3446
2017-07,국산,제네시스,G80,3248
2017-07,국산,르노코리아,SM6,3157
2017-07,국산,현대,코나,3145
2017-07,국산,기아,K7,3080
2017-07,수입,벤츠,E-Class,3063
2017-07,국산,기아,K5,2978
2017-07,국산,현대,투싼 FCEV/버스/트럭/트럭특장 (현대),2509
2017-07,국산,쉐보레,올 뉴 말리부,2348
2017-07,국산,현대,그랜저 hybrid,2177
2017-07,국산,기아,니로,2170
2017-07,국산,기아,K3,1808
2017-07,국산,KGM,코란도 스포츠,1648
2017-07,국산,르노코리아,QM6,1638
2017-07,국산,KGM,G4 렉스턴,1586
2017-07,국산,기아,레이,1577
2017-07,국산,르노코리아,QM3,1379
2017-07,국산,기아,버스/트럭특장 (기아),1351
2017-07,국산,기아,스토닉,1342
2017-07,수입,BMW,5 Series,1322
2017-07,국산,쉐보레,트랙스,1282
2017-07,국산,기아,모하비,1217
2017-07,국산,쉐보레,올 뉴 크루즈,1050
2017-07,국산,기아,스팅어,1040
2017-07,국산,제네시스,EQ900,1006
2017-07,국산,현대,엑센트,963
2017-07,국산,현대,아이오닉 electric,810
2017-07,수입,벤츠,C-Class,692
2017-07,수입,BMW,3 Series,689
2017-07,수입,렉서스,ES,684
2017-07,수입,포드,Explorer,622
2017-07,국산,현대,쏘나타 뉴 라이즈 hybrid,612
2017-07,국산,쉐보레,올란도,596
2017-07,수입,혼다,Accord,558
2017-07,국산,현대,맥스크루즈,542
2017-07,수입,토요타,Camry,542
2017-07,국산,KGM,코란도 C,524
2017-07,국산,현대,i30,520
2017-07,국산,르노코리아,SM3 네오,502
2017-07,국산,기아,K7 하이브리드,486
2017-07,국산,르노코리아,SM7 노바,482
2017-07,수입,벤츠,GLE-Class,456
2017-07,수입,닛산,Altima,436
2017-07,국산,르노코리아,SM5 노바,407
2017-07,국산,현대,아이오닉 hybrid,406
2017-07,수입,미니,Hatch,397
2017-07,국산,쉐보레,라보,389
2017-07,국산,KGM,코란도 투리스모,376
2017-07,국산,쉐보레,다마스,363
2017-07,수입,벤츠,GLC-Class,321
2017-07,수입,랜드로버,Discovery Sport,307
2017-07,국산,기아,프라이드,304
2017-07,국산,쉐보레,임팔라,269
2017-07,국산,현대,마이티,263
2017-07,수입,벤츠,S-Class,258
2017-07,수입,미니,Countryman,247
2017-07,수입,혼다,CR-V Turbo,232
2017-07,수입,푸조,3008,228
2017-07,국산,기아,카렌스,220
2017-07,수입,벤츠,CLA-Class,218
2017-07,국산,르노코리아,SM3 Z.E.,209
2017-07,수입,렉서스,NX,209
2017-07,국산,기아,K5 하이브리드,205
2017-07,수입,토요타,RAV4,204
2017-07,수입,볼보,XC60,186
2017-07,수입,토요타,Prius,185
2017-07,수입,BMW,X5,184
2017-07,수입,BMW,7 Series,173
2017-07,국산,기아,K9,167
2017-07,수입,랜드로버,Discovery,165
2017-07,수입,BMW,1 Series,156
2017-07,수입,지프,Renegade,154
2017-07,국산,르노코리아,트위지,153
2017-07,수입,벤츠,CLS-Class,150
2017-07,수입,혼다,Pilot,149
2017-07,수입,BMW,X4,147
2017-07,수입,벤츠,A-Class,142
2017-07,수입,BMW,X6,141
2017-07,수입,지프,Grand Cherokee,123
2017-07,수입,BMW,X1,122
2017-07,국산,기아,쏘울 EV,121
2017-07,수입,렉서스,RX,120
2017-07,수입,볼보,S60,117
2017-07,수입,지프,Wrangler,117
2017-07,수입,랜드로버,Range Rover Evoque,116
2017-07,수입,지프,Cherokee,114
2017-07,수입,볼보,S90,113
2017-07,수입,재규어,XF,105
2017-07,수입,재규어,XE,101
2017-07,수입,랜드로버,Range Rover Sport,100
2017-07,수입,미니,Clubman,100
2017-07,수입,인피니티,Q30,98
2017-07,수입,랜드로버,Range Rover,97
2017-07,국산,쉐보레,캡티바,96
2017-07,수입,링컨,MKX,93
2017-07,국산,현대,쏠라티,92
2017-07,수입,재규어,F-Pace,87
2017-07,수입,포드,Mustang,85
2017-07,국산,쉐보레,더 뉴 아베오,84
2017-07,수입,포르쉐,718 Boxster,82
2017-07,수입,푸조,2008,81
2017-07,국산,기아,쏘울,78
2017-07,수입,토요타,Sienna,74
2017-07,수입,포르쉐,Cayenne,74
2017-07,수입,벤츠,GLS-Class,72
2017-07,수입,닛산,Maxima,70
2017-07,수입,볼보,XC90,65
2017-07,수입,BMW,4 Series,62
2017-07,수입,닛산,Juke,62
2017-07,수입,인피니티,QX60,61
2017-07,국산,기아,니로 플러그인 하이브리드,58
2017-07,수입,링컨,MKZ,56
2017-07,국산,쉐보레,볼트 EV,55
2017-07,수입,BMW,M,55
2017-07,수입,볼보,V90 Cross Country,55
2017-07,수입,시트로엥,C4 Cactus,55
2017-07,수입,혼다,Civic,53
2017-07,수입,BMW,2 Series Active Tourer,52
2017-07,수입,미니,Convertible,50
2017-07,수입,캐딜락,CTS,50
2017-07,수입,BMW,X3,47
2017-07,수입,링컨,Continental,46
2017-07,수입,캐딜락,CT6,46
2017-07,국산,KGM,체어맨 W,45
2017-07,국산,쉐보레,카마로 SS,43
2017-07,수입,포드,Mondeo,42
2017-07,수입,렉서스,CT,40
2017-07,수입,푸조,308,40
2017-07,수입,인피니티,Q50,36
2017-07,국산,현대,i40,35
2017-07,수입,재규어,XJ,35
2017-07,수입,시트로엥,Grand C4 Picasso,34
2017-07,수입,캐딜락,XT5,34
2017-07,수입,포드,Taurus,33
2017-07,수입,BMW,6 Series,32
2017-07,수입,인피니티,Q70,32
2017-07,수입,링컨,MKC,31
2017-07,수입,볼보,V40,30
2017-07,수입,볼보,V60 Cross Country,30
2017-07,수입,캐딜락,Escalade,30
2017-07,수입,벤츠,SLC-Class,28
2017-07,국산,현대,아슬란,27
2017-07,수입,푸조,508,27
2017-07,수입,벤츠,G-Class,26
2017-07,수입,포드,Kuga,25
2017-07,수입,캐딜락,ATS,24
2017-07,수입,벤츠,B-class,23
2017-07,수입,지프,Compass,21
2017-07,수입,볼보,V60,17
2017-07,수입,렉서스,IS,16
2017-07,수입,포르쉐,911,16
2017-07,수입,포르쉐,718 Cayman,15
2017-07,수입,닛산,Leaf,13
2017-07,수입,벤틀리,Flying Spur,13
2017-07,수입,토요타,Prius V,13
2017-07,국산,현대,벨로스터,12
2017-07,수입,닛산,Murano,12
2017-07,수입,렉서스,LS,12
2017-07,수입,토요타,Prius Prime,12
2017-07,수입,벤츠,Maybach S-Class,11
2017-07,수입,벤틀리,Bentayga,11
2017-07,수입,볼보,V40 Cross Country,11
2017-07,수입,포르쉐,Macan,11
2017-07,수입,토요타,Avalon,9
2017-07,수입,혼다,HR-V,9
2017-07,수입,크라이슬러,300C,8
2017-07,수입,토요타,86,8
2017-07,수입,푸조,208,7
2017-07,수입,BMW,Gran Turismo,6
2017-07,수입,렉서스,GS,6
2017-07,수입,벤츠,SL-Class,6
2017-07,수입,시트로엥,DS3,6
2017-07,수입,재규어,F-Type,6
2017-07,수입,벤츠,GLA-Class,5
2017-07,수입,렉서스,LC,4
2017-07,수입,피아트,500,4
2017-07,수입,롤스로이스,Wraith,3
2017-07,수입,시트로엥,C4 Picasso,3
2017-07,국산,기아,K3 쿱,2
2017-07,국산,기아,K5 플러그인 하이브리드,2
2017-07,수입,롤스로이스,Dawn,2
2017-07,수입,롤스로이스,Ghost Series II,2
2017-07,수입,벤틀리,Continental,2
2017-07,국산,쉐보레,알페온,1
2017-07,국산,현대,쏘나타 뉴 라이즈 plug-in,1
2017-07,수입,람보르기니,Huracan,1
2017-07,수입,랜드로버,Discovery 4,1
2017-07,수입,벤틀리,Mulsanne,1
2017-07,수입,테슬라,Model S,1
2017-08,국산,기아,쏘렌토,7768
2017-08,국산,현대,아반떼,7449
2017-08,국산,현대,그랜저,6609
2017-08,국산,현대,포터2,6550
2017-08,국산,기아,모닝,5988
2017-08,국산,현대,쏘나타 뉴 라이즈,5971
2017-08,국산,기아,카니발,5247
2017-08,국산,현대,싼타페,4439
2017-08,국산,현대,코나,4230
2017-08,국산,KGM,티볼리,4187
2017-08,국산,현대,투싼(2017),4132
2017-08,국산,쉐보레,더 넥스트 스파크,4034
2017-08,국산,기아,봉고 3,3559
2017-08,국산,현대,스타렉스,3376
2017-08,국산,제네시스,G80,3298
2017-08,국산,기아,스포티지,2835
2017-08,수입,벤츠,E-Class,2725
2017-08,국산,르노코리아,SM6,2705
2017-08,국산,기아,K7,2544
2017-08,국산,기아,K5,2483
2017-08,국산,쉐보레,올 뉴 말리부,2474
2017-08,국산,기아,K3,2171
2017-08,수입,BMW,5 Series,2074
2017-08,국산,현대,투싼 FCEV / 버스 / 트럭 (현대),2007
2017-08,국산,KGM,코란도 스포츠,1833
2017-08,국산,기아,스토닉,1655
2017-08,국산,르노코리아,QM6,1601
2017-08,국산,현대,그랜저 hybrid,1595
2017-08,국산,기아,버스 / 특장 (기아),1387
2017-08,국산,기아,니로,1383
2017-08,국산,쉐보레,트랙스,1365
2017-08,국산,KGM,G4 렉스턴,1347
2017-08,국산,기아,레이,1277
2017-08,국산,기아,모하비,1014
2017-08,국산,제네시스,EQ900,987
2017-08,국산,현대,아이오닉 electric,959
2017-08,국산,르노코리아,뉴 QM3,908
2017-08,수입,BMW,3 Series,769
2017-08,수입,렉서스,ES,768
2017-08,국산,현대,엑센트,740
2017-08,국산,기아,스팅어,711
2017-08,수입,토요타,Camry,690
2017-08,수입,벤츠,C-Class,642
2017-08,국산,KGM,코란도 C,557
2017-08,국산,쉐보레,올란도,552
2017-08,국산,현대,맥스크루즈,530
2017-08,국산,르노코리아,SM7 노바,520
2017-08,국산,르노코리아,SM5 노바,468
2017-08,국산,현대,쏘나타 뉴 라이즈 hybrid,450
2017-08,국산,르노코리아,SM3 네오,443
2017-08,수입,벤츠,GLC-Class,440
2017-08,수입,포드,Explorer,439
2017-08,국산,현대,i30,435
2017-08,국산,쉐보레,올 뉴 크루즈,429
2017-08,수입,벤츠,GLE-Class,393
2017-08,수입,미니,Hatch,389
2017-08,국산,쉐보레,다마스,376
2017-08,국산,기아,K7 하이브리드,373
2017-08,국산,쉐보레,라보,357
2017-08,국산,르노코리아,SM3 Z.E.,356
2017-08,수입,닛산,Altima,340
2017-08,수입,혼다,Accord,332
2017-08,국산,현대,마이티,300
2017-08,수입,BMW,7 Series,288
2017-08,국산,KGM,코란도 투리스모,287
2017-08,수입,랜드로버,Discovery Sport,278
2017-08,수입,토요타,RAV4,266
2017-08,수입,벤츠,CLS-Class,249
2017-08,수입,벤츠,S-Class,243
2017-08,국산,현대,아이오닉 hybrid,233
2017-08,수입,렉서스,NX,226
2017-08,수입,BMW,1 Series,223
2017-08,수입,미니,Countryman,217
2017-08,국산,기아,카렌스,212
2017-08,수입,푸조,3008,207
2017-08,수입,지프,Renegade,206
2017-08,수입,볼보,XC60,196
2017-08,수입,벤츠,A-Class,194
2017-08,수입,BMW,X5,189
2017-08,수입,벤츠,CLA-Class,184
2017-08,수입,랜드로버,Discovery,179
2017-08,수입,BMW,X1,177
2017-08,수입,미니,Clubman,176
2017-08,수입,토요타,Prius,175
2017-08,수입,지프,Cherokee,148
2017-08,국산,기아,K5 하이브리드,147
2017-08,국산,쉐보레,임팔라,145
2017-08,수입,렉서스,RX,144
2017-08,국산,현대,카운티,142
2017-08,수입,BMW,X6,134
2017-08,수입,지프,Wrangler,120
2017-08,국산,기아,쏘울 EV,117
2017-08,수입,랜드로버,Range Rover Sport,111
2017-08,수입,지프,Grand Cherokee,108
2017-08,수입,혼다,Pilot,106
2017-08,수입,링컨,MKX,104
2017-08,수입,랜드로버,Range Rover Evoque,102
2017-08,수입,인피니티,Q30,102
2017-08,국산,쉐보레,캡티바,100
2017-08,수입,볼보,S90,91
2017-08,수입,푸조,2008,86
2017-08,수입,BMW,4 Series,83
2017-08,수입,볼보,XC90,81
2017-08,수입,볼보,S60,80
2017-08,국산,기아,K9,77
2017-08,국산,쉐보레,더 뉴 아베오,77
2017-08,수입,랜드로버,Range Rover,72
2017-08,수입,혼다,CR-V Turbo,72
2017-08,수입,닛산,Juke,69
2017-08,수입,인피니티,Q50,68
2017-08,국산,현대,쏠라티,66
2017-08,수입,벤츠,GLS-Class,62
2017-08,수입,BMW,M,61
2017-08,수입,닛산,Maxima,61
2017-08,수입,재규어,XE,60
2017-08,수입,토요타,Sienna,59
2017-08,국산,쉐보레,볼트 EV,57
2017-08,수입,시트로엥,C4 Cactus,56
2017-08,수입,캐딜락,CT6,56
2017-08,수입,인피니티,QX60,55
2017-08,수입,재규어,XF,55
2017-08,수입,벤츠,B-class,51
2017-08,수입,재규어,F-Pace,51
2017-08,수입,포드,Mustang,49
2017-08,수입,볼보,V90 Cross Country,47
2017-08,수입,BMW,2 Series Active Tourer,46
2017-08,국산,KGM,체어맨 W,44
2017-08,수입,미니,Convertible,44
2017-08,수입,링컨,Continental,43
2017-08,수입,벤츠,G-Class,43
2017-08,수입,링컨,MKZ,41
2017-08,수입,볼보,V40,41
2017-08,수입,캐딜락,CTS,40
2017-08,수입,포르쉐,718 Boxster,40
2017-08,국산,기아,쏘울,39
2017-08,국산,쉐보레,카마로 SS,38
2017-08,국산,기아,니로 플러그인 하이브리드,37
2017-08,수입,볼보,V60 Cross Country,36
2017-08,수입,포드,Kuga,36
2017-08,수입,푸조,308,33
2017-08,수입,렉서스,CT,31
2017-08,수입,시트로엥,Grand C4 Picasso,30
2017-08,수입,인피니티,Q70,30
2017-08,수입,벤츠,SLC-Class,29
2017-08,수입,BMW,6 Series,28
2017-08,수입,BMW,X4,27
2017-08,수입,닛산,Murano,27
2017-08,수입,포드,Mondeo,27
2017-08,수입,포드,Taurus,27
2017-08,수입,링컨,MKC,26
2017-08,수입,푸조,508,26
2017-08,국산,현대,i40,25
2017-08,수입,크라이슬러,300C,25
2017-08,수입,캐딜락,ATS,24
2017-08,수입,지프,Compass,23
2017-08,국산,현대,아슬란,22
2017-08,수입,혼다,Civic,22
2017-08,수입,볼보,V60,21
2017-08,수입,캐딜락,XT5,18
2017-08,수입,캐딜락,Escalade,14
2017-08,국산,현대,벨로스터,12
2017-08,수입,포르쉐,911,11
2017-08,수입,렉서스,LS,10
2017-08,수입,포르쉐,718 Cayman,10
2017-08,수입,벤틀리,Bentayga,9
2017-08,수입,볼보,V40 Cross Country,9
2017-08,수입,혼다,HR-V,9
2017-08,수입,렉서스,GS,8
2017-08,수입,렉서스,IS,8
2017-08,수입,토요타,86,7
2017-08,수입,벤틀리,Flying Spur,6
2017-08,수입,토요타,Prius V,6
2017-08,수입,푸조,208,6
2017-08,수입,BMW,i8,5
2017-08,수입,벤츠,SL-Class,5
2017-08,수입,시트로엥,C4 Picasso,5
2017-08,수입,재규어,F-Type,5
2017-08,수입,렉서스,LC,4
2017-08,수입,벤츠,Maybach S-Class,4
2017-08,수입,시트로엥,DS3,4
2017-08,수입,재규어,XJ,4
2017-08,수입,토요타,Avalon,4
2017-08,수입,포르쉐,Cayenne,4
2017-08,국산,현대,쏘나타 뉴 라이즈 plug-in,3
2017-08,수입,롤스로이스,Ghost Series II,3
2017-08,수입,롤스로이스,Wraith,3
2017-08,수입,인피니티,QX70,3
2017-08,수입,토요타,Prius Prime,3
2017-08,수입,포르쉐,Macan,3
2017-08,국산,기아,프라이드,2
2017-08,수입,렉서스,RC,2
2017-08,수입,벤츠,GLA-Class,2
2017-08,수입,피아트,500,2
2017-08,국산,기아,K5 플러그인 하이브리드,1
2017-08,수입,BMW,X3,1
2017-08,수입,닛산,Leaf,1
2017-08,수입,랜드로버,Range Rover Velar,1
2017-08,수입,롤스로이스,Dawn,1
2017-08,수입,벤츠,AMG GT,1
2017-08,수입,벤틀리,Continental,1
2017-08,수입,테슬라,Model S,1
2017-08,수입,피아트,500C,1
2017-09,국산,기아,쏘렌토,10016
2017-09,국산,현대,그랜저,8949
2017-09,국산,현대,포터2,7458
2017-09,국산,현대,아반떼,7078
2017-09,국산,기아,카니발,6011
2017-09,국산,현대,쏘나타 뉴 라이즈,5980
2017-09,국산,기아,모닝,5595
2017-09,국산,기아,봉고 3,5551
2017-09,국산,현대,코나,5386
2017-09,국산,KGM,티볼리,5097
2017-09,국산,현대,투싼(2017),4518
2017-09,국산,현대,스타렉스,3945
2017-09,국산,현대,싼타페,3619
2017-09,국산,쉐보레,더 넥스트 스파크,3396
2017-09,국산,기아,스포티지,3337
2017-09,수입,BMW,5 Series,3215
2017-09,국산,기아,K7,3004
2017-09,국산,기아,K5,2924
2017-09,국산,제네시스,G80,2857
2017-09,수입,벤츠,E-Class,2823
2017-09,국산,르노코리아,QM6,2468
2017-09,국산,기아,니로,2393
2017-09,국산,기아,K3,2376
2017-09,국산,현대,그랜저 hybrid,2334
2017-09,국산,르노코리아,SM6,2265
2017-09,국산,현대,투싼ix FCEV/ 버스/트럭 (현대),2209
2017-09,국산,쉐보레,올 뉴 말리부,2190
2017-09,국산,기아,스토닉,1932
2017-09,국산,KGM,코란도 스포츠,1892
2017-09,국산,KGM,G4 렉스턴,1639
2017-09,국산,기아,레이,1493
2017-09,국산,쉐보레,트랙스,1213
2017-09,국산,기아,모하비,1205
2017-09,국산,제네시스,EQ900,1051
2017-09,수입,BMW,3 Series,870
2017-09,국산,르노코리아,SM5 노바,855
2017-09,국산,현대,아이오닉 electric,846
2017-09,수입,혼다,Accord,808
2017-09,국산,기아,스팅어,765
2017-09,국산,르노코리아,뉴 QM3,724
2017-09,수입,렉서스,ES,673
2017-09,국산,쉐보레,올란도,601
2017-09,수입,랜드로버,Discovery Sport,600
2017-09,국산,현대,맥스크루즈,585
2017-09,국산,현대,엑센트,579
2017-09,수입,벤츠,CLS-Class,540
2017-09,수입,벤츠,C-Class,517
2017-09,국산,KGM,코란도 C,504
2017-09,국산,현대,쏘나타 뉴 라이즈 hybrid,437
2017-09,국산,현대,i30,429
2017-09,수입,미니,Hatch,425
2017-09,국산,르노코리아,SM7 노바,413
2017-09,국산,쉐보레,올 뉴 크루즈,413
2017-09,국산,기아,K7 하이브리드,406
2017-09,국산,현대,아이오닉 hybrid,404
2017-09,국산,제네시스,G70,386
2017-09,수입,벤츠,GLA-Class,384
2017-09,국산,르노코리아,SM3 네오,371
2017-09,수입,닛산,Altima,367
2017-09,국산,현대,마이티,355
2017-09,국산,쉐보레,다마스,334
2017-09,수입,벤츠,GLE-Class,330
2017-09,국산,쉐보레,라보,315
2017-09,국산,KGM,코란도 투리스모,295
2017-09,수입,포드,Explorer,294
2017-09,국산,르노코리아,SM3 Z.E.,266
2017-09,수입,BMW,7 Series,262
2017-09,수입,벤츠,S-Class,260
2017-09,수입,지프,Renegade,260
2017-09,국산,기아,쏘울 EV,259
2017-09,수입,미니,Clubman,244
2017-09,국산,기아,카렌스,240
2017-09,수입,토요타,Prius,229
2017-09,국산,쉐보레,임팔라,227
2017-09,수입,토요타,RAV4,222
2017-09,수입,미니,Countryman,218
2017-09,국산,기아,K5 하이브리드,217
2017-09,수입,렉서스,NX,207
2017-09,수입,토요타,Camry,203
2017-09,수입,랜드로버,Discovery,194
2017-09,수입,벤츠,CLA-Class,194
2017-09,수입,푸조,3008,192
2017-09,수입,벤츠,GLC-Class,191
2017-09,수입,재규어,XE,188
2017-09,수입,지프,Cherokee,183
2017-09,수입,벤츠,A-Class,181
2017-09,수입,랜드로버,Range Rover Evoque,178
2017-09,수입,BMW,X5,167
2017-09,수입,렉서스,RX,151
2017-09,수입,랜드로버,Range Rover Sport,148
2017-09,국산,현대,카운티,147
2017-09,수입,지프,Wrangler,146
2017-09,수입,BMW,X1,145
2017-09,국산,쉐보레,캡티바,132
2017-09,수입,BMW,4 Series,132
2017-09,수입,BMW,X4,130
2017-09,수입,지프,Grand Cherokee,129
2017-09,국산,기아,버스 (기아),118
2017-09,수입,랜드로버,Range Rover Velar,116
2017-09,수입,링컨,MKX,113
2017-09,수입,볼보,S90,111
2017-09,수입,재규어,XF,111
2017-09,수입,혼다,Pilot,96
2017-09,수입,BMW,i3,91
2017-09,수입,캐딜락,CT6,91
2017-09,국산,현대,쏠라티,90
2017-09,수입,링컨,Continental,90
2017-09,수입,BMW,X6,89
2017-09,수입,랜드로버,Range Rover,87
2017-09,수입,재규어,F-Pace,85
2017-09,수입,혼다,CR-V Turbo,85
2017-09,수입,포르쉐,718 Boxster,84
2017-09,수입,포르쉐,911,84
2017-09,수입,BMW,M,83
2017-09,국산,쉐보레,더 뉴 아베오,82
2017-09,수입,인피니티,Q30,79
2017-09,국산,기아,K9,78
2017-09,수입,링컨,MKZ,78
2017-09,수입,벤츠,GLS-Class,78
2017-09,국산,기아,쏘울,74
2017-09,수입,포드,Mustang,73
2017-09,수입,인피니티,Q50,71
2017-09,수입,볼보,S60,69
2017-09,수입,인피니티,QX60,66
2017-09,수입,렉서스,CT,65
2017-09,수입,포드,Mondeo,65
2017-09,수입,볼보,XC90,64
2017-09,수입,푸조,2008,63
2017-09,수입,볼보,V40,60
2017-09,수입,닛산,Juke,59
2017-09,수입,토요타,Sienna,58
2017-09,국산,쉐보레,카마로 SS,57
2017-09,수입,닛산,Maxima,49
2017-09,수입,볼보,V60 Cross Country,49
2017-09,수입,시트로엥,C4 Cactus,48
2017-09,수입,미니,Convertible,46
2017-09,수입,포드,Taurus,46
2017-09,수입,포드,Kuga,45
2017-09,수입,BMW,2 Series Active Tourer,43
2017-09,수입,볼보,XC60,40
2017-09,수입,캐딜락,CTS,40
2017-09,국산,KGM,체어맨 W,38
2017-09,수입,닛산,Pathfinder,37
2017-09,수입,벤츠,B-class,36
2017-09,수입,벤츠,G-Class,36
2017-09,수입,캐딜락,XT5,36
2017-09,수입,시트로엥,Grand C4 Picasso,35
2017-09,수입,캐딜락,ATS,35
2017-09,수입,BMW,X3,33
2017-09,수입,포르쉐,Macan,33
2017-09,수입,포르쉐,Panamera,31
2017-09,수입,벤츠,SLC-Class,29
2017-09,수입,크라이슬러,300C,29
2017-09,수입,링컨,MKC,28
2017-09,수입,닛산,Murano,27
2017-09,수입,볼보,V90 Cross Country,27
2017-09,국산,현대,i40,26
2017-09,국산,기아,니로 플러그인 하이브리드,25
2017-09,수입,볼보,V60,25
2017-09,수입,인피니티,Q70,25
2017-09,국산,쉐보레,볼트 EV,24
2017-09,국산,현대,아슬란,24
2017-09,수입,푸조,308,23
2017-09,수입,재규어,XJ,22
2017-09,수입,볼보,V40 Cross Country,21
2017-09,수입,포르쉐,718 Cayman,21
2017-09,수입,지프,Compass,20
2017-09,수입,푸조,508,19
2017-09,수입,BMW,1 Series,18
2017-09,수입,포르쉐,Cayenne,16
2017-09,국산,현대,벨로스터,15
2017-09,수입,BMW,6 Series,15
2017-09,수입,렉서스,IS,14
2017-09,수입,혼다,Odyssey,14
2017-09,수입,토요타,86,13
2017-09,수입,캐딜락,Escalade,12
2017-09,수입,토요타,Prius V,12
2017-09,수입,토요타,Prius Prime,11
2017-09,수입,혼다,HR-V,10
2017-09,수입,렉서스,GS,9
2017-09,수입,푸조,208,9
2017-09,수입,혼다,Civic,9
2017-09,수입,재규어,F-Type,8
2017-09,국산,현대,쏘나타 뉴 라이즈 plug-in,7
2017-09,수입,벤틀리,Bentayga,7
2017-09,수입,시트로엥,DS3,7
2017-09,수입,토요타,Avalon,7
2017-09,수입,렉서스,LC,6
2017-09,수입,벤츠,Maybach S-Class,6
2017-09,수입,인피니티,QX50,6
2017-09,수입,테슬라,Model S,6
2017-09,국산,쉐보레,어메이징 뉴 크루즈,4
2017-09,수입,롤스로이스,Wraith,4
2017-09,수입,시트로엥,C4 Picasso,4
2017-09,국산,쉐보레,알페온,3
2017-09,수입,BMW,Gran Turismo,3
2017-09,수입,롤스로이스,Ghost Series II,3
2017-09,수입,인피니티,QX70,3
2017-09,수입,BMW,i8,2
2017-09,수입,닛산,Leaf,2
2017-09,수입,렉서스,LS,2
2017-09,수입,BMW,220d Coupe,1
2017-09,수입,렉서스,RC,1
2017-09,수입,롤스로이스,Dawn,1
2017-09,수입,벤츠,AMG GT,1
2017-10,국산,현대,포터2,7746
2017-10,국산,현대,쏘나타 뉴 라이즈,7039
2017-10,국산,현대,그랜저,6346
2017-10,국산,기아,쏘렌토,6200
2017-10,국산,현대,아반떼,6190
2017-10,국산,기아,모닝,5058
2017-10,국산,기아,봉고 3,4252
2017-10,국산,기아,카니발,4221
2017-10,국산,현대,싼타페,3861
2017-10,국산,현대,코나,3819
2017-10,국산,KGM,티볼리,3710
2017-10,국산,현대,투싼(2017),3444
2017-10,국산,쉐보레,더 넥스트 스파크,3228
2017-10,국산,기아,스포티지,3200
2017-10,국산,현대,스타렉스,3119
2017-10,국산,기아,K7,2813
2017-10,국산,기아,K3,2585
2017-10,국산,기아,K5,2536
2017-10,국산,제네시스,G80,2531
2017-10,국산,르노코리아,QM6,2279
2017-10,수입,BMW,5 Series,2247
2017-10,국산,현대,그랜저 hybrid,2227
2017-10,국산,르노코리아,SM6,2093
2017-10,국산,현대,버스/트럭/특장 (현대),1776
2017-10,국산,쉐보레,올 뉴 말리부,1762
2017-10,국산,KGM,코란도 스포츠,1714
2017-10,국산,기아,니로,1443
2017-10,수입,벤츠,E-Class,1317
2017-10,국산,KGM,G4 렉스턴,1278
2017-10,국산,기아,레이,1250
2017-10,국산,기아,스토닉,1089
2017-10,국산,르노코리아,SM5 노바,973
2017-10,국산,쉐보레,트랙스,959
2017-10,국산,제네시스,G70,958
2017-10,국산,기아,모하비,937
2017-10,수입,BMW,3 Series,937
2017-10,수입,벤츠,S-Class,825
2017-10,수입,혼다,Accord,806
2017-10,국산,제네시스,EQ900,774
2017-10,수입,토요타,Camry,767
2017-10,국산,기아,스팅어,741
2017-10,국산,르노코리아,뉴 QM3,714
2017-10,수입,벤츠,C-Class,675
2017-10,국산,현대,아이오닉 electric,649
2017-10,수입,렉서스,ES,571
2017-10,국산,현대,엑센트,544
2017-10,수입,벤츠,GLA-Class,502
2017-10,국산,현대,맥스크루즈,468
2017-10,수입,포드,Explorer,457
2017-10,국산,쉐보레,올란도,437
2017-10,국산,KGM,코란도 C,397
2017-10,국산,기아,K7 하이브리드,397
2017-10,국산,르노코리아,SM7 노바,377
2017-10,수입,미니,Hatch,341
2017-10,국산,르노코리아,SM3 네오,340
2017-10,국산,현대,아이오닉 hybrid,340
2017-10,국산,르노코리아,SM3 Z.E.,334
2017-10,수입,랜드로버,Discovery Sport,329
2017-10,수입,닛산,Altima,323
2017-10,국산,현대,쏘나타 뉴 라이즈 hybrid,313
2017-10,국산,현대,i30,311
2017-10,국산,쉐보레,올 뉴 크루즈,297
2017-10,수입,벤츠,CLA-Class,295
2017-10,국산,쉐보레,라보,294
2017-10,국산,KGM,코란도 투리스모,282
2017-10,수입,랜드로버,Discovery,262
2017-10,국산,쉐보레,다마스,259
2017-10,국산,현대,마이티,244
2017-10,수입,벤츠,CLS-Class,241
2017-10,국산,기아,K5 하이브리드,217
2017-10,수입,BMW,7 Series,206
2017-10,수입,벤츠,A-Class,204
2017-10,국산,기아,카렌스,194
2017-10,수입,BMW,X5,194
2017-10,수입,지프,Renegade,194
2017-10,수입,BMW,1 Series,185
2017-10,수입,미니,Clubman,178
2017-10,국산,쉐보레,임팔라,166
2017-10,수입,볼보,XC60,165
2017-10,수입,토요타,Prius,163
2017-10,국산,기아,쏘울 EV,161
2017-10,수입,BMW,4 Series,149
2017-10,국산,쉐보레,캡티바,141
2017-10,국산,현대,카운티,141
2017-10,수입,렉서스,NX,139
2017-10,수입,지프,Cherokee,136
2017-10,수입,미니,Countryman,127
2017-10,수입,BMW,X6,125
2017-10,수입,BMW,M,124
2017-10,수입,토요타,RAV4,121
2017-10,수입,랜드로버,Range Rover Evoque,118
2017-10,수입,푸조,3008,117
2017-10,수입,렉서스,RX,113
2017-10,수입,벤츠,Maybach S-Class,113
2017-10,수입,볼보,S90,108
2017-10,수입,벤츠,GLE-Class,102
2017-10,수입,랜드로버,Range Rover Sport,95
2017-10,수입,인피니티,Q30,93
2017-10,수입,지프,Wrangler,92
2017-10,국산,기아,버스 (기아),85
2017-10,수입,재규어,XE,83
2017-10,수입,벤츠,GLC-Class,82
2017-10,국산,현대,쏠라티,80
2017-10,수입,랜드로버,Range Rover Velar,80
2017-10,수입,벤츠,GLS-Class,77
2017-10,수입,볼보,XC90,77
2017-10,국산,기아,K9,73
2017-10,수입,포드,Mustang,73
2017-10,수입,지프,Grand Cherokee,72
2017-10,수입,푸조,2008,69
2017-10,수입,BMW,X1,67
2017-10,수입,렉서스,CT,60
2017-10,수입,혼다,Pilot,59
2017-10,수입,링컨,MKX,58
2017-10,국산,쉐보레,더 뉴 아베오,57
2017-10,수입,인피니티,Q50,57
2017-10,수입,랜드로버,Range Rover,56
2017-10,수입,캐딜락,CT6,56
2017-10,수입,링컨,Continental,53
2017-10,수입,재규어,F-Pace,53
2017-10,수입,재규어,XF,53
2017-10,국산,기아,쏘울,52
2017-10,수입,BMW,i3,51
2017-10,수입,볼보,S60,51
2017-10,수입,BMW,2 Series Active Tourer,49
2017-10,수입,닛산,Juke,49
2017-10,수입,닛산,Maxima,49
2017-10,수입,혼다,CR-V Turbo,49
2017-10,수입,시트로엥,C4 Cactus,48
2017-10,수입,벤츠,SLC-Class,47
2017-10,수입,인피니티,QX60,46
2017-10,국산,현대,i40,44
2017-10,국산,쉐보레,볼트 EV,41
2017-10,수입,볼보,V40,40
2017-10,수입,볼보,V90 Cross Country,39
2017-10,수입,포르쉐,911,39
2017-10,수입,포르쉐,Panamera,39
2017-10,수입,링컨,MKZ,38
2017-10,수입,토요타,Sienna,37
2017-10,국산,KGM,체어맨 W,33
2017-10,수입,볼보,V60 Cross Country,32
2017-10,수입,캐딜락,CTS,32
2017-10,수입,포드,Mondeo,31
2017-10,수입,BMW,Gran Turismo,30
2017-10,수입,벤츠,B-class,30
2017-10,국산,쉐보레,카마로 SS,29
2017-10,수입,캐딜락,ATS,29
2017-10,수입,푸조,308,29
2017-10,수입,테슬라,Model S,28
2017-10,수입,포르쉐,Macan,26
2017-10,수입,닛산,Murano,25
2017-10,수입,벤츠,G-Class,25
2017-10,국산,현대,아슬란,24
2017-10,수입,푸조,508,23
2017-10,수입,포르쉐,718 Boxster,22
2017-10,국산,현대,벨로스터,21
2017-10,수입,인피니티,Q70,21
2017-10,수입,닛산,Pathfinder,20
2017-10,수입,포드,Taurus,18
2017-10,국산,기아,니로 플러그인 하이브리드,17
2017-10,수입,벤틀리,Flying Spur,17
2017-10,수입,재규어,XJ,17
2017-10,수입,볼보,V60,15
2017-10,수입,캐딜락,XT5,15
2017-10,수입,포드,Kuga,15
2017-10,수입,미니,Convertible,14
2017-10,수입,BMW,X4,13
2017-10,수입,링컨,MKC,13
2017-10,수입,시트로엥,Grand C4 Picasso,13
2017-10,수입,지프,Compass,13
2017-10,수입,포르쉐,718 Cayman,13
2017-10,수입,렉서스,GS,12
2017-10,수입,벤틀리,Bentayga,12
2017-10,수입,푸조,208,11
2017-10,수입,BMW,6 Series,10
2017-10,수입,BMW,i8,10
2017-10,수입,혼다,HR-V,10
2017-10,수입,토요타,Avalon,9
2017-10,수입,시트로엥,C4 Picasso,8
2017-10,수입,포르쉐,Cayenne,8
2017-10,수입,볼보,V40 Cross Country,7
2017-10,수입,재규어,F-Type,7
2017-10,수입,캐딜락,Escalade,7
2017-10,수입,렉서스,IS,6
2017-10,수입,크라이슬러,300C,6
2017-10,수입,토요타,Prius V,6
2017-10,수입,벤츠,SL-Class,4
2017-10,수입,인피니티,QX50,4
2017-10,수입,토요타,86,4
2017-10,수입,혼다,Odyssey,4
2017-10,국산,현대,쏘나타 뉴 라이즈 plug-in,3
2017-10,수입,BMW,X3,3
2017-10,수입,롤스로이스,Ghost Series II,3
2017-10,수입,토요타,Prius Prime,3
2017-10,국산,쉐보레,알페온,2
2017-10,수입,렉서스,LC,2
2017-10,수입,렉서스,LS,2
2017-10,수입,시트로엥,DS3,2
2017-10,수입,인피니티,QX70,2
2017-10,수입,혼다,Civic,2
2017-10,수입,닛산,370Z,1
2017-10,수입,렉서스,RC,1
2017-10,수입,롤스로이스,Dawn,1
2017-10,수입,롤스로이스,Wraith,1
2017-10,수입,벤틀리,Mulsanne,1
2017-10,수입,시트로엥,DS5,1
2017-11,국산,현대,포터2,9601
2017-11,국산,기아,쏘렌토,8107
2017-11,국산,현대,그랜저,7879
2017-11,국산,현대,아반떼,7183
2017-11,국산,현대,쏘나타 뉴 라이즈,6807
2017-11,국산,기아,모닝,6010
2017-11,국산,기아,카니발,5655
2017-11,국산,기아,봉고 3,5453
2017-11,국산,현대,투싼(2017),4602
2017-11,국산,현대,싼타페,4522
2017-11,국산,현대,코나,4324
2017-11,국산,KGM,티볼리,4298
2017-11,국산,현대,스타렉스,4296
2017-11,수입,BMW,5 Series,4087
2017-11,국산,기아,스포티지,4011
2017-11,국산,쉐보레,더 넥스트 스파크,3806
2017-11,국산,제네시스,G80,3758
2017-11,국산,기아,K5,3556
2017-11,국산,기아,K7,3251
2017-11,국산,기아,니로,3040
2017-11,국산,르노코리아,QM6,2882
2017-11,국산,기아,K3,2819
2017-11,수입,벤츠,E-Class,2617
2017-11,국산,현대,그랜저 hybrid,2302
2017-11,국산,르노코리아,SM6,2219
2017-11,국산,쉐보레,올 뉴 말리부,2202
2017-11,국산,현대,투싼ix FCEV / 버스 / 트럭 / 특장,2185
2017-11,국산,KGM,코란도 스포츠,2015
2017-11,국산,기아,레이,1997
2017-11,국산,KGM,G4 렉스턴,1736
2017-11,국산,제네시스,G70,1591
2017-11,국산,쉐보레,트랙스,1401
2017-11,국산,기아,스토닉,1302
2017-11,수입,BMW,3 Series,1124
2017-11,국산,기아,모하비,1118
2017-11,국산,르노코리아,뉴 QM3,1098
2017-11,국산,르노코리아,SM5 노바,1077
2017-11,국산,현대,아이오닉 electric,961
2017-11,국산,제네시스,EQ900,938
2017-11,수입,토요타,Camry,931
2017-11,수입,벤츠,S-Class,832
2017-11,국산,쉐보레,올 뉴 크루즈,821
2017-11,국산,기아,스팅어,718
2017-11,국산,쉐보레,올란도,718
2017-11,국산,현대,엑센트,685
2017-11,국산,기아,쏘울 EV,663
2017-11,수입,벤츠,GLC-Class,654
2017-11,국산,현대,쏘나타 뉴 라이즈 hybrid,648
2017-11,수입,렉서스,ES,612
2017-11,수입,벤츠,C-Class,593
2017-11,수입,벤츠,GLA-Class,577
2017-11,국산,기아,K7 하이브리드,483
2017-11,국산,KGM,코란도 C,448
2017-11,국산,현대,i30,430
2017-11,국산,현대,아이오닉 hybrid,424
2017-11,수입,혼다,Accord,424
2017-11,수입,포드,Explorer,420
2017-11,수입,벤츠,CLA-Class,398
2017-11,국산,르노코리아,SM7 노바,388
2017-11,수입,미니,Hatch,388
2017-11,국산,쉐보레,라보,384
2017-11,국산,쉐보레,다마스,381
2017-11,수입,닛산,Altima,336
2017-11,국산,르노코리아,SM3 네오,329
2017-11,국산,현대,맥스크루즈,320
2017-11,국산,르노코리아,SM3 Z.E.,309
2017-11,수입,BMW,7 Series,297
2017-11,수입,렉서스,NX,293
2017-11,수입,랜드로버,Discovery,284
2017-11,국산,쉐보레,임팔라,273
2017-11,수입,BMW,X5,272
2017-11,수입,랜드로버,Discovery Sport,268
2017-11,수입,BMW,4 Series,264
2017-11,수입,BMW,1 Series,262
2017-11,국산,KGM,코란도 투리스모,259
2017-11,국산,현대,마이티,253
2017-11,수입,혼다,Odyssey,245
2017-11,국산,기아,카렌스,236
2017-11,국산,기아,K5 하이브리드,230
2017-11,수입,BMW,X6,226
2017-11,수입,지프,Cherokee,213
2017-11,수입,미니,Clubman,207
2017-11,수입,지프,Renegade,206
2017-11,수입,미니,Countryman,204
2017-11,수입,벤츠,A-Class,204
2017-11,수입,볼보,XC60,180
2017-11,국산,쉐보레,캡티바,178
2017-11,수입,랜드로버,Range Rover Velar,174
2017-11,수입,토요타,RAV4,169
2017-11,수입,토요타,Prius,155
2017-11,수입,볼보,S90,148
2017-11,국산,기아,K9,147
2017-11,수입,지프,Grand Cherokee,145
2017-11,수입,지프,Wrangler,140
2017-11,수입,푸조,3008,138
2017-11,수입,랜드로버,Range Rover Evoque,130
2017-11,수입,렉서스,RX,128
2017-11,수입,인피니티,Q30,126
2017-11,국산,기아,버스 (기아),124
2017-11,수입,랜드로버,Range Rover Sport,115
2017-11,수입,볼보,S60,110
2017-11,수입,캐딜락,CT6,107
2017-11,수입,재규어,XE,105
2017-11,수입,혼다,Pilot,100
2017-11,수입,벤츠,CLS-Class,94
2017-11,수입,벤츠,Maybach S-Class,93
2017-11,수입,볼보,XC90,89
2017-11,수입,BMW,2 Series Active Tourer,87
2017-11,수입,BMW,M,84
2017-11,국산,기아,쏘울,83
2017-11,수입,재규어,XF,83
2017-11,국산,쉐보레,볼트 EV,82
2017-11,국산,현대,쏠라티,81
2017-11,수입,랜드로버,Range Rover,81
2017-11,수입,벤츠,GLS-Class,80
2017-11,국산,쉐보레,더 뉴 아베오,75
2017-11,수입,푸조,2008,71
2017-11,수입,링컨,MKZ,68
2017-11,수입,벤츠,GLE-Class,68
2017-11,수입,토요타,Sienna,67
2017-11,수입,재규어,F-Pace,66
2017-11,수입,링컨,MKX,65
2017-11,수입,포드,Mustang,65
2017-11,수입,렉서스,CT,61
2017-11,수입,링컨,Continental,60
2017-11,수입,포르쉐,Panamera,59
2017-11,수입,닛산,Maxima,56
2017-11,수입,푸조,5008,56
2017-11,수입,볼보,V40,55
2017-11,수입,인피니티,QX60,47
2017-11,수입,BMW,Gran Turismo,46
2017-11,수입,혼다,CR-V Turbo,46
2017-11,수입,볼보,V60 Cross Country,42
2017-11,수입,캐딜락,XT5,42
2017-11,국산,현대,벨로스터,41
2017-11,수입,테슬라,Model S,40
2017-11,국산,현대,아슬란,39
2017-11,수입,포드,Kuga,37
2017-11,수입,BMW,X3,36
2017-11,수입,캐딜락,ATS,36
2017-11,수입,혼다,Civic,36
2017-11,수입,볼보,V90 Cross Country,34
2017-11,수입,포드,Mondeo,34
2017-11,수입,포르쉐,911,34
2017-11,수입,아우디,R8,33
2017-11,수입,벤츠,G-Class,31
2017-11,국산,쉐보레,카마로 SS,28
2017-11,수입,닛산,Juke,28
2017-11,수입,인피니티,Q50,28
2017-11,수입,벤츠,B-class,27
2017-11,수입,포르쉐,Macan,27
2017-11,수입,링컨,MKC,26
2017-11,수입,벤츠,SLC-Class,26
2017-11,수입,시트로엥,C4 Cactus,26
2017-11,수입,캐딜락,CTS,25
2017-11,수입,포르쉐,718 Boxster,25
2017-11,수입,BMW,i3,23
2017-11,수입,벤틀리,Flying Spur,23
2017-11,국산,기아,니로 플러그인 하이브리드,22
2017-11,수입,닛산,Pathfinder,22
2017-11,국산,현대,i40,21
2017-11,수입,푸조,308,21
2017-11,수입,미니,Convertible,20
2017-11,수입,포드,Taurus,20
2017-11,수입,푸조,508,20
2017-11,수입,시트로엥,Grand C4 Picasso,19
2017-11,수입,닛산,Murano,18
2017-11,수입,재규어,XJ,17
2017-11,국산,KGM,체어맨 W,13
2017-11,수입,포르쉐,Cayenne,13
2017-11,수입,BMW,6 Series,12
2017-11,수입,포르쉐,718 Cayman,12
2017-11,수입,볼보,V60,11
2017-11,수입,볼보,V40 Cross Country,10
2017-11,수입,렉서스,IS,9
2017-11,수입,인피니티,QX50,9
2017-11,수입,재규어,F-Type,8
2017-11,수입,토요타,Prius V,8
2017-11,수입,인피니티,Q70,7
2017-11,수입,토요타,Avalon,7
2017-11,수입,렉서스,GS,6
2017-11,수입,벤틀리,Bentayga,6
2017-11,수입,푸조,208,6
2017-11,수입,지프,Compass,5
2017-11,수입,캐딜락,Escalade,5
2017-11,국산,현대,쏘나타 뉴 라이즈 plug-in,4
2017-11,수입,BMW,i8,4
2017-11,수입,렉서스,LC,4
2017-11,수입,크라이슬러,300C,4
2017-11,수입,토요타,86,4
2017-11,수입,토요타,Prius Prime,4
2017-11,수입,롤스로이스,Ghost Series II,3
2017-11,수입,롤스로이스,Wraith,3
2017-11,수입,혼다,HR-V,3
2017-11,국산,기아,K5 플러그인 하이브리드,2
2017-11,수입,BMW,X4,2
2017-11,수입,벤츠,SL-Class,2
2017-11,수입,시트로엥,C4 Picasso,2
2017-11,수입,인피니티,QX80,2
2017-11,수입,BMW,X1,1
2017-11,수입,롤스로이스,Dawn,1
2017-11,수입,시트로엥,DS3,1
2017-11,수입,시트로엥,DS5,1
2017-12,국산,현대,그랜저,7194
2017-12,국산,현대,포터2,7152
2017-12,국산,현대,아반떼,6848
2017-12,국산,기아,쏘렌토,6750
2017-12,국산,기아,모닝,5781
2017-12,국산,현대,쏘나타 뉴 라이즈,5708
2017-12,국산,기아,봉고 3,5195
2017-12,국산,기아,카니발,5039
2017-12,국산,KGM,티볼리,4885
2017-12,국산,쉐보레,더 넥스트 스파크,4618
2017-12,국산,기아,스포티지,4480
2017-12,국산,현대,싼타페,4142
2017-12,국산,현대,투싼(2017),3888
2017-12,수입,BMW,5 Series,3796
2017-12,국산,기아,K7,3111
2017-12,국산,제네시스,G80,3092
2017-12,국산,기아,K5,3084
2017-12,국산,기아,레이,3068
2017-12,국산,르노코리아,QM6,3049
2017-12,국산,르노코리아,SM6,3033
2017-12,국산,현대,스타렉스,2929
2017-12,국산,기아,니로,2901
2017-12,국산,쉐보레,올 뉴 말리부,2652
2017-12,국산,현대,코나,2618
2017-12,국산,KGM,코란도 스포츠,2353
2017-12,국산,기아,K3,2344
2017-12,국산,KGM,G4 렉스턴,2233
2017-12,국산,현대,그랜저 hybrid,1886
2017-12,국산,현대,버스/트럭 (현대),1879
2017-12,국산,기아,스토닉,1813
2017-12,국산,제네시스,G70,1619
2017-12,국산,쉐보레,트랙스,1548
2017-12,수입,벤츠,E-Class,1544
2017-12,수입,BMW,3 Series,1237
2017-12,국산,르노코리아,뉴 QM3,1211
2017-12,국산,르노코리아,SM5 노바,1204
2017-12,국산,쉐보레,올 뉴 크루즈,1046
2017-12,국산,기아,모하비,985
2017-12,국산,현대,엑센트,979
2017-12,국산,제네시스,EQ900,809
2017-12,국산,KGM,코란도 C,789
2017-12,국산,쉐보레,올란도,770
2017-12,국산,현대,아이오닉 electric,768
2017-12,수입,렉서스,ES,725
2017-12,수입,랜드로버,Discovery Sport,665
2017-12,수입,벤츠,S-Class,638
2017-12,국산,현대,쏘나타 뉴 라이즈 hybrid,609
2017-12,국산,기아,K7 하이브리드,555
2017-12,수입,벤츠,C-Class,503
2017-12,국산,르노코리아,SM7 노바,502
2017-12,수입,포드,Explorer,501
2017-12,수입,토요타,Camry,488
2017-12,수입,미니,Hatch,483
2017-12,국산,기아,스팅어,455
2017-12,수입,미니,Countryman,447
2017-12,국산,르노코리아,트위지,432
2017-12,수입,벤츠,GLA-Class,414
2017-12,국산,현대,아이오닉 hybrid,394
2017-12,국산,KGM,코란도 투리스모,387
2017-12,국산,르노코리아,SM3 네오,386
2017-12,국산,현대,맥스크루즈,383
2017-12,수입,닛산,Altima,375
2017-12,국산,쉐보레,다마스,334
2017-12,국산,쉐보레,라보,329
2017-12,수입,BMW,7 Series,324
2017-12,수입,BMW,X5,318
2017-12,수입,토요타,Prius,314
2017-12,수입,렉서스,NX,313
2017-12,국산,쉐보레,임팔라,288
2017-12,국산,현대,i30,283
2017-12,수입,벤츠,CLA-Class,277
2017-12,국산,기아,K5 하이브리드,271
2017-12,수입,지프,Renegade,270
2017-12,수입,BMW,1 Series,267
2017-12,수입,BMW,4 Series,259
2017-12,국산,기아,카렌스,258
2017-12,수입,BMW,X6,257
2017-12,수입,랜드로버,Discovery,253
2017-12,수입,벤츠,GLC-Class,244
2017-12,수입,미니,Clubman,222
2017-12,수입,랜드로버,Range Rover Evoque,194
2017-12,수입,테슬라,Model S,181
2017-12,수입,지프,Cherokee,180
2017-12,수입,포르쉐,Panamera,180
2017-12,수입,토요타,RAV4,165
2017-12,수입,재규어,F-Pace,163
2017-12,수입,지프,Grand Cherokee,159
2017-12,수입,혼다,Accord,158
2017-12,수입,캐딜락,CT6,155
2017-12,국산,기아,K9,151
2017-12,국산,쉐보레,캡티바,151
2017-12,수입,랜드로버,Range Rover Velar,150
2017-12,수입,지프,Wrangler,150
2017-12,수입,벤츠,A-Class,149
2017-12,수입,푸조,3008,142
2017-12,수입,혼다,Pilot,139
2017-12,국산,르노코리아,SM3 Z.E.,136
2017-12,수입,재규어,XF,132
2017-12,수입,혼다,CR-V Turbo,118
2017-12,수입,랜드로버,Range Rover Sport,114
2017-12,수입,푸조,5008,109
2017-12,국산,기아,버스 (기아),108
2017-12,수입,인피니티,Q30,105
2017-12,국산,기아,쏘울 EV,98
2017-12,수입,렉서스,RX,98
2017-12,수입,링컨,MKZ,98
2017-12,수입,포르쉐,Macan,91
2017-12,수입,BMW,M,83
2017-12,수입,BMW,2 Series Active Tourer,80
2017-12,수입,푸조,2008,78
2017-12,수입,랜드로버,Range Rover,77
2017-12,수입,BMW,Gran Turismo,76
2017-12,수입,혼다,Civic,76
2017-12,수입,렉서스,LS,74
2017-12,수입,링컨,Continental,73
2017-12,수입,재규어,XE,72
2017-12,수입,볼보,S60,69
2017-12,수입,혼다,Odyssey,69
2017-12,국산,현대,쏠라티,68
2017-12,수입,BMW,X3,63
2017-12,수입,캐딜락,XT5,62
2017-12,수입,렉서스,CT,59
2017-12,수입,인피니티,Q50,59
2017-12,수입,벤츠,GLS-Class,55
2017-12,수입,인피니티,QX60,54
2017-12,국산,현대,아슬란,52
2017-12,수입,토요타,Sienna,51
2017-12,수입,포드,Kuga,48
2017-12,수입,닛산,Maxima,45
2017-12,수입,볼보,S90,45
2017-12,수입,벤츠,Maybach S-Class,43
2017-12,수입,포드,Mustang,43
2017-12,국산,쉐보레,더 뉴 아베오,38
2017-12,수입,포드,Mondeo,38
2017-12,수입,시트로엥,C4 Cactus,35
2017-12,수입,미니,Convertible,34
2017-12,수입,푸조,308,34
2017-12,수입,캐딜락,ATS,33
2017-12,수입,포르쉐,911,33
2017-12,수입,포드,Taurus,32
2017-12,수입,재규어,XJ,31
2017-12,국산,쉐보레,어메이징 뉴 크루즈,30
2017-12,국산,현대,벨로스터,30
2017-12,수입,벤츠,B-class,30
2017-12,수입,푸조,508,30
2017-12,국산,현대,i40,29
2017-12,수입,시트로엥,Grand C4 Picasso,29
2017-12,국산,기아,쏘울,28
2017-12,수입,링컨,MKC,28
2017-12,수입,캐딜락,CTS,28
2017-12,수입,링컨,MKX,26
2017-12,국산,기아,니로 플러그인 하이브리드,25
2017-12,수입,렉서스,IS,25
2017-12,국산,쉐보레,볼트 EV,24
2017-12,국산,쉐보레,카마로 SS,24
2017-12,수입,벤츠,CLS-Class,23
2017-12,수입,BMW,6 Series,21
2017-12,수입,닛산,Pathfinder,21
2017-12,수입,볼보,V40,21
2017-12,수입,볼보,V60 Cross Country,20
2017-12,수입,인피니티,QX50,19
2017-12,수입,벤츠,SLC-Class,18
2017-12,수입,벤틀리,Flying Spur,18
2017-12,수입,포르쉐,718 Boxster,18
2017-12,수입,포르쉐,718 Cayman,17
2017-12,수입,BMW,i3,15
2017-12,수입,벤틀리,Bentayga,14
2017-12,수입,렉서스,GS,13
2017-12,수입,볼보,V90 Cross Country,13
2017-12,수입,푸조,208,13
2017-12,수입,벤츠,GLE-Class,12
2017-12,수입,볼보,XC90,12
2017-12,수입,벤틀리,Continental,11
2017-12,수입,BMW,i8,10
2017-12,수입,아우디,R8,10
2017-12,수입,포르쉐,Cayenne,10
2017-12,수입,닛산,Juke,9
2017-12,수입,토요타,Avalon,8
2017-12,수입,닛산,Murano,7
2017-12,수입,벤츠,G-Class,7
2017-12,수입,토요타,Prius V,7
2017-12,수입,인피니티,Q70,6
2017-12,수입,재규어,F-Type,6
2017-12,수입,혼다,HR-V,6
2017-12,수입,시트로엥,C4 Picasso,5
2017-12,수입,볼보,XC60,4
2017-12,수입,롤스로이스,Ghost Series II,3
2017-12,수입,롤스로이스,Wraith,3
2017-12,수입,볼보,V60,3
2017-12,수입,시트로엥,DS3,3
2017-12,수입,캐딜락,Escalade,3
2017-12,수입,토요타,Prius Prime,3
2017-12,국산,기아,K5 플러그인 하이브리드,2
2017-12,국산,현대,쏘나타 뉴 라이즈 plug-in,2
2017-12,수입,람보르기니,Huracan,2
2017-12,수입,벤츠,SL-Class,2
2017-12,수입,토요타,86,2
2017-12,수입,BMW,X4,1
2017-12,수입,닛산,370Z,1
2017-12,수입,렉서스,LC,1
2017-12,수입,렉서스,RC,1
2017-12,수입,롤스로이스,Dawn,1
2017-12,수입,벤틀리,Mulsanne,1
2017-12,수입,지프,Compass,1
2018-01,국산,현대,그랜저,7662
2018-01,국산,현대,포터2,6247
2018-01,국산,기아,쏘렌토,5906
2018-01,국산,현대,아반떼,5677
2018-01,국산,현대,쏘나타 뉴 라이즈,5230
2018-01,국산,기아,봉고 3,4886
2018-01,국산,기아,카니발,4669
2018-01,국산,기아,모닝,4487
2018-01,수입,벤츠,E-Class,4208
2018-01,국산,제네시스,G80,4047
2018-01,국산,현대,그랜드 스타렉스,3903
2018-01,국산,현대,코나,3507
2018-01,국산,기아,스포티지,3353
2018-01,국산,쉐보레,더 넥스트 스파크,3347
2018-01,국산,KGM,티볼리,3117
2018-01,국산,현대,싼타페,2957
2018-01,국산,기아,K7,2875
2018-01,국산,현대,투싼(2017),2796
2018-01,수입,BMW,5 Series,2683
2018-01,국산,기아,K5,2659
2018-01,국산,기아,레이,2645
2018-01,국산,KGM,렉스턴 스포츠,2585
2018-01,국산,현대,버스/트럭/투싼 수소차 (현대),2252
2018-01,국산,르노코리아,QM6,2162
2018-01,국산,기아,스토닉,1987
2018-01,국산,현대,그랜저 hybrid,1939
2018-01,국산,르노코리아,SM6,1856
2018-01,국산,기아,K3,1596
2018-01,국산,기아,니로,1489
2018-01,국산,쉐보레,올 뉴 말리부,1476
2018-01,국산,제네시스,G70,1418
2018-01,국산,KGM,G4 렉스턴,1351
2018-01,수입,벤츠,C-Class,1194
2018-01,국산,현대,아이오닉 electric,1086
2018-01,국산,쉐보레,트랙스,987
2018-01,국산,제네시스,EQ900,939
2018-01,국산,르노코리아,SM5 노바,933
2018-01,국산,기아,모하비,883
2018-01,수입,벤츠,S-Class,873
2018-01,수입,BMW,3 Series,826
2018-01,수입,렉서스,ES,733
2018-01,국산,르노코리아,뉴 QM3,659
2018-01,수입,포드,Explorer,617
2018-01,국산,현대,엑센트,523
2018-01,국산,쉐보레,올 뉴 크루즈,487
2018-01,국산,기아,스팅어,484
2018-01,국산,쉐보레,올란도,476
2018-01,국산,기아,K7 하이브리드,473
2018-01,국산,르노코리아,SM3 네오,418
2018-01,수입,토요타,Camry,397
2018-01,국산,KGM,코란도 C,367
2018-01,국산,르노코리아,SM7 노바,364
2018-01,수입,포르쉐,Panamera,337
2018-01,수입,벤츠,GLA-Class,334
2018-01,수입,벤츠,CLA-Class,333
2018-01,국산,현대,맥스크루즈,326
2018-01,국산,쉐보레,다마스,313
2018-01,수입,BMW,X6,305
2018-01,국산,현대,i30,301
2018-01,수입,BMW,X3,300
2018-01,국산,현대,쏘나타 뉴 라이즈 hybrid,289
2018-01,국산,쉐보레,라보,274
2018-01,수입,미니,Countryman,256
2018-01,수입,닛산,Altima,255
2018-01,수입,BMW,1 Series,253
2018-01,수입,렉서스,NX,247
2018-01,수입,랜드로버,Discovery Sport,245
2018-01,수입,BMW,X5,234
2018-01,수입,볼보,XC60,228
2018-01,수입,벤츠,GLC-Class,226
2018-01,국산,KGM,코란도 투리스모,223
2018-01,수입,아우디,A7,214
2018-01,국산,쉐보레,임팔라,208
2018-01,수입,BMW,7 Series,208
2018-01,국산,현대,아이오닉 hybrid,207
2018-01,수입,BMW,Gran Turismo,198
2018-01,국산,기아,카렌스,185
2018-01,수입,토요타,RAV4,181
2018-01,수입,BMW,4 Series,175
2018-01,수입,랜드로버,Discovery,174
2018-01,수입,재규어,F-Pace,169
2018-01,국산,기아,K5 하이브리드,165
2018-01,수입,볼보,S90,165
2018-01,수입,렉서스,RX,163
2018-01,수입,재규어,XF,161
2018-01,수입,푸조,3008,154
2018-01,수입,볼보,XC90,153
2018-01,수입,토요타,Sienna,152
2018-01,국산,쉐보레,캡티바,151
2018-01,수입,볼보,S60,143
2018-01,수입,미니,Hatch,142
2018-01,수입,벤츠,A-Class,139
2018-01,수입,토요타,Prius,134
2018-01,수입,혼다,CR-V Turbo,134
2018-01,수입,랜드로버,Range Rover Velar,129
2018-01,국산,기아,K9,127
2018-01,수입,푸조,5008,114
2018-01,국산,기아,버스 (기아),111
2018-01,국산,쉐보레,더 뉴 아베오,103
2018-01,수입,랜드로버,Range Rover Evoque,98
2018-01,수입,혼다,Pilot,93
2018-01,수입,지프,Grand Cherokee,92
2018-01,수입,혼다,Odyssey,91
2018-01,국산,기아,쏘울,89
2018-01,수입,링컨,MKZ,83
2018-01,국산,현대,쏠라티,80
2018-01,수입,BMW,i8,78
2018-01,수입,인피니티,Q30,78
2018-01,수입,지프,Wrangler,76
2018-01,수입,포르쉐,Macan,73
2018-01,수입,지프,Cherokee,71
2018-01,수입,링컨,Continental,70
2018-01,수입,BMW,2 Series Active Tourer,68
2018-01,수입,링컨,MKX,67
2018-01,수입,캐딜락,CT6,66
2018-01,수입,벤츠,GLS-Class,63
2018-01,수입,BMW,M,60
2018-01,수입,벤츠,B-class,59
2018-01,수입,포드,Mondeo,59
2018-01,수입,볼보,V90 Cross Country,57
2018-01,수입,볼보,V40,51
2018-01,수입,포르쉐,911,50
2018-01,수입,포르쉐,718 Boxster,48
2018-01,수입,푸조,2008,46
2018-01,수입,지프,Renegade,45
2018-01,수입,마세라티,Ghibli,42
2018-01,수입,마세라티,Levante,42
2018-01,수입,미니,Clubman,42
2018-01,수입,랜드로버,Range Rover Sport,41
2018-01,수입,렉서스,LS,41
2018-01,수입,포드,Kuga,40
2018-01,수입,닛산,Maxima,39
2018-01,수입,랜드로버,Range Rover,39
2018-01,수입,인피니티,QX60,39
2018-01,수입,토요타,Prius V,39
2018-01,수입,볼보,V60 Cross Country,38
2018-01,수입,혼다,Civic,38
2018-01,수입,벤츠,Maybach S-Class,36
2018-01,수입,마세라티,Quattroporte,35
2018-01,수입,포드,Mustang,33
2018-01,국산,KGM,코란도 스포츠,32
2018-01,수입,렉서스,CT,31
2018-01,수입,시트로엥,C4 Cactus,30
2018-01,수입,캐딜락,XT5,28
2018-01,수입,테슬라,Model S,28
2018-01,국산,기아,니로 플러그인 하이브리드,27
2018-01,수입,인피니티,Q50,27
2018-01,수입,재규어,XE,26
2018-01,수입,인피니티,Q70,24
2018-01,수입,포드,Taurus,24
2018-01,국산,쉐보레,카마로 SS,22
2018-01,수입,재규어,XJ,21
2018-01,수입,캐딜락,Escalade,21
2018-01,국산,현대,아슬란,20
2018-01,수입,토요타,Avalon,19
2018-01,수입,포르쉐,718 Cayman,19
2018-01,수입,BMW,6 Series,17
2018-01,수입,벤츠,SLC-Class,17
2018-01,수입,시트로엥,Grand C4 Picasso,16
2018-01,수입,벤틀리,Flying Spur,15
2018-01,수입,푸조,208,15
2018-01,수입,푸조,308,15
2018-01,국산,현대,i40,14
2018-01,수입,링컨,MKC,14
2018-01,수입,닛산,Pathfinder,13
2018-01,수입,캐딜락,ATS,13
2018-01,수입,렉서스,GS,11
2018-01,수입,렉서스,IS,10
2018-01,수입,미니,Convertible,10
2018-01,수입,벤츠,G-Class,10
2018-01,수입,푸조,508,10
2018-01,국산,르노코리아,SM3 Z.E.,9
2018-01,수입,벤츠,CLS-Class,9
2018-01,수입,볼보,V60,9
2018-01,수입,벤츠,SL-Class,8
2018-01,수입,캐딜락,CTS,8
2018-01,수입,포르쉐,Cayenne,8
2018-01,국산,기아,쏘울 EV,7
2018-01,수입,벤틀리,Bentayga,7
2018-01,수입,인피니티,QX50,7
2018-01,수입,혼다,HR-V,7
2018-01,국산,현대,아이오닉 plug-in,5
2018-01,수입,롤스로이스,Ghost Series II,5
2018-01,수입,볼보,V40 Cross Country,5
2018-01,수입,인피니티,QX70,4
2018-01,수입,재규어,F-Type,4
2018-01,수입,시트로엥,C4 Picasso,3
2018-01,수입,토요타,86,3
2018-01,수입,토요타,Prius Prime,3
2018-01,국산,기아,K5 플러그인 하이브리드,2
2018-01,수입,BMW,i3,2
2018-01,수입,닛산,370Z,2
2018-01,수입,닛산,Murano,2
2018-01,수입,시트로엥,DS3,2
2018-01,수입,인피니티,QX80,2
2018-01,수입,혼다,Accord,2
2018-01,국산,르노코리아,트위지,1
2018-01,국산,현대,쏘나타 뉴 라이즈 plug-in,1
2018-01,수입,람보르기니,Huracan,1
2018-01,수입,롤스로이스,Wraith,1
2018-01,수입,마세라티,GranTurismo,1
2018-01,수입,벤틀리,Mulsanne,1
2018-01,수입,시트로엥,DS5,1
2018-02,국산,현대,그랜저,7359
2018-02,국산,현대,포터2,7194
2018-02,국산,기아,쏘렌토,5853
2018-02,국산,현대,아반떼,5807
2018-02,국산,현대,쏘나타 뉴 라이즈,4781
2018-02,국산,기아,모닝,4560
2018-02,국산,기아,봉고 3,4412
2018-02,국산,현대,싼타페,4141
2018-02,국산,기아,K5,3664
2018-02,국산,현대,코나,3366
2018-02,국산,현대,그랜드 스타렉스,3333
2018-02,수입,BMW,3 Series,3177
2018-02,국산,기아,카니발,3096
2018-02,국산,제네시스,G80,3055
2018-02,국산,현대,투싼(2017),2766
2018-02,국산,KGM,티볼리,2756
2018-02,국산,기아,스포티지,2699
2018-02,국산,KGM,렉스턴 스포츠,2627
2018-02,국산,기아,K7,2611
2018-02,수입,벤츠,E-Class,2519
2018-02,국산,쉐보레,더 넥스트 스파크,2399
2018-02,국산,기아,레이,2397
2018-02,국산,현대,버스/트럭 (현대),2165
2018-02,국산,기아,K3,1975
2018-02,수입,BMW,5 Series,1935
2018-02,국산,르노코리아,QM6,1883
2018-02,국산,기아,니로,1646
2018-02,국산,현대,그랜저 hybrid,1625
2018-02,국산,기아,스토닉,1616
2018-02,국산,르노코리아,SM6,1408
2018-02,국산,쉐보레,올 뉴 말리부,1161
2018-02,수입,벤츠,C-Class,1132
2018-02,국산,KGM,G4 렉스턴,1127
2018-02,수입,벤츠,GLC-Class,1079
2018-02,국산,제네시스,G70,1062
2018-02,국산,기아,모하비,1035
2018-02,국산,현대,아이오닉 electric,949
2018-02,국산,제네시스,EQ900,843
2018-02,수입,토요타,Camry,800
2018-02,국산,르노코리아,SM5 노바,768
2018-02,국산,쉐보레,트랙스,739
2018-02,수입,벤츠,S-Class,631
2018-02,수입,렉서스,ES,625
2018-02,국산,르노코리아,뉴 QM3,506
2018-02,수입,포드,Explorer,465
2018-02,국산,기아,스팅어,448
2018-02,국산,현대,엑센트,427
2018-02,국산,기아,K7 하이브리드,404
2018-02,국산,쉐보레,올란도,365
2018-02,국산,르노코리아,SM7 노바,359
2018-02,수입,닛산,Altima,330
2018-02,국산,현대,아이오닉 hybrid,322
2018-02,국산,르노코리아,SM3 네오,315
2018-02,수입,미니,Hatch,315
2018-02,국산,현대,i30,304
2018-02,국산,쉐보레,다마스,300
2018-02,국산,현대,쏘나타 뉴 라이즈 hybrid,294
2018-02,수입,벤츠,CLA-Class,292
2018-02,국산,KGM,코란도 C,288
2018-02,국산,쉐보레,라보,276
2018-02,국산,KGM,코란도 투리스모,259
2018-02,수입,랜드로버,Discovery Sport,242
2018-02,수입,벤츠,GLA-Class,239
2018-02,국산,쉐보레,올 뉴 크루즈,234
2018-02,국산,현대,맥스크루즈,231
2018-02,수입,미니,Countryman,209
2018-02,수입,푸조,3008,208
2018-02,수입,지프,Renegade,200
2018-02,수입,재규어,F-Pace,177
2018-02,국산,기아,K5 하이브리드,176
2018-02,수입,BMW,7 Series,176
2018-02,수입,재규어,XF,174
2018-02,수입,토요타,Prius,170
2018-02,수입,BMW,Gran Turismo,168
2018-02,수입,랜드로버,Discovery,168
2018-02,수입,렉서스,NX,159
2018-02,수입,랜드로버,Range Rover Evoque,151
2018-02,수입,포르쉐,Panamera,145
2018-02,국산,기아,카렌스,143
2018-02,수입,BMW,4 Series,139
2018-02,수입,렉서스,RX,136
2018-02,수입,랜드로버,Range Rover Velar,134
2018-02,수입,BMW,1 Series,132
2018-02,국산,쉐보레,임팔라,124
2018-02,수입,토요타,RAV4,121
2018-02,수입,볼보,S60,119
2018-02,수입,푸조,5008,112
2018-02,국산,현대,벨로스터,109
2018-02,수입,미니,Clubman,103
2018-02,수입,볼보,S90,103
2018-02,수입,혼다,CR-V Turbo,103
2018-02,수입,혼다,Pilot,101
2018-02,국산,기아,쏘울 EV,97
2018-02,수입,벤츠,A-Class,96
2018-02,국산,쉐보레,더 뉴 아베오,95
2018-02,국산,쉐보레,캡티바,88
2018-02,수입,인피니티,Q30,86
2018-02,국산,기아,버스/특수 (기아),85
2018-02,수입,벤츠,Maybach S-Class,82
2018-02,수입,토요타,Sienna,81
2018-02,수입,볼보,XC60,80
2018-02,수입,BMW,X3,79
2018-02,수입,BMW,X4,71
2018-02,수입,지프,Wrangler,69
2018-02,수입,BMW,X6,68
2018-02,수입,캐딜락,CT6,68
2018-02,국산,르노코리아,SM3 Z.E.,64
2018-02,수입,링컨,MKZ,63
2018-02,수입,지프,Grand Cherokee,62
2018-02,수입,재규어,XJ,61
2018-02,수입,혼다,Odyssey,61
2018-02,수입,혼다,Civic,60
2018-02,수입,닛산,Maxima,59
2018-02,국산,현대,쏠라티,55
2018-02,수입,BMW,2 Series Active Tourer,53
2018-02,수입,BMW,M,51
2018-02,수입,벤츠,B-class,51
2018-02,국산,르노코리아,트위지,50
2018-02,수입,지프,Cherokee,50
2018-02,수입,푸조,2008,48
2018-02,수입,렉서스,CT,47
2018-02,수입,링컨,Continental,47
2018-02,수입,마세라티,Levante,45
2018-02,수입,포드,Kuga,44
2018-02,수입,볼보,XC90,43
2018-02,수입,BMW,X5,42
2018-02,수입,랜드로버,Range Rover,42
2018-02,수입,렉서스,LS,42
2018-02,수입,링컨,MKX,42
2018-02,수입,재규어,XE,41
2018-02,국산,기아,K9,39
2018-02,수입,인피니티,Q50,38
2018-02,수입,포르쉐,911,38
2018-02,국산,기아,쏘울,37
2018-02,수입,볼보,V90 Cross Country,37
2018-02,수입,마세라티,Ghibli,36
2018-02,수입,볼보,V40,35
2018-02,수입,포르쉐,Macan,35
2018-02,수입,토요타,Prius V,34
2018-02,수입,포르쉐,718 Boxster,34
2018-02,수입,캐딜락,XT5,30
2018-02,수입,테슬라,Model S,30
2018-02,수입,포드,Mondeo,30
2018-02,수입,볼보,V60 Cross Country,29
2018-02,수입,캐딜락,Escalade,26
2018-02,수입,포드,Mustang,25
2018-02,수입,벤츠,GLS-Class,24
2018-02,수입,시트로엥,C4 Cactus,23
2018-02,수입,인피니티,QX60,23
2018-02,수입,벤틀리,Flying Spur,21
2018-02,수입,시트로엥,Grand C4 Picasso,20
2018-02,수입,마세라티,Quattroporte,19
2018-02,수입,벤츠,SLC-Class,19
2018-02,수입,토요타,Avalon,19
2018-02,국산,쉐보레,카마로 SS,18
2018-02,수입,아우디,R8,18
2018-02,수입,푸조,308,18
2018-02,국산,현대,i40,17
2018-02,수입,포드,Taurus,17
2018-02,수입,랜드로버,Range Rover Sport,15
2018-02,수입,포르쉐,718 Cayman,15
2018-02,수입,인피니티,Q70,14
2018-02,국산,KGM,코란도 스포츠,13
2018-02,수입,미니,Convertible,13
2018-02,수입,벤츠,GLE-Class,13
2018-02,수입,캐딜락,CTS,13
2018-02,수입,혼다,HR-V,13
2018-02,국산,기아,니로 플러그인 하이브리드,12
2018-02,수입,링컨,MKC,12
2018-02,국산,현대,아이오닉 plug-in,11
2018-02,수입,BMW,i3,10
2018-02,수입,BMW,i8,10
2018-02,수입,벤틀리,Bentayga,10
2018-02,수입,푸조,508,10
2018-02,수입,벤츠,SL-Class,9
2018-02,수입,캐딜락,ATS,9
2018-02,수입,푸조,208,8
2018-02,수입,BMW,6 Series,7
2018-02,수입,볼보,V40 Cross Country,7
2018-02,수입,인피니티,QX50,7
2018-02,수입,렉서스,IS,6
2018-02,수입,롤스로이스,Ghost Series II,6
2018-02,수입,토요타,Prius Prime,6
2018-02,국산,쉐보레,볼트 EV,5
2018-02,국산,현대,쏘나타 뉴 라이즈 plug-in,4
2018-02,수입,닛산,Pathfinder,4
2018-02,수입,람보르기니,Huracan,4
2018-02,수입,렉서스,GS,4
2018-02,수입,벤츠,G-Class,4
2018-02,수입,토요타,86,4
2018-02,수입,포르쉐,Cayenne,4
2018-02,수입,마세라티,GranTurismo,3
2018-02,수입,볼보,V60,3
2018-02,수입,마세라티,GranCabrio,2
2018-02,수입,벤츠,CLS-Class,2
2018-02,수입,시트로엥,C4 Picasso,2
2018-02,수입,인피니티,QX70,2
2018-02,수입,닛산,Murano,1
2018-02,수입,렉서스,LC,1
2018-02,수입,롤스로이스,Dawn,1
2018-02,수입,시트로엥,DS3,1
2018-02,수입,시트로엥,DS4 Crossback,1
2018-02,수입,재규어,F-Type,1
2018-03,국산,현대,싼타페,13076
2018-03,국산,현대,포터2,8881
2018-03,국산,현대,그랜저,8653
2018-03,국산,기아,쏘렌토,6965
2018-03,국산,현대,아반떼,5928
2018-03,국산,기아,카니발,5708
2018-03,국산,기아,봉고 3,5535
2018-03,국산,현대,쏘나타 뉴 라이즈,5377
2018-03,국산,기아,모닝,5353
2018-03,국산,기아,K3,5085
2018-03,국산,기아,K5,4838
2018-03,국산,현대,그랜드 스타렉스,4540
2018-03,수입,벤츠,E-Class,4494
2018-03,국산,KGM,티볼리,4121
2018-03,국산,현대,코나,4098
2018-03,수입,BMW,5 Series,3908
2018-03,국산,제네시스,G80,3618
2018-03,국산,현대,투싼(2017),3390
2018-03,국산,기아,스포티지,3147
2018-03,국산,KGM,렉스턴 스포츠,3002
2018-03,국산,현대,버스/트럭 (현대),2870
2018-03,국산,기아,K7,2806
2018-03,국산,르노코리아,SM6,2767
2018-03,국산,기아,레이,2713
2018-03,국산,쉐보레,더 넥스트 스파크,2518
2018-03,국산,르노코리아,QM6,2254
2018-03,국산,현대,그랜저 hybrid,1945
2018-03,국산,기아,니로,1939
2018-03,국산,기아,스토닉,1625
2018-03,국산,KGM,G4 렉스턴,1541
2018-03,국산,제네시스,G70,1233
2018-03,수입,토요타,Camry,1186
2018-03,수입,BMW,3 Series,1143
2018-03,국산,제네시스,EQ900,992
2018-03,수입,벤츠,C-Class,967
2018-03,국산,기아,모하비,957
2018-03,국산,르노코리아,SM5 노바,950
2018-03,국산,쉐보레,올 뉴 말리부,909
2018-03,국산,현대,아이오닉 electric,886
2018-03,수입,렉서스,ES,844
2018-03,국산,쉐보레,트랙스,707
2018-03,수입,벤츠,S-Class,670
2018-03,수입,포드,Explorer,615
2018-03,수입,벤츠,GLC-Class,594
2018-03,국산,현대,엑센트,574
2018-03,수입,미니,Hatch,568
2018-03,국산,쉐보레,올 뉴 크루즈,566
2018-03,수입,닛산,Altima,552
2018-03,수입,벤츠,GLE-Class,513
2018-03,국산,기아,K7 하이브리드,503
2018-03,국산,르노코리아,뉴 QM3,480
2018-03,수입,랜드로버,Discovery Sport,471
2018-03,국산,기아,스팅어,468
2018-03,국산,르노코리아,SM7 노바,465
2018-03,국산,쉐보레,올란도,438
2018-03,수입,폭스바겐,Passat GT,426
2018-03,수입,랜드로버,Range Rover Evoque,414
2018-03,국산,르노코리아,트위지,399
2018-03,국산,르노코리아,SM3 네오,397
2018-03,국산,쉐보레,라보,351
2018-03,국산,현대,i30,337
2018-03,수입,랜드로버,Discovery,334
2018-03,수입,재규어,XF,310
2018-03,국산,현대,쏘나타 뉴 라이즈 hybrid,304
2018-03,국산,KGM,코란도 C,288
2018-03,국산,KGM,코란도 투리스모,286
2018-03,국산,쉐보레,다마스,285
2018-03,국산,현대,맥스크루즈,280
2018-03,수입,혼다,CR-V Turbo,280
2018-03,국산,현대,벨로스터,279
2018-03,수입,BMW,X5,267
2018-03,수입,미니,Countryman,248
2018-03,수입,토요타,Prius,229
2018-03,수입,푸조,3008,228
2018-03,수입,BMW,1 Series,224
2018-03,수입,BMW,7 Series,224
2018-03,수입,지프,Cherokee,218
2018-03,수입,BMW,X6,216
2018-03,국산,기아,쏘울 EV,215
2018-03,수입,BMW,2 Series Active Tourer,212
2018-03,국산,현대,아이오닉 hybrid,211
2018-03,수입,재규어,F-Pace,211
2018-03,수입,벤츠,CLA-Class,204
2018-03,수입,혼다,Pilot,203
2018-03,국산,기아,K5 하이브리드,202
2018-03,수입,BMW,X4,201
2018-03,수입,BMW,X3,197
2018-03,국산,기아,카렌스,187
2018-03,수입,BMW,6 Series,187
2018-03,수입,BMW,4 Series,178
2018-03,국산,쉐보레,볼트 EV,160
2018-03,수입,벤츠,GLA-Class,159
2018-03,수입,랜드로버,Range Rover Velar,157
2018-03,수입,벤츠,A-Class,156
2018-03,수입,지프,Grand Cherokee,150
2018-03,국산,쉐보레,임팔라,146
2018-03,수입,포르쉐,Panamera,146
2018-03,수입,미니,Clubman,142
2018-03,수입,볼보,S60,140
2018-03,국산,쉐보레,캡티바,138
2018-03,수입,링컨,MKZ,138
2018-03,수입,토요타,RAV4,138
2018-03,수입,렉서스,NX,124
2018-03,수입,지프,Renegade,121
2018-03,국산,기아,버스 (기아),119
2018-03,수입,지프,Wrangler,115
2018-03,수입,인피니티,Q30,113
2018-03,수입,아우디,A6,112
2018-03,수입,포르쉐,Macan,111
2018-03,수입,렉서스,RX,109
2018-03,수입,푸조,5008,104
2018-03,수입,혼다,Civic,90
2018-03,국산,르노코리아,SM3 Z.E.,88
2018-03,수입,볼보,S90,87
2018-03,수입,토요타,Sienna,84
2018-03,국산,기아,쏘울,82
2018-03,국산,현대,쏠라티,82
2018-03,수입,링컨,Continental,82
2018-03,수입,마세라티,Levante,79
2018-03,수입,푸조,2008,77
2018-03,수입,볼보,V90 Cross Country,76
2018-03,수입,닛산,Maxima,73
2018-03,수입,BMW,M,70
2018-03,수입,재규어,XE,70
2018-03,수입,볼보,XC60,69
2018-03,수입,포르쉐,718 Boxster,68
2018-03,수입,마세라티,Ghibli,64
2018-03,수입,링컨,MKX,60
2018-03,수입,혼다,Odyssey,60
2018-03,수입,볼보,V40,59
2018-03,수입,테슬라,Model S,57
2018-03,수입,벤츠,Maybach S-Class,55
2018-03,수입,벤츠,B-class,54
2018-03,수입,포드,Kuga,54
2018-03,수입,미니,Convertible,52
2018-03,수입,캐딜락,CT6,52
2018-03,수입,렉서스,CT,50
2018-03,수입,벤츠,GLS-Class,49
2018-03,수입,시트로엥,C4 Cactus,48
2018-03,국산,기아,K9,47
2018-03,수입,볼보,XC90,47
2018-03,수입,포르쉐,911,47
2018-03,수입,포드,Mondeo,44
2018-03,국산,기아,니로 플러그인 하이브리드,43
2018-03,수입,인피니티,QX60,40
2018-03,수입,캐딜락,XT5,39
2018-03,수입,랜드로버,Range Rover,37
2018-03,수입,포드,Mustang,37
2018-03,국산,쉐보레,더 뉴 아베오,36
2018-03,수입,인피니티,Q50,36
2018-03,수입,토요타,Prius V,33
2018-03,수입,렉서스,LS,29
2018-03,수입,볼보,V60 Cross Country,28
2018-03,수입,BMW,i8,22
2018-03,수입,캐딜락,CTS,21
2018-03,수입,푸조,308,20
2018-03,수입,시트로엥,DS3,19
2018-03,국산,쉐보레,카마로 SS,18
2018-03,수입,토요타,Prius C,18
2018-03,수입,링컨,MKC,17
2018-03,수입,마세라티,Quattroporte,17
2018-03,수입,토요타,Avalon,16
2018-03,수입,벤틀리,Bentayga,15
2018-03,수입,시트로엥,Grand C4 Picasso,15
2018-03,수입,푸조,208,15
2018-03,수입,닛산,Pathfinder,14
2018-03,수입,벤틀리,Flying Spur,13
2018-03,수입,포드,Taurus,13
2018-03,수입,인피니티,Q70,12
2018-03,수입,푸조,508,12
2018-03,수입,혼다,HR-V,12
2018-03,국산,현대,넥쏘,11
2018-03,수입,포르쉐,718 Cayman,11
2018-03,수입,포르쉐,Cayenne,11
2018-03,수입,아우디,R8,10
2018-03,수입,재규어,XJ,10
2018-03,수입,랜드로버,Range Rover Sport,9
2018-03,수입,렉서스,GS,9
2018-03,수입,렉서스,IS,9
2018-03,수입,벤츠,SLC-Class,9
2018-03,수입,캐딜락,ATS,9
2018-03,국산,현대,i40,8
2018-03,수입,롤스로이스,Ghost Series II,8
2018-03,수입,캐딜락,Escalade,8
2018-03,수입,재규어,F-Type,7
2018-03,수입,볼보,V40 Cross Country,6
2018-03,국산,KGM,코란도 스포츠,5
2018-03,수입,마세라티,GranTurismo,5
2018-03,수입,벤츠,SL-Class,5
2018-03,수입,인피니티,QX50,5
2018-03,수입,토요타,Prius Prime,5
2018-03,국산,현대,쏘나타 뉴 라이즈 plug-in,4
2018-03,국산,기아,K5 플러그인 하이브리드,3
2018-03,수입,BMW,i3,3
2018-03,수입,렉서스,LC,3
2018-03,수입,벤츠,AMG GT,3
2018-03,수입,볼보,V60,3
2018-03,수입,토요타,86,3
2018-03,수입,닛산,Murano,2
2018-03,수입,인피니티,Q60,2
2018-03,수입,인피니티,QX80,2
2018-03,수입,닛산,370Z,1
2018-03,수입,람보르기니,Huracan,1
2018-03,수입,롤스로이스,Wraith,1
2018-03,수입,마세라티,GranCabrio,1
2018-04,국산,현대,싼타페,11837
2018-04,국산,현대,포터2,9444
2018-04,국산,기아,카니발,8828
2018-04,국산,현대,그랜저,8176
2018-04,국산,기아,K3,6925
2018-04,국산,현대,아반떼,5898
2018-04,국산,현대,쏘나타 뉴 라이즈,5365
2018-04,국산,기아,봉고 3,5303
2018-04,국산,기아,모닝,5293
2018-04,국산,기아,쏘렌토,5237
2018-04,국산,현대,그랜드 스타렉스,4237
2018-04,국산,기아,K5,3893
2018-04,국산,현대,코나,3490
2018-04,수입,BMW,5 Series,3392
2018-04,국산,KGM,티볼리,3341
2018-04,국산,제네시스,G80,3132
2018-04,수입,벤츠,E-Class,2982
2018-04,국산,KGM,렉스턴 스포츠,2949
2018-04,국산,현대,버스/트럭 (현대),2924
2018-04,국산,기아,스포티지,2726
2018-04,국산,현대,투싼(2017),2703
2018-04,국산,기아,레이,2618
2018-04,국산,기아,K7,2602
2018-04,국산,르노코리아,SM6,2262
2018-04,국산,쉐보레,더 넥스트 스파크,2208
2018-04,수입,아우디,A6,2156
2018-04,국산,르노코리아,QM6,1937
2018-04,수입,벤츠,C-Class,1860
2018-04,국산,현대,그랜저 hybrid,1728
2018-04,국산,기아,스토닉,1487
2018-04,국산,기아,니로,1367
2018-04,국산,KGM,G4 렉스턴,1359
2018-04,국산,기아,K9,1222
2018-04,국산,제네시스,G70,1103
2018-04,수입,BMW,3 Series,1091
2018-04,수입,토요타,Camry,1076
2018-04,국산,제네시스,EQ900,913
2018-04,국산,르노코리아,SM5 노바,871
2018-04,수입,폭스바겐,Passat GT,809
2018-04,국산,기아,모하비,739
2018-04,수입,포드,Explorer,633
2018-04,수입,렉서스,ES,629
2018-04,수입,벤츠,GLC-Class,626
2018-04,수입,벤츠,S-Class,623
2018-04,국산,쉐보레,올 뉴 말리부,576
2018-04,국산,쉐보레,올 뉴 크루즈,574
2018-04,국산,현대,엑센트,564
2018-04,국산,르노코리아,뉴 QM3,516
2018-04,국산,현대,아이오닉 electric,485
2018-04,국산,쉐보레,트랙스,479
2018-04,국산,기아,스팅어,463
2018-04,국산,현대,벨로스터,435
2018-04,국산,기아,K7 하이브리드,400
2018-04,국산,르노코리아,SM7 노바,397
2018-04,수입,닛산,Altima,382
2018-04,국산,르노코리아,SM3 네오,376
2018-04,국산,쉐보레,라보,376
2018-04,국산,현대,아이오닉 hybrid,367
2018-04,국산,현대,쏘나타 뉴 라이즈 hybrid,333
2018-04,수입,볼보,XC60,325
2018-04,국산,쉐보레,볼트 EV,322
2018-04,국산,르노코리아,SM3 Z.E.,301
2018-04,수입,벤츠,GLE-Class,299
2018-04,수입,벤츠,A-Class,291
2018-04,수입,BMW,X3,287
2018-04,수입,BMW,X4,283
2018-04,국산,쉐보레,다마스,279
2018-04,수입,미니,Hatch,267
2018-04,국산,현대,i30,265
2018-04,수입,미니,Clubman,262
2018-04,수입,벤츠,GLA-Class,256
2018-04,수입,토요타,Prius C,253
2018-04,국산,쉐보레,올란도,242
2018-04,국산,KGM,코란도 투리스모,240
2018-04,국산,KGM,코란도 C,235
2018-04,수입,BMW,7 Series,229
2018-04,수입,벤츠,CLA-Class,227
2018-04,국산,기아,K5 하이브리드,225
2018-04,수입,BMW,X5,219
2018-04,국산,기아,쏘울 EV,218
2018-04,수입,랜드로버,Discovery Sport,217
2018-04,수입,BMW,4 Series,213
2018-04,국산,기아,카렌스,211
2018-04,수입,랜드로버,Discovery,211
2018-04,수입,혼다,CR-V Turbo,211
2018-04,수입,볼보,XC90,210
2018-04,국산,현대,맥스크루즈,203
2018-04,수입,BMW,1 Series,200
2018-04,국산,르노코리아,트위지,192
2018-04,수입,토요타,Prius,183
2018-04,수입,지프,Cherokee,180
2018-04,수입,미니,Countryman,175
2018-04,수입,BMW,6 Series,174
2018-04,수입,BMW,X6,174
2018-04,수입,푸조,3008,170
2018-04,수입,랜드로버,Range Rover Sport,163
2018-04,수입,BMW,2 Series Active Tourer,160
2018-04,국산,쉐보레,캡티바,138
2018-04,수입,볼보,S60,138
2018-04,수입,포드,Mustang,133
2018-04,수입,랜드로버,Range Rover Velar,130
2018-04,국산,기아,버스/레이EV (기아),123
2018-04,수입,재규어,XF,122
2018-04,수입,랜드로버,Range Rover Evoque,119
2018-04,국산,쉐보레,임팔라,110
2018-04,수입,지프,Grand Cherokee,110
2018-04,수입,지프,Renegade,108
2018-04,수입,토요타,RAV4,108
2018-04,국산,현대,쏠라티,106
2018-04,수입,링컨,Continental,99
2018-04,수입,푸조,5008,99
2018-04,수입,포르쉐,Panamera,98
2018-04,수입,BMW,M,97
2018-04,수입,인피니티,Q30,95
2018-04,수입,볼보,S90,88
2018-04,수입,지프,Wrangler,88
2018-04,국산,기아,쏘울,87
2018-04,수입,렉서스,NX,83
2018-04,수입,혼다,Odyssey,77
2018-04,수입,토요타,Sienna,73
2018-04,수입,랜드로버,Range Rover,71
2018-04,수입,혼다,Pilot,65
2018-04,수입,포르쉐,Macan,63
2018-04,수입,푸조,2008,63
2018-04,수입,혼다,Civic,63
2018-04,수입,캐딜락,CT6,59
2018-04,수입,포르쉐,718 Boxster,58
2018-04,수입,닛산,Maxima,57
2018-04,수입,렉서스,CT,57
2018-04,수입,벤츠,Maybach S-Class,57
2018-04,수입,인피니티,QX60,54
2018-04,수입,재규어,F-Pace,54
2018-04,수입,링컨,MKZ,53
2018-04,국산,르노코리아,클리오,51
2018-04,국산,현대,넥쏘,51
2018-04,수입,BMW,i3,50
2018-04,수입,마세라티,Levante,50
2018-04,수입,벤츠,GLS-Class,50
2018-04,수입,렉서스,LS,46
2018-04,수입,볼보,V90 Cross Country,46
2018-04,수입,마세라티,Ghibli,45
2018-04,수입,미니,Convertible,45
2018-04,수입,렉서스,RX,44
2018-04,수입,링컨,MKX,43
2018-04,수입,재규어,E-Pace,41
2018-04,수입,캐딜락,XT5,38
2018-04,국산,쉐보레,볼트,37
2018-04,수입,포드,Kuga,37
2018-04,국산,기아,니로 플러그인 하이브리드,36
2018-04,수입,볼보,V40,36
2018-04,수입,벤츠,AMG GT,34
2018-04,수입,시트로엥,Grand C4 Picasso,34
2018-04,수입,포르쉐,911,34
2018-04,수입,푸조,308,33
2018-04,수입,시트로엥,C4 Cactus,30
2018-04,국산,현대,i40,28
2018-04,수입,마세라티,Quattroporte,27
2018-04,수입,벤츠,B-class,27
2018-04,수입,벤틀리,Flying Spur,26
2018-04,수입,재규어,XE,26
2018-04,수입,인피니티,Q50,23
2018-04,수입,포드,Mondeo,23
2018-04,국산,쉐보레,더 뉴 아베오,21
2018-04,수입,캐딜락,Escalade,20
2018-04,수입,포르쉐,718 Cayman,19
2018-04,수입,포드,Taurus,17
2018-04,국산,쉐보레,카마로 SS,16
2018-04,수입,링컨,MKC,16
2018-04,수입,벤츠,SLC-Class,16
2018-04,수입,캐딜락,CTS,16
2018-04,수입,인피니티,Q60,14
2018-04,수입,푸조,508,14
2018-04,수입,인피니티,Q70,13
2018-04,수입,볼보,V60 Cross Country,12
2018-04,수입,시트로엥,DS3,11
2018-04,수입,테슬라,Model S,11
2018-04,수입,닛산,Pathfinder,10
2018-04,수입,토요타,Prius V,10
2018-04,수입,혼다,HR-V,10
2018-04,수입,아우디,R8,9
2018-04,수입,캐딜락,ATS,9
2018-04,수입,롤스로이스,Ghost Series II,8
2018-04,수입,렉서스,IS,7
2018-04,수입,인피니티,QX50,6
2018-04,수입,푸조,208,6
2018-04,수입,렉서스,GS,5
2018-04,수입,벤틀리,Bentayga,5
2018-04,수입,시트로엥,C4 Picasso,5
2018-04,수입,토요타,Prius Prime,5
2018-04,수입,BMW,i8,4
2018-04,수입,볼보,V40 Cross Country,4
2018-04,수입,볼보,V60,4
2018-04,수입,롤스로이스,Wraith,3
2018-04,수입,마세라티,GranTurismo,3
2018-04,수입,인피니티,QX70,3
2018-04,수입,재규어,F-Type,3
2018-04,수입,재규어,XJ,3
2018-04,수입,포르쉐,Cayenne,3
2018-04,국산,기아,K5 플러그인 하이브리드,1
2018-04,국산,현대,쏘나타 뉴 라이즈 plug-in,1
2018-04,수입,렉서스,LC,1
2018-04,수입,롤스로이스,Dawn,1
2018-04,수입,롤스로이스,Phantom,1
2018-04,수입,벤츠,SL-Class,1
2018-04,수입,토요타,86,1
2018-05,국산,현대,싼타페,10668
2018-05,국산,현대,포터2,9304
2018-05,국산,기아,카니발,8002
2018-05,국산,현대,그랜저,7915
2018-05,국산,현대,아반떼,6565
2018-05,국산,기아,쏘렌토,5559
2018-05,국산,기아,봉고 3,5555
2018-05,국산,현대,쏘나타 뉴 라이즈,5191
2018-05,국산,기아,K3,5024
2018-05,국산,기아,모닝,5021
2018-05,국산,KGM,렉스턴 스포츠,3944
2018-05,국산,KGM,티볼리,3660
2018-05,국산,현대,코나,3437
2018-05,국산,기아,K5,3344
2018-05,국산,현대,그랜드 스타렉스,3073
2018-05,국산,제네시스,G80,2976
2018-05,국산,현대,투싼(2017),2966
2018-05,국산,기아,스포티지,2856
2018-05,국산,현대,버스/트럭 (현대),2755
2018-05,수입,벤츠,E-Class,2711
2018-05,국산,쉐보레,스파크,2565
2018-05,국산,현대,그랜저 hybrid,2521
2018-05,국산,기아,K7,2431
2018-05,수입,BMW,5 Series,2418
2018-05,국산,르노코리아,QM6,2313
2018-05,국산,기아,레이,2283
2018-05,국산,르노코리아,SM6,2022
2018-05,국산,기아,K9,1705
2018-05,국산,기아,니로,1661
2018-05,수입,폭스바겐,Tiguan,1561
2018-05,국산,KGM,G4 렉스턴,1426
2018-05,수입,아우디,A6,1203
2018-05,국산,쉐보레,올 뉴 말리부,1044
2018-05,국산,쉐보레,볼트 EV,1014
2018-05,국산,기아,스토닉,1004
2018-05,국산,제네시스,G70,967
2018-05,국산,쉐보레,트랙스,949
2018-05,수입,토요타,Camry,928
2018-05,국산,제네시스,EQ900,836
2018-05,국산,르노코리아,SM5 노바,833
2018-05,수입,벤츠,S-Class,801
2018-05,국산,르노코리아,클리오,756
2018-05,수입,벤츠,C-Class,735
2018-05,수입,렉서스,ES,732
2018-05,국산,쉐보레,올 뉴 크루즈,704
2018-05,수입,벤츠,GLC-Class,689
2018-05,국산,기아,스팅어,669
2018-05,국산,기아,모하비,637
2018-05,수입,폭스바겐,Passat GT,633
2018-05,수입,포드,Explorer,599
2018-05,수입,BMW,3 Series,587
2018-05,국산,르노코리아,뉴 QM3,562
2018-05,국산,현대,아이오닉 electric,548
2018-05,국산,기아,K7 하이브리드,459
2018-05,국산,쉐보레,올란도,427
2018-05,수입,BMW,4 Series,418
2018-05,국산,현대,엑센트,387
2018-05,국산,르노코리아,SM7 노바,365
2018-05,수입,미니,Clubman,364
2018-05,수입,닛산,Altima,359
2018-05,국산,KGM,코란도 투리스모,348
2018-05,국산,현대,쏘나타 뉴 라이즈 hybrid,347
2018-05,수입,랜드로버,Discovery Sport,345
2018-05,국산,현대,벨로스터,335
2018-05,국산,쉐보레,라보,333
2018-05,국산,KGM,코란도 C,331
2018-05,수입,혼다,Accord,331
2018-05,수입,BMW,X3,326
2018-05,국산,쉐보레,다마스,315
2018-05,국산,현대,코나 electric,304
2018-05,국산,기아,K5 하이브리드,266
2018-05,국산,현대,아이오닉 hybrid,266
2018-05,수입,BMW,7 Series,265
2018-05,수입,랜드로버,Discovery,251
2018-05,수입,볼보,XC60,250
2018-05,수입,벤츠,CLA-Class,236
2018-05,국산,현대,i30,231
2018-05,수입,벤츠,GLE-Class,226
2018-05,수입,지프,Wrangler,224
2018-05,수입,BMW,1 Series,220
2018-05,수입,BMW,X4,219
2018-05,국산,르노코리아,SM3 네오,213
2018-05,수입,푸조,3008,210
2018-05,국산,기아,쏘울 EV,203
2018-05,수입,토요타,Prius,203
2018-05,국산,기아,카렌스,199
2018-05,수입,BMW,6 Series,191
2018-05,수입,지프,Cherokee,186
2018-05,국산,르노코리아,트위지,174
2018-05,수입,벤츠,A-Class,170
2018-05,수입,미니,Countryman,169
2018-05,수입,BMW,X5,166
2018-05,수입,랜드로버,Range Rover Sport,162
2018-05,국산,쉐보레,캡티바,155
2018-05,수입,볼보,S60,146
2018-05,수입,BMW,X6,145
2018-05,수입,볼보,XC90,144
2018-05,수입,토요타,RAV4,142
2018-05,국산,현대,맥스크루즈,140
2018-05,수입,BMW,2 Series Active Tourer,136
2018-05,수입,랜드로버,Range Rover Velar,133
2018-05,국산,쉐보레,임팔라,126
2018-05,수입,혼다,CR-V Turbo,122
2018-05,수입,벤츠,GLA-Class,120
2018-05,국산,기아,버스 (기아),107
2018-05,수입,랜드로버,Range Rover Evoque,106
2018-05,국산,르노코리아,SM3 Z.E.,104
2018-05,수입,포르쉐,Panamera,103
2018-05,수입,BMW,M,102
2018-05,수입,지프,Renegade,102
2018-05,수입,렉서스,LS,100
2018-05,수입,토요타,Prius C,99
2018-05,수입,푸조,5008,98
2018-05,수입,포르쉐,718 Boxster,91
2018-05,수입,지프,Grand Cherokee,90
2018-05,국산,현대,쏠라티,85
2018-05,수입,볼보,S90,85
2018-05,수입,포드,Mustang,84
2018-05,수입,미니,Hatch,80
2018-05,수입,혼다,Pilot,79
2018-05,수입,렉서스,NX,78
2018-05,수입,인피니티,Q30,78
2018-05,수입,링컨,Continental,74
2018-05,수입,볼보,V40,73
2018-05,수입,랜드로버,Range Rover,69
2018-05,수입,캐딜락,XT5,68
2018-05,수입,토요타,Sienna,68
2018-05,수입,렉서스,CT,66
2018-05,국산,현대,넥쏘,62
2018-05,수입,재규어,XF,61
2018-05,수입,링컨,MKX,60
2018-05,수입,마세라티,Levante,60
2018-05,수입,볼보,V90 Cross Country,52
2018-05,수입,벤츠,Maybach S-Class,51
2018-05,수입,포르쉐,Macan,51
2018-05,수입,닛산,Maxima,49
2018-05,수입,미니,Convertible,49
2018-05,수입,벤츠,B-class,48
2018-05,수입,마세라티,Ghibli,47
2018-05,수입,인피니티,QX60,45
2018-05,수입,링컨,MKZ,44
2018-05,수입,재규어,F-Pace,44
2018-05,수입,혼다,Odyssey,44
2018-05,수입,시트로엥,C4 Cactus,43
2018-05,수입,캐딜락,CT6,40
2018-05,수입,푸조,2008,39
2018-05,수입,재규어,XE,38
2018-05,수입,재규어,E-Pace,37
2018-05,수입,렉서스,RX,34
2018-05,국산,기아,쏘울,33
2018-05,수입,혼다,Civic,30
2018-05,수입,시트로엥,Grand C4 Picasso,28
2018-05,수입,테슬라,Model S,27
2018-05,수입,포드,Kuga,27
2018-05,국산,기아,니로 플러그인 하이브리드,26
2018-05,수입,BMW,i3,25
2018-05,수입,포르쉐,911,25
2018-05,수입,벤츠,GLS-Class,24
2018-05,수입,재규어,XJ,24
2018-05,수입,마세라티,Quattroporte,23
2018-05,수입,볼보,V60 Cross Country,23
2018-05,수입,인피니티,Q50,23
2018-05,수입,포르쉐,718 Cayman,21
2018-05,수입,푸조,208,20
2018-05,국산,쉐보레,카마로 SS,18
2018-05,수입,인피니티,Q70,18
2018-05,수입,캐딜락,Escalade,18
2018-05,수입,링컨,MKC,15
2018-05,수입,벤틀리,Flying Spur,15
2018-05,국산,쉐보레,볼트,13
2018-05,국산,현대,i40,13
2018-05,수입,벤츠,SLC-Class,13
2018-05,수입,포드,Taurus,12
2018-05,수입,푸조,308,12
2018-05,수입,혼다,HR-V,12
2018-05,수입,캐딜락,CTS,11
2018-05,수입,캐딜락,ATS,10
2018-05,수입,토요타,Prius Prime,10
2018-05,수입,벤츠,AMG GT,9
2018-05,수입,재규어,F-Type,9
2018-05,수입,푸조,508,9
2018-05,수입,닛산,Pathfinder,8
2018-05,수입,포드,Mondeo,8
2018-05,국산,쉐보레,더 뉴 아베오,7
2018-05,수입,아우디,R8,7
2018-05,수입,렉서스,GS,6
2018-05,수입,포르쉐,Cayenne,6
2018-05,수입,렉서스,IS,5
2018-05,수입,롤스로이스,Wraith,5
2018-05,수입,벤츠,SL-Class,5
2018-05,국산,현대,쏘나타 뉴 라이즈 plug-in,4
2018-05,수입,BMW,i8,4
2018-05,수입,롤스로이스,Ghost Series II,4
2018-05,수입,벤틀리,Bentayga,4
2018-05,수입,볼보,V40 Cross Country,4
2018-05,수입,시트로엥,C4 Picasso,4
2018-05,수입,시트로엥,DS3,4
2018-05,수입,인피니티,Q60,4
2018-05,수입,볼보,V60,3
2018-05,수입,토요타,86,3
2018-05,국산,기아,K5 플러그인 하이브리드,2
2018-05,수입,닛산,370Z,2
2018-05,수입,롤스로이스,Dawn,2
2018-05,수입,벤틀리,Mulsanne,2
2018-05,수입,인피니티,QX50,2
2018-05,수입,인피니티,QX80,2
2018-05,수입,렉서스,LC,1
2018-05,수입,롤스로이스,Phantom,1
2018-05,수입,벤츠,G-Class,1
2018-05,수입,토요타,Avalon,1
2018-05,수입,토요타,Prius V,1
2018-06,국산,현대,싼타페,9074
2018-06,국산,현대,포터2,8442
2018-06,국산,기아,카니발,7059
2018-06,국산,현대,그랜저,6674
2018-06,국산,기아,쏘렌토,6318
2018-06,국산,현대,아반떼,5928
2018-06,국산,기아,봉고 3,5175
2018-06,국산,현대,그랜드 스타렉스,5126
2018-06,국산,현대,쏘나타 뉴 라이즈,4941
2018-06,국산,기아,모닝,4898
2018-06,국산,기아,K3,4074
2018-06,국산,KGM,렉스턴 스포츠,4008
2018-06,국산,쉐보레,스파크,3850
2018-06,국산,KGM,티볼리,3695
2018-06,국산,기아,K5,3443
2018-06,국산,현대,투싼(2017),3237
2018-06,수입,벤츠,E-Class,3142
2018-06,국산,제네시스,G80,3116
2018-06,국산,기아,스포티지,2943
2018-06,국산,현대,코나,2938
2018-06,국산,현대,버스/트럭 (현대),2644
2018-06,국산,기아,K7,2608
2018-06,국산,현대,그랜저 hybrid,2271
2018-06,국산,르노코리아,QM6,2255
2018-06,국산,르노코리아,SM6,2049
2018-06,수입,BMW,5 Series,2003
2018-06,국산,기아,레이,1969
2018-06,국산,기아,K9,1661
2018-06,국산,쉐보레,볼트 EV,1621
2018-06,수입,폭스바겐,Tiguan,1528
2018-06,국산,기아,니로,1510
2018-06,국산,기아,스토닉,1488
2018-06,국산,KGM,G4 렉스턴,1464
2018-06,수입,아우디,A6,1129
2018-06,국산,현대,코나 electric,1076
2018-06,국산,쉐보레,올 뉴 말리부,1045
2018-06,국산,제네시스,G70,1035
2018-06,국산,쉐보레,트랙스,977
2018-06,수입,벤츠,GLC-Class,861
2018-06,국산,르노코리아,SM5 노바,772
2018-06,수입,토요타,Camry,768
2018-06,수입,벤츠,S-Class,758
2018-06,수입,렉서스,ES,700
2018-06,수입,포드,Explorer,694
2018-06,국산,기아,모하비,673
2018-06,수입,랜드로버,Discovery Sport,648
2018-06,국산,제네시스,EQ900,622
2018-06,국산,기아,스팅어,593
2018-06,국산,르노코리아,클리오,549
2018-06,국산,현대,아이오닉 electric,534
2018-06,국산,르노코리아,SM3 네오,529
2018-06,국산,기아,K7 하이브리드,527
2018-06,국산,현대,엑센트,519
2018-06,국산,르노코리아,뉴 QM3,456
2018-06,수입,벤츠,C-Class,430
2018-06,수입,BMW,4 Series,410
2018-06,국산,쉐보레,다마스,408
2018-06,수입,BMW,X3,403
2018-06,국산,기아,쏘울 EV,399
2018-06,국산,쉐보레,이쿼녹스,385
2018-06,수입,닛산,Altima,366
2018-06,수입,벤츠,CLA-Class,339
2018-06,국산,쉐보레,라보,323
2018-06,국산,쉐보레,올 뉴 크루즈,322
2018-06,국산,현대,벨로스터,312
2018-06,수입,폭스바겐,Passat GT,311
2018-06,수입,미니,Hatch,309
2018-06,수입,미니,Clubman,304
2018-06,국산,현대,쏘나타 뉴 라이즈 hybrid,302
2018-06,수입,혼다,Accord,299
2018-06,국산,KGM,코란도 C,286
2018-06,국산,기아,K5 하이브리드,280
2018-06,국산,르노코리아,SM7 노바,278
2018-06,수입,랜드로버,Discovery,256
2018-06,수입,BMW,7 Series,241
2018-06,수입,토요타,Prius,240
2018-06,국산,현대,i30,236
2018-06,수입,BMW,1 Series,235
2018-06,수입,벤츠,GLE-Class,232
2018-06,국산,KGM,코란도 투리스모,231
2018-06,국산,기아,카렌스,230
2018-06,국산,쉐보레,올란도,221
2018-06,수입,지프,Cherokee,217
2018-06,수입,지프,Renegade,215
2018-06,국산,현대,아이오닉 hybrid,212
2018-06,국산,쉐보레,캡티바,211
2018-06,수입,푸조,3008,207
2018-06,수입,BMW,3 Series,196
2018-06,수입,볼보,S60,191
2018-06,수입,토요타,RAV4,189
2018-06,수입,볼보,XC90,177
2018-06,수입,BMW,X5,171
2018-06,수입,랜드로버,Range Rover Evoque,171
2018-06,수입,벤츠,B-class,170
2018-06,국산,르노코리아,트위지,168
2018-06,수입,BMW,X6,166
2018-06,수입,BMW,6 Series,162
2018-06,수입,볼보,XC60,159
2018-06,수입,지프,Wrangler,152
2018-06,수입,벤츠,A-Class,149
2018-06,수입,아우디,A4,149
2018-06,수입,랜드로버,Range Rover Sport,147
2018-06,수입,미니,Countryman,136
2018-06,수입,포르쉐,Panamera,125
2018-06,수입,랜드로버,Range Rover Velar,124
2018-06,수입,BMW,M,121
2018-06,수입,재규어,XF,120
2018-06,국산,현대,맥스크루즈,119
2018-06,수입,랜드로버,Range Rover,116
2018-06,수입,재규어,F-Pace,116
2018-06,수입,혼다,Odyssey,113
2018-06,국산,쉐보레,임팔라,112
2018-06,수입,벤츠,GLA-Class,111
2018-06,수입,포르쉐,Macan,103
2018-06,수입,미니,Convertible,99
2018-06,수입,포드,Mustang,98
2018-06,수입,포르쉐,718 Boxster,96
2018-06,수입,푸조,5008,95
2018-06,수입,혼다,Pilot,90
2018-06,수입,링컨,Continental,88
2018-06,수입,지프,Grand Cherokee,87
2018-06,수입,링컨,MKZ,82
2018-06,국산,기아,버스 (기아),80
2018-06,수입,인피니티,Q30,75
2018-06,수입,렉서스,RX,72
2018-06,수입,마세라티,Levante,72
2018-06,수입,토요타,Prius C,71
2018-06,수입,링컨,MKX,67
2018-06,수입,렉서스,NX,66
2018-06,국산,르노코리아,SM3 Z.E.,64
2018-06,수입,캐딜락,XT5,63
2018-06,수입,테슬라,Model S,58
2018-06,국산,현대,쏠라티,56
2018-06,국산,현대,넥쏘,55
2018-06,수입,렉서스,CT,53
2018-06,수입,볼보,V90 Cross Country,53
2018-06,수입,볼보,V40,52
2018-06,수입,재규어,XE,52
2018-06,수입,BMW,X4,49
2018-06,수입,마세라티,Ghibli,47
2018-06,국산,기아,쏘울,46
2018-06,수입,인피니티,QX60,45
2018-06,수입,푸조,2008,45
2018-06,수입,볼보,S90,44
2018-06,수입,렉서스,LS,43
2018-06,수입,재규어,E-Pace,42
2018-06,수입,마세라티,Quattroporte,40
2018-06,수입,닛산,Maxima,39
2018-06,수입,볼보,V60 Cross Country,37
2018-06,수입,시트로엥,Grand C4 Picasso,36
2018-06,수입,포르쉐,911,36
2018-06,수입,캐딜락,CT6,34
2018-06,수입,토요타,Sienna,34
2018-06,수입,포드,Kuga,32
2018-06,수입,시트로엥,C4 Cactus,30
2018-06,수입,포르쉐,718 Cayman,30
2018-06,국산,쉐보레,볼트,27
2018-06,국산,기아,니로 플러그인 하이브리드,26
2018-06,수입,BMW,i3,25
2018-06,수입,캐딜락,Escalade,22
2018-06,수입,푸조,308,21
2018-06,수입,링컨,MKC,20
2018-06,수입,벤츠,Maybach S-Class,20
2018-06,수입,벤츠,SLC-Class,19
2018-06,수입,인피니티,Q50,19
2018-06,수입,벤틀리,Flying Spur,18
2018-06,수입,포드,Mondeo,18
2018-06,수입,혼다,Civic,16
2018-06,국산,현대,벨로스터 N,15
2018-06,수입,닛산,Pathfinder,15
2018-06,수입,재규어,XJ,15
2018-06,국산,쉐보레,더 뉴 아베오,14
2018-06,수입,인피니티,Q70,14
2018-06,수입,혼다,HR-V,14
2018-06,국산,쉐보레,카마로 SS,13
2018-06,수입,재규어,F-Type,13
2018-06,수입,캐딜락,ATS,13
2018-06,수입,푸조,208,13
2018-06,수입,BMW,2 Series Active Tourer,12
2018-06,수입,시트로엥,DS3,12
2018-06,수입,렉서스,IS,10
2018-06,수입,캐딜락,CTS,10
2018-06,수입,포드,Taurus,10
2018-06,수입,푸조,508,10
2018-06,국산,현대,i40,8
2018-06,수입,볼보,V60,8
2018-06,수입,벤츠,GLS-Class,7
2018-06,수입,렉서스,GS,5
2018-06,수입,벤츠,SL-Class,5
2018-06,수입,벤틀리,Bentayga,5
2018-06,수입,볼보,V40 Cross Country,5
2018-06,수입,토요타,86,5
2018-06,수입,롤스로이스,Ghost Series II,4
2018-06,수입,벤츠,AMG GT,4
2018-06,수입,아우디,R8,4
2018-06,수입,인피니티,Q60,4
2018-06,수입,토요타,Prius Prime,4
2018-06,수입,롤스로이스,Dawn,3
2018-06,수입,지프,Compass,3
2018-06,국산,현대,쏘나타 뉴 라이즈 plug-in,2
2018-06,수입,롤스로이스,Phantom,2
2018-06,수입,롤스로이스,Wraith,2
2018-06,수입,BMW,Gran Turismo,1
2018-06,수입,BMW,i8,1
2018-06,수입,닛산,370Z,1
2018-06,수입,닛산,Murano,1
2018-06,수입,마세라티,GranTurismo,1
2018-06,수입,벤츠,CLS-Class,1
2018-06,수입,시트로엥,C4 Picasso,1
2018-06,수입,인피니티,QX80,1
2018-06,수입,포르쉐,Cayenne,1
2018-07,국산,현대,싼타페,9893
2018-07,국산,현대,포터2,8003
2018-07,국산,현대,아반떼,7522
2018-07,국산,기아,카니발,7474
2018-07,국산,현대,그랜저,6567
2018-07,국산,기아,쏘렌토,6056
2018-07,국산,현대,쏘나타 뉴 라이즈,5610
2018-07,국산,기아,봉고 3,5261
2018-07,국산,기아,모닝,5161
2018-07,국산,현대,그랜드 스타렉스,4525
2018-07,국산,KGM,렉스턴 스포츠,4012
2018-07,국산,기아,K5,3884
2018-07,국산,KGM,티볼리,3634
2018-07,국산,현대,코나,3600
2018-07,국산,기아,K3,3583
2018-07,국산,쉐보레,스파크,3572
2018-07,국산,기아,스포티지,3245
2018-07,국산,현대,투싼(2017),2973
2018-07,국산,르노코리아,QM6,2842
2018-07,국산,기아,K7,2738
2018-07,국산,제네시스,G80,2621
2018-07,국산,현대,버스/트럭 (현대),2450
2018-07,국산,기아,레이,2272
2018-07,수입,벤츠,E-Class,2231
2018-07,국산,현대,그랜저 hybrid,2004
2018-07,수입,BMW,5 Series,1915
2018-07,국산,르노코리아,SM6,1853
2018-07,국산,쉐보레,올 뉴 말리부,1813
2018-07,국산,기아,니로,1786
2018-07,국산,KGM,G4 렉스턴,1580
2018-07,국산,기아,K9,1455
2018-07,수입,폭스바겐,Tiguan,1391
2018-07,국산,현대,코나 electric,1317
2018-07,국산,기아,스토닉,1266
2018-07,국산,쉐보레,트랙스,1137
2018-07,수입,아우디,A6,1115
2018-07,국산,르노코리아,SM5 노바,921
2018-07,국산,제네시스,G70,890
2018-07,국산,쉐보레,볼트 EV,872
2018-07,수입,벤츠,S-Class,835
2018-07,수입,토요타,Camry,715
2018-07,수입,벤츠,GLC-Class,638
2018-07,국산,기아,스팅어,621
2018-07,수입,포드,Explorer,619
2018-07,국산,르노코리아,뉴 QM3,571
2018-07,국산,기아,모하비,544
2018-07,국산,기아,K7 하이브리드,543
2018-07,국산,르노코리아,SM3 네오,532
2018-07,국산,제네시스,EQ900,501
2018-07,수입,렉서스,ES,501
2018-07,수입,혼다,Accord,465
2018-07,국산,르노코리아,SM7 노바,422
2018-07,수입,미니,Hatch,391
2018-07,국산,쉐보레,다마스,381
2018-07,국산,쉐보레,라보,361
2018-07,수입,랜드로버,Discovery Sport,357
2018-07,국산,르노코리아,클리오,351
2018-07,수입,BMW,4 Series,347
2018-07,국산,현대,쏘나타 뉴 라이즈 hybrid,336
2018-07,국산,KGM,코란도 C,325
2018-07,국산,현대,엑센트,322
2018-07,국산,쉐보레,올 뉴 크루즈,313
2018-07,수입,닛산,Altima,310
2018-07,수입,아우디,A4,307
2018-07,수입,벤츠,CLA-Class,306
2018-07,국산,기아,쏘울 EV,298
2018-07,수입,BMW,X3,297
2018-07,수입,BMW,3 Series,267
2018-07,국산,기아,K5 하이브리드,261
2018-07,국산,KGM,코란도 투리스모,259
2018-07,국산,현대,아이오닉 electric,252
2018-07,수입,벤츠,C-Class,247
2018-07,수입,폭스바겐,Passat GT,236
2018-07,국산,현대,벨로스터,231
2018-07,수입,토요타,Prius,230
2018-07,국산,기아,카렌스,228
2018-07,수입,랜드로버,Discovery,224
2018-07,수입,볼보,S60,224
2018-07,수입,BMW,X5,222
2018-07,수입,BMW,1 Series,219
2018-07,수입,미니,Countryman,216
2018-07,수입,BMW,6 Series,212
2018-07,수입,볼보,XC60,210
2018-07,수입,미니,Clubman,202
2018-07,국산,현대,i30,201
2018-07,수입,BMW,7 Series,201
2018-07,국산,현대,맥스크루즈,195
2018-07,국산,쉐보레,이쿼녹스,191
2018-07,국산,쉐보레,캡티바,191
2018-07,수입,지프,Cherokee,183
2018-07,수입,푸조,3008,176
2018-07,국산,현대,아이오닉 hybrid,165
2018-07,수입,토요타,RAV4,163
2018-07,수입,BMW,X6,162
2018-07,수입,포르쉐,Panamera,153
2018-07,수입,지프,Grand Cherokee,147
2018-07,국산,기아,버스 (기아),143
2018-07,수입,벤츠,GLE-Class,142
2018-07,국산,쉐보레,임팔라,137
2018-07,수입,볼보,XC90,129
2018-07,수입,랜드로버,Range Rover Evoque,119
2018-07,수입,랜드로버,Range Rover Sport,117
2018-07,수입,혼다,Odyssey,117
2018-07,수입,지프,Renegade,116
2018-07,수입,토요타,Prius C,112
2018-07,수입,벤츠,GLA-Class,103
2018-07,수입,랜드로버,Range Rover,101
2018-07,수입,푸조,5008,101
2018-07,수입,BMW,M,98
2018-07,수입,포르쉐,Macan,97
2018-07,수입,벤츠,B-class,96
2018-07,수입,볼보,XC40,96
2018-07,수입,혼다,Pilot,92
2018-07,국산,기아,니로 EV,90
2018-07,수입,랜드로버,Range Rover Velar,89
2018-07,수입,포드,Mustang,87
2018-07,국산,현대,벨로스터 N,81
2018-07,수입,링컨,Continental,77
2018-07,수입,렉서스,LS,74
2018-07,수입,렉서스,RX,74
2018-07,수입,링컨,MKZ,72
2018-07,수입,벤츠,A-Class,72
2018-07,수입,링컨,MKX,71
2018-07,수입,마세라티,Levante,68
2018-07,수입,인피니티,Q30,67
2018-07,수입,재규어,XF,64
2018-07,국산,르노코리아,트위지,63
2018-07,수입,지프,Compass,61
2018-07,국산,기아,쏘울,59
2018-07,국산,현대,쏠라티,57
2018-07,수입,렉서스,CT,57
2018-07,수입,볼보,V40,55
2018-07,수입,인피니티,QX60,54
2018-07,수입,캐딜락,CT6,52
2018-07,수입,시트로엥,C4 Cactus,51
2018-07,수입,재규어,F-Pace,51
2018-07,수입,캐딜락,XT5,51
2018-07,수입,볼보,V90 Cross Country,50
2018-07,수입,포드,Kuga,48
2018-07,국산,르노코리아,SM3 Z.E.,47
2018-07,수입,마세라티,Ghibli,47
2018-07,수입,재규어,XE,46
2018-07,수입,포르쉐,718 Boxster,46
2018-07,수입,미니,Convertible,42
2018-07,수입,토요타,Sienna,41
2018-07,수입,시트로엥,Grand C4 Picasso,37
2018-07,수입,재규어,E-Pace,36
2018-07,수입,푸조,2008,35
2018-07,수입,닛산,Maxima,34
2018-07,국산,기아,니로 플러그인 하이브리드,32
2018-07,수입,마세라티,Quattroporte,32
2018-07,수입,푸조,308,31
2018-07,국산,현대,넥쏘,29
2018-07,수입,링컨,MKC,24
2018-07,수입,볼보,V60 Cross Country,23
2018-07,수입,인피니티,Q50,22
2018-07,국산,현대,i40,20
2018-07,수입,벤츠,Maybach S-Class,19
2018-07,수입,캐딜락,Escalade,19
2018-07,수입,포드,Taurus,19
2018-07,수입,벤틀리,Flying Spur,18
2018-07,수입,혼다,Civic,18
2018-07,수입,푸조,208,17
2018-07,수입,BMW,i3,16
2018-07,수입,벤츠,SLC-Class,16
2018-07,수입,포드,Mondeo,16
2018-07,수입,렉서스,NX,15
2018-07,국산,쉐보레,카마로 SS,14
2018-07,수입,재규어,F-Type,14
2018-07,수입,재규어,XJ,14
2018-07,수입,캐딜락,ATS,14
2018-07,수입,포르쉐,718 Cayman,14
2018-07,국산,KGM,코란도 스포츠,13
2018-07,국산,쉐보레,볼트,13
2018-07,수입,렉서스,IS,12
2018-07,수입,시트로엥,DS3,12
2018-07,수입,인피니티,Q70,12
2018-07,수입,혼다,HR-V,12
2018-07,수입,볼보,V40 Cross Country,11
2018-07,수입,캐딜락,CTS,11
2018-07,수입,푸조,508,11
2018-07,수입,포르쉐,911,10
2018-07,수입,볼보,S90,9
2018-07,수입,테슬라,Model S,9
2018-07,수입,볼보,V60,7
2018-07,수입,인피니티,Q60,7
2018-07,수입,롤스로이스,Ghost Series II,6
2018-07,수입,토요타,Prius Prime,6
2018-07,수입,닛산,Pathfinder,5
2018-07,수입,벤츠,SL-Class,5
2018-07,수입,아우디,R8,5
2018-07,수입,렉서스,LC,4
2018-07,국산,쉐보레,더 뉴 아베오,3
2018-07,수입,렉서스,GS,3
2018-07,수입,벤츠,AMG GT,3
2018-07,수입,벤틀리,Bentayga,3
2018-07,국산,쉐보레,올란도,2
2018-07,국산,현대,쏘나타 뉴 라이즈 plug-in,2
2018-07,수입,BMW,X4,2
2018-07,수입,닛산,370Z,2
2018-07,수입,롤스로이스,Dawn,2
2018-07,수입,롤스로이스,Wraith,2
2018-07,수입,마세라티,GranCabrio,2
2018-07,수입,마세라티,GranTurismo,2
2018-07,수입,벤츠,GLS-Class,2
2018-07,수입,시트로엥,C4 Picasso,2
2018-07,수입,토요타,86,2
2018-07,수입,BMW,i8,1
2018-07,수입,렉서스,RC,1
2018-07,수입,롤스로이스,Phantom,1
2018-07,수입,인피니티,QX80,1
2018-07,수입,토요타,Avalon,1
2018-07,수입,포르쉐,Cayenne,1
2018-08,국산,현대,싼타페,9805
2018-08,국산,현대,아반떼,8136
2018-08,국산,현대,그랜저,7600
2018-08,국산,기아,카니발,6918
2018-08,국산,현대,포터2,6157
2018-08,국산,현대,쏘나타 뉴 라이즈,5541
2018-08,국산,기아,모닝,5180
2018-08,국산,기아,봉고 3,4849
2018-08,국산,현대,투싼,4808
2018-08,국산,기아,쏘렌토,4759
2018-08,국산,기아,스포티지,3786
2018-08,국산,KGM,티볼리,3771
2018-08,국산,기아,K5,3571
2018-08,국산,KGM,렉스턴 스포츠,3365
2018-08,국산,현대,코나,3346
2018-08,국산,쉐보레,스파크,3303
2018-08,국산,제네시스,G80,2982
2018-08,국산,르노코리아,QM6,2804
2018-08,국산,기아,K3,2668
2018-08,국산,현대,그랜드 스타렉스,2593
2018-08,국산,기아,K7,2543
2018-08,국산,기아,레이,2253
2018-08,국산,현대,버스/트럭 (현대),2205
2018-08,국산,르노코리아,SM6,1783
2018-08,국산,기아,니로,1697
2018-08,수입,벤츠,E-Class,1616
2018-08,수입,폭스바겐,Tiguan,1553
2018-08,수입,BMW,5 Series,1409
2018-08,국산,쉐보레,올 뉴 말리부,1329
2018-08,국산,KGM,G4 렉스턴,1328
2018-08,국산,현대,그랜저 hybrid,1305
2018-08,국산,기아,스토닉,1215
2018-08,국산,기아,K9,1204
2018-08,국산,제네시스,G70,1138
2018-08,수입,아우디,A6,1029
2018-08,국산,기아,니로 EV,976
2018-08,국산,쉐보레,트랙스,838
2018-08,국산,기아,K7 하이브리드,762
2018-08,국산,르노코리아,SM5 노바,747
2018-08,수입,아우디,A3,701
2018-08,국산,현대,코나 electric,648
2018-08,국산,쉐보레,볼트 EV,631
2018-08,수입,토요타,Camry,616
2018-08,수입,포드,Explorer,555
2018-08,국산,현대,엑센트,520
2018-08,수입,벤츠,S-Class,489
2018-08,수입,미니,Hatch,482
2018-08,수입,혼다,Accord,479
2018-08,수입,랜드로버,Discovery Sport,460
2018-08,국산,현대,벨로스터 N,444
2018-08,국산,기아,스팅어,437
2018-08,국산,르노코리아,뉴 QM3,436
2018-08,국산,르노코리아,SM3 네오,430
2018-08,수입,닛산,Altima,422
2018-08,국산,르노코리아,SM7 노바,417
2018-08,국산,기아,모하비,414
2018-08,국산,제네시스,EQ900,405
2018-08,국산,현대,아이오닉 hybrid,375
2018-08,수입,아우디,A4,366
2018-08,국산,르노코리아,클리오,360
2018-08,국산,쉐보레,라보,343
2018-08,국산,현대,쏘나타 뉴 라이즈 hybrid,333
2018-08,국산,쉐보레,올 뉴 크루즈,324
2018-08,수입,랜드로버,Discovery,303
2018-08,국산,쉐보레,다마스,301
2018-08,수입,벤츠,GLC-Class,300
2018-08,국산,KGM,코란도 C,298
2018-08,국산,기아,K5 하이브리드,293
2018-08,수입,토요타,Prius,293
2018-08,국산,현대,i30,272
2018-08,수입,폭스바겐,Passat GT,267
2018-08,수입,푸조,3008,264
2018-08,국산,기아,쏘울 EV,249
2018-08,국산,KGM,코란도 투리스모,246
2018-08,국산,현대,벨로스터,237
2018-08,국산,현대,투싼(2017),230
2018-08,수입,지프,Cherokee,206
2018-08,수입,포르쉐,Panamera,201
2018-08,수입,BMW,3 Series,195
2018-08,국산,기아,카렌스,193
2018-08,수입,렉서스,NX,192
2018-08,수입,토요타,RAV4,183
2018-08,수입,볼보,XC90,182
2018-08,수입,볼보,XC60,181
2018-08,수입,벤츠,GLE-Class,175
2018-08,수입,혼다,Pilot,167
2018-08,수입,랜드로버,Range Rover Evoque,158
2018-08,국산,현대,맥스크루즈,157
2018-08,수입,볼보,S90,156
2018-08,수입,랜드로버,Range Rover Sport,153
2018-08,수입,미니,Countryman,148
2018-08,수입,푸조,5008,145
2018-08,수입,미니,Clubman,142
2018-08,수입,벤츠,CLA-Class,142
2018-08,수입,지프,Renegade,137
2018-08,수입,지프,Wrangler,134
2018-08,수입,토요타,Prius C,133
2018-08,수입,랜드로버,Range Rover,129
2018-08,수입,벤츠,C-Class,127
2018-08,수입,BMW,4 Series,126
2018-08,수입,링컨,MKZ,125
2018-08,수입,지프,Compass,116
2018-08,국산,현대,아이오닉 electric,113
2018-08,수입,BMW,X3,113
2018-08,수입,캐딜락,CT6,113
2018-08,수입,재규어,E-Pace,112
2018-08,수입,지프,Grand Cherokee,109
2018-08,수입,랜드로버,Range Rover Velar,108
2018-08,수입,재규어,XE,107
2018-08,수입,BMW,X5,106
2018-08,국산,기아,버스 (기아),103
2018-08,수입,재규어,XF,103
2018-08,수입,렉서스,RX,102
2018-08,수입,볼보,V40,102
2018-08,국산,쉐보레,이쿼녹스,97
2018-08,국산,쉐보레,캡티바,93
2018-08,수입,포드,Mustang,93
2018-08,국산,쉐보레,임팔라,91
2018-08,수입,토요타,Sienna,90
2018-08,수입,포르쉐,718 Boxster,88
2018-08,수입,인피니티,Q30,87
2018-08,수입,렉서스,LS,86
2018-08,수입,렉서스,CT,85
2018-08,수입,렉서스,ES,85
2018-08,수입,링컨,MKX,84
2018-08,국산,르노코리아,SM3 Z.E.,82
2018-08,수입,BMW,7 Series,82
2018-08,수입,시트로엥,C4 Cactus,80
2018-08,국산,기아,쏘울,79
2018-08,수입,포르쉐,Macan,79
2018-08,수입,링컨,Continental,77
2018-08,수입,BMW,X6,76
2018-08,수입,마세라티,Levante,76
2018-08,수입,볼보,XC40,71
2018-08,수입,볼보,V40 Cross Country,69
2018-08,수입,BMW,6 Series,68
2018-08,수입,BMW,X1,65
2018-08,수입,마세라티,Ghibli,65
2018-08,수입,볼보,S60,62
2018-08,수입,푸조,2008,61
2018-08,수입,벤츠,GLA-Class,58
2018-08,수입,볼보,V90 Cross Country,56
2018-08,수입,캐딜락,XT5,55
2018-08,국산,기아,니로 플러그인 하이브리드,50
2018-08,국산,르노코리아,트위지,49
2018-08,국산,현대,쏠라티,48
2018-08,국산,KGM,코란도 스포츠,47
2018-08,수입,시트로엥,Grand C4 Picasso,44
2018-08,국산,현대,넥쏘,43
2018-08,수입,혼다,HR-V,43
2018-08,수입,BMW,1 Series,42
2018-08,수입,벤츠,A-Class,39
2018-08,수입,BMW,M5,35
2018-08,수입,인피니티,Q50,33
2018-08,수입,포드,Kuga,33
2018-08,수입,링컨,MKC,32
2018-08,수입,미니,Convertible,32
2018-08,수입,닛산,Maxima,30
2018-08,수입,인피니티,QX60,30
2018-08,수입,테슬라,Model S,30
2018-08,수입,마세라티,Quattroporte,29
2018-08,수입,벤츠,B-class,29
2018-08,수입,벤츠,GLS-Class,29
2018-08,수입,캐딜락,Escalade,29
2018-08,수입,포드,Mondeo,27
2018-08,수입,포르쉐,718 Cayman,25
2018-08,국산,현대,i40,24
2018-08,수입,BMW,M2,24
2018-08,수입,캐딜락,ATS,24
2018-08,수입,포드,Taurus,23
2018-08,수입,포르쉐,911,23
2018-08,수입,재규어,F-Pace,21
2018-08,수입,캐딜락,CTS,21
2018-08,수입,푸조,308,20
2018-08,수입,인피니티,Q70,19
2018-08,수입,혼다,Odyssey,19
2018-08,수입,재규어,F-Type,18
2018-08,국산,쉐보레,더 뉴 아베오,17
2018-08,수입,BMW,i3,17
2018-08,수입,볼보,V60,17
2018-08,수입,BMW,M4,16
2018-08,수입,혼다,Civic,16
2018-08,수입,푸조,208,15
2018-08,국산,쉐보레,볼트,14
2018-08,수입,벤틀리,Flying Spur,14
2018-08,수입,재규어,XJ,11
2018-08,국산,쉐보레,카마로 SS,10
2018-08,수입,볼보,V60 Cross Country,10
2018-08,수입,렉서스,IS,9
2018-08,수입,인피니티,Q60,9
2018-08,수입,BMW,M3,8
2018-08,국산,현대,쏘나타 뉴 라이즈 plug-in,7
2018-08,수입,벤츠,Maybach S-Class,7
2018-08,수입,토요타,Prius Prime,7
2018-08,수입,푸조,508,7
2018-08,수입,롤스로이스,Wraith,6
2018-08,수입,닛산,Pathfinder,5
2018-08,수입,롤스로이스,Ghost Series II,4
2018-08,수입,토요타,86,4
2018-08,수입,벤츠,SLC-Class,3
2018-08,수입,닛산,370Z,2
2018-08,수입,벤츠,SL-Class,2
2018-08,수입,시트로엥,DS3,2
2018-08,수입,아우디,R8,2
2018-08,국산,기아,K5 플러그인 하이브리드,1
2018-08,수입,BMW,i8,1
2018-08,수입,렉서스,GS,1
2018-08,수입,롤스로이스,Dawn,1
2018-08,수입,롤스로이스,Phantom,1
2018-08,수입,마세라티,GranTurismo,1
2018-08,수입,벤츠,AMG GT,1
2018-08,수입,벤츠,CLS-Class,1
2018-08,수입,벤츠,G-Class,1
2018-08,수입,벤틀리,Bentayga,1
2018-08,수입,벤틀리,Mulsanne,1
2018-09,국산,현대,싼타페,8326
2018-09,국산,현대,포터2,6876
2018-09,국산,기아,카니발,5760
2018-09,국산,현대,그랜저,5564
2018-09,국산,현대,아반떼,5488
2018-09,국산,현대,그랜드 스타렉스,4874
2018-09,국산,현대,쏘나타 뉴 라이즈,4147
2018-09,국산,기아,봉고 3,4099
2018-09,국산,기아,쏘렌토,3943
2018-09,국산,기아,모닝,3829
2018-09,국산,현대,투싼,3696
2018-09,국산,쉐보레,스파크,3158
2018-09,국산,KGM,티볼리,3071
2018-09,국산,기아,K5,3060
2018-09,국산,기아,스포티지,3047
2018-09,국산,KGM,렉스턴 스포츠,2836
2018-09,국산,제네시스,G80,2767
2018-09,국산,르노코리아,QM6,2526
2018-09,국산,기아,K7,2457
2018-09,국산,현대,코나,2434
2018-09,국산,기아,K3,2382
2018-09,국산,쉐보레,올 뉴 말리부,2290
2018-09,수입,아우디,A3,2247
2018-09,국산,현대,그랜저 hybrid,1946
2018-09,수입,폭스바겐,Passat,1912
2018-09,국산,현대,버스/트럭 (현대),1748
2018-09,국산,르노코리아,SM6,1727
2018-09,국산,기아,레이,1562
2018-09,국산,현대,코나 electric,1382
2018-09,국산,KGM,G4 렉스턴,1239
2018-09,수입,BMW,5 Series,1172
2018-09,국산,기아,니로 EV,1066
2018-09,국산,쉐보레,트랙스,1043
2018-09,국산,기아,스토닉,1039
2018-09,국산,제네시스,G70,1024
2018-09,국산,기아,K9,1008
2018-09,국산,기아,니로,894
2018-09,수입,벤츠,E-Class,693
2018-09,수입,혼다,Accord,687
2018-09,국산,르노코리아,SM5 노바,595
2018-09,국산,기아,K7 하이브리드,539
2018-09,수입,포드,Explorer,513
2018-09,수입,미니,Hatch,468
2018-09,수입,벤츠,GLE-Class,456
2018-09,수입,지프,Wrangler,446
2018-09,국산,르노코리아,뉴 QM3,438
2018-09,국산,르노코리아,SM3 네오,414
2018-09,국산,르노코리아,SM7 노바,407
2018-09,국산,현대,엑센트,398
2018-09,수입,랜드로버,Discovery Sport,393
2018-09,수입,닛산,Altima,340
2018-09,국산,기아,스팅어,332
2018-09,수입,토요타,Camry,332
2018-09,수입,폭스바겐,Tiguan,332
2018-09,국산,제네시스,EQ900,328
2018-09,국산,르노코리아,클리오,304
2018-09,국산,현대,벨로스터 N,260
2018-09,국산,현대,아이오닉 hybrid,258
2018-09,국산,쉐보레,라보,254
2018-09,수입,랜드로버,Discovery,254
2018-09,국산,기아,K5 하이브리드,250
2018-09,수입,볼보,XC60,247
2018-09,국산,현대,쏘나타 뉴 라이즈 hybrid,244
2018-09,국산,현대,벨로스터,243
2018-09,국산,KGM,코란도 C,242
2018-09,수입,지프,Renegade,236
2018-09,수입,지프,Cherokee,230
2018-09,수입,벤츠,S-Class,225
2018-09,국산,르노코리아,SM3 Z.E.,224
2018-09,국산,쉐보레,다마스,220
2018-09,수입,토요타,Prius C,204
2018-09,국산,현대,i30,203
2018-09,수입,토요타,RAV4,202
2018-09,수입,푸조,5008,186
2018-09,국산,쉐보레,이쿼녹스,185
2018-09,수입,BMW,3 Series,182
2018-09,수입,토요타,Prius,181
2018-09,국산,KGM,코란도 투리스모,180
2018-09,수입,벤츠,CLA-Class,172
2018-09,수입,푸조,3008,167
2018-09,수입,미니,Clubman,165
2018-09,국산,기아,모하비,154
2018-09,수입,볼보,XC90,137
2018-09,국산,기아,카렌스,135
2018-09,수입,랜드로버,Range Rover Evoque,133
2018-09,수입,벤츠,GLA-Class,128
2018-09,수입,아우디,A4,128
2018-09,수입,BMW,4 Series,123
2018-09,국산,KGM,코란도 스포츠,121
2018-09,수입,미니,Countryman,117
2018-09,수입,혼다,Odyssey,114
2018-09,수입,재규어,XE,112
2018-09,수입,링컨,MKZ,105
2018-09,수입,지프,Grand Cherokee,104
2018-09,수입,BMW,X1,103
2018-09,국산,현대,아이오닉 electric,102
2018-09,수입,랜드로버,Range Rover Velar,101
2018-09,수입,링컨,MKX,99
2018-09,수입,BMW,7 Series,98
2018-09,수입,지프,Compass,97
2018-09,수입,캐딜락,CT6,96
2018-09,수입,렉서스,NX,95
2018-09,수입,벤츠,GLS-Class,93
2018-09,수입,랜드로버,Range Rover,92
2018-09,수입,혼다,Pilot,92
2018-09,수입,랜드로버,Range Rover Sport,90
2018-09,국산,기아,버스 (기아),88
2018-09,수입,BMW,X6,86
2018-09,수입,시트로엥,C4 Cactus,82
2018-09,수입,BMW,X5,79
2018-09,국산,르노코리아,트위지,78
2018-09,수입,BMW,X3,78
2018-09,국산,쉐보레,올 뉴 크루즈,77
2018-09,국산,쉐보레,임팔라,77
2018-09,수입,테슬라,Model S,76
2018-09,수입,볼보,S90,71
2018-09,국산,쉐보레,볼트 EV,70
2018-09,수입,렉서스,CT,66
2018-09,수입,렉서스,RX,66
2018-09,수입,벤츠,GLC-Class,66
2018-09,수입,마세라티,Ghibli,61
2018-09,수입,볼보,V90 Cross Country,61
2018-09,수입,볼보,XC40,61
2018-09,수입,인피니티,Q30,60
2018-09,수입,재규어,XF,60
2018-09,국산,기아,쏘울 EV,59
2018-09,국산,기아,쏘울,58
2018-09,수입,링컨,Continental,58
2018-09,수입,마세라티,Levante,58
2018-09,국산,현대,맥스크루즈,57
2018-09,국산,현대,쏠라티,55
2018-09,수입,재규어,E-Pace,55
2018-09,수입,BMW,6 Series,53
2018-09,국산,현대,넥쏘,49
2018-09,수입,포르쉐,Macan,49
2018-09,수입,토요타,Sienna,48
2018-09,수입,렉서스,LS,47
2018-09,수입,푸조,2008,46
2018-09,수입,링컨,MKC,44
2018-09,수입,벤츠,C-Class,43
2018-09,수입,포르쉐,Panamera,42
2018-09,국산,기아,니로 플러그인 하이브리드,39
2018-09,수입,미니,Convertible,39
2018-09,수입,벤츠,A-Class,38
2018-09,수입,시트로엥,Grand C4 Picasso,38
2018-09,수입,캐딜락,XT5,36
2018-09,수입,인피니티,Q50,35
2018-09,수입,마세라티,Quattroporte,34
2018-09,수입,폭스바겐,Passat GT,33
2018-09,수입,푸조,308,33
2018-09,수입,렉서스,ES,31
2018-09,수입,인피니티,QX60,31
2018-09,수입,포드,Mustang,30
2018-09,수입,혼다,HR-V,30
2018-09,수입,포르쉐,718 Boxster,27
2018-09,수입,인피니티,Q70,24
2018-09,수입,푸조,508,24
2018-09,수입,캐딜락,ATS,22
2018-09,수입,BMW,M2,21
2018-09,수입,재규어,F-Type,20
2018-09,수입,캐딜락,CTS,20
2018-09,국산,쉐보레,카마로 SS,19
2018-09,수입,시트로엥,DS3,19
2018-09,국산,쉐보레,더 뉴 아베오,18
2018-09,수입,벤츠,B-class,18
2018-09,수입,닛산,Maxima,17
2018-09,수입,캐딜락,Escalade,15
2018-09,국산,현대,i40,14
2018-09,수입,벤틀리,Flying Spur,14
2018-09,수입,BMW,1 Series,13
2018-09,수입,BMW,M4,13
2018-09,수입,BMW,i3,13
2018-09,수입,포드,Kuga,13
2018-09,수입,포르쉐,718 Cayman,13
2018-09,국산,쉐보레,볼트,12
2018-09,수입,BMW,M5,12
2018-09,수입,재규어,F-Pace,12
2018-09,수입,포드,Mondeo,12
2018-09,수입,혼다,Civic,11
2018-09,수입,재규어,XJ,10
2018-09,수입,포드,Taurus,10
2018-09,국산,쉐보레,캡티바,9
2018-09,수입,볼보,S60,9
2018-09,국산,현대,투싼(2017),8
2018-09,수입,롤스로이스,Ghost Series II,8
2018-09,수입,푸조,208,8
2018-09,수입,토요타,86,7
2018-09,수입,토요타,Prius Prime,7
2018-09,수입,BMW,M3,6
2018-09,수입,인피니티,Q60,6
2018-09,수입,포르쉐,911,6
2018-09,국산,현대,쏘나타 뉴 라이즈 plug-in,5
2018-09,수입,렉서스,GS,5
2018-09,수입,벤츠,Maybach S-Class,5
2018-09,수입,볼보,V40,5
2018-09,수입,볼보,V40 Cross Country,5
2018-09,수입,마세라티,GranTurismo,3
2018-09,수입,벤츠,SLC-Class,3
2018-09,국산,쉐보레,크루즈/기타,2
2018-09,수입,닛산,Pathfinder,2
2018-09,수입,렉서스,IS,2
2018-09,수입,롤스로이스,Wraith,2
2018-09,수입,벤츠,SL-Class,2
2018-09,수입,볼보,V60,2
2018-09,수입,시트로엥,C4 Picasso,2
2018-09,수입,닛산,370Z,1
2018-09,수입,람보르기니,Huracan,1
2018-09,수입,렉서스,RC,1
2018-09,수입,롤스로이스,Phantom,1
2018-09,수입,마세라티,GranCabrio,1
2018-09,수입,벤츠,AMG GT,1
2018-09,수입,아우디,R8,1
2018-10,국산,현대,싼타페,9781
2018-10,국산,현대,포터2,9261
2018-10,국산,현대,아반떼,7228
2018-10,국산,기아,카니발,6829
2018-10,국산,현대,그랜저,6737
2018-10,국산,현대,쏘나타 뉴 라이즈,5993
2018-10,국산,기아,봉고 3,5505
2018-10,국산,기아,쏘렌토,5346
2018-10,국산,기아,모닝,5289
2018-10,국산,현대,그랜드 스타렉스,4981
2018-10,국산,현대,투싼,4856
2018-10,수입,벤츠,E-Class,4419
2018-10,국산,기아,K3,4114
2018-10,국산,KGM,렉스턴 스포츠,4030
2018-10,국산,KGM,티볼리,3910
2018-10,국산,기아,K5,3902
2018-10,국산,쉐보레,스파크,3731
2018-10,국산,르노코리아,QM6,3455
2018-10,국산,제네시스,G80,3411
2018-10,국산,기아,스포티지,3248
2018-10,국산,기아,K7,2916
2018-10,국산,현대,코나,2902
2018-10,국산,현대,코나 electric,2473
2018-10,국산,현대,버스/트럭 (현대),2326
2018-10,국산,기아,레이,2313
2018-10,국산,현대,그랜저 hybrid,2300
2018-10,국산,르노코리아,SM6,2155
2018-10,국산,쉐보레,올 뉴 말리부,1939
2018-10,수입,렉서스,ES,1635
2018-10,국산,KGM,G4 렉스턴,1573
2018-10,국산,쉐보레,트랙스,1558
2018-10,국산,제네시스,G70,1406
2018-10,수입,폭스바겐,Passat,1302
2018-10,국산,기아,니로,1267
2018-10,국산,기아,K9,1220
2018-10,국산,기아,스토닉,1042
2018-10,수입,BMW,5 Series,938
2018-10,국산,기아,K7 하이브리드,868
2018-10,국산,기아,니로 EV,796
2018-10,수입,토요타,Camry,749
2018-10,수입,혼다,Accord,704
2018-10,국산,르노코리아,클리오,681
2018-10,수입,미니,Hatch,637
2018-10,국산,르노코리아,SM5 노바,605
2018-10,국산,르노코리아,뉴 QM3,590
2018-10,수입,포드,Explorer,567
2018-10,국산,현대,엑센트,509
2018-10,국산,기아,모하비,467
2018-10,수입,벤츠,GLE-Class,465
2018-10,수입,벤츠,GLC-Class,454
2018-10,국산,기아,스팅어,438
2018-10,국산,르노코리아,SM3 네오,422
2018-10,국산,르노코리아,SM7 노바,414
2018-10,수입,볼보,XC60,401
2018-10,수입,닛산,Altima,364
2018-10,국산,현대,아이오닉 hybrid,358
2018-10,국산,쉐보레,다마스,347
2018-10,수입,포르쉐,Macan,347
2018-10,국산,기아,K5 하이브리드,345
2018-10,수입,BMW,3 Series,342
2018-10,국산,쉐보레,라보,334
2018-10,수입,벤츠,GLA-Class,327
2018-10,국산,현대,쏘나타 뉴 라이즈 hybrid,323
2018-10,국산,제네시스,EQ900,309
2018-10,국산,현대,i30,279
2018-10,수입,미니,Countryman,270
2018-10,국산,KGM,코란도 C,267
2018-10,수입,BMW,X1,263
2018-10,수입,벤츠,CLA-Class,252
2018-10,국산,현대,벨로스터,250
2018-10,수입,아우디,A4,248
2018-10,수입,미니,Clubman,240
2018-10,국산,KGM,코란도 투리스모,233
2018-10,수입,토요타,Prius,223
2018-10,수입,푸조,5008,222
2018-10,수입,랜드로버,Discovery Sport,221
2018-10,국산,르노코리아,SM3 Z.E.,209
2018-10,수입,토요타,RAV4,207
2018-10,수입,벤츠,S-Class,197
2018-10,국산,쉐보레,이쿼녹스,189
2018-10,수입,BMW,X5,184
2018-10,국산,현대,아이오닉 electric,183
2018-10,수입,지프,Cherokee,178
2018-10,수입,지프,Wrangler,176
2018-10,국산,르노코리아,마스터,174
2018-10,국산,현대,벨로스터 N,157
2018-10,수입,포르쉐,Panamera,153
2018-10,수입,랜드로버,Discovery,149
2018-10,수입,지프,Renegade,149
2018-10,수입,BMW,7 Series,138
2018-10,수입,캐딜락,CT6,132
2018-10,수입,혼다,Odyssey,130
2018-10,국산,현대,넥쏘,127
2018-10,수입,렉서스,NX,120
2018-10,수입,토요타,Prius C,119
2018-10,국산,기아,버스 (기아),117
2018-10,수입,렉서스,RX,110
2018-10,국산,르노코리아,트위지,109
2018-10,수입,벤츠,GLS-Class,109
2018-10,수입,링컨,MKX,107
2018-10,수입,지프,Grand Cherokee,104
2018-10,수입,아우디,A3,100
2018-10,수입,링컨,MKZ,95
2018-10,수입,시트로엥,C4 Cactus,94
2018-10,국산,쉐보레,임팔라,91
2018-10,수입,지프,Compass,83
2018-10,수입,포르쉐,718 Boxster,83
2018-10,수입,재규어,E-Pace,80
2018-10,수입,랜드로버,Range Rover Velar,79
2018-10,수입,볼보,XC40,79
2018-10,국산,현대,쏠라티,74
2018-10,수입,BMW,4 Series,74
2018-10,수입,포드,Mustang,72
2018-10,수입,랜드로버,Range Rover,71
2018-10,국산,KGM,코란도 스포츠,69
2018-10,수입,BMW,X6,68
2018-10,수입,링컨,Continental,65
2018-10,수입,랜드로버,Range Rover Evoque,62
2018-10,수입,볼보,XC90,62
2018-10,수입,인피니티,Q30,59
2018-10,수입,벤츠,C-Class,58
2018-10,수입,렉서스,LS,56
2018-10,수입,랜드로버,Range Rover Sport,54
2018-10,수입,렉서스,CT,53
2018-10,수입,볼보,V90 Cross Country,51
2018-10,수입,재규어,XE,51
2018-10,수입,푸조,3008,51
2018-10,수입,벤츠,CLS-Class,50
2018-10,수입,볼보,S90,50
2018-10,수입,인피니티,Q50,47
2018-10,수입,캐딜락,XT5,47
2018-10,수입,푸조,2008,46
2018-10,수입,마세라티,Levante,45
2018-10,수입,포르쉐,911,44
2018-10,수입,마세라티,Quattroporte,38
2018-10,국산,기아,쏘울,37
2018-10,수입,볼보,V40 Cross Country,37
2018-10,수입,혼다,Pilot,37
2018-10,국산,기아,니로 플러그인 하이브리드,36
2018-10,수입,마세라티,Ghibli,36
2018-10,수입,미니,Convertible,36
2018-10,수입,캐딜락,CTS,36
2018-10,수입,포드,Kuga,34
2018-10,수입,링컨,MKC,33
2018-10,수입,토요타,Sienna,33
2018-10,수입,BMW,6 Series,31
2018-10,수입,캐딜락,ATS,31
2018-10,수입,포드,Taurus,29
2018-10,수입,BMW,X3,27
2018-10,수입,닛산,Maxima,26
2018-10,국산,쉐보레,볼트,25
2018-10,국산,현대,맥스크루즈,25
2018-10,국산,쉐보레,더 뉴 아베오,23
2018-10,수입,인피니티,Q70,23
2018-10,수입,시트로엥,Grand C4 Picasso,21
2018-10,국산,현대,i40,20
2018-10,수입,BMW,M5,20
2018-10,수입,벤츠,B-class,19
2018-10,수입,포르쉐,718 Cayman,18
2018-10,수입,푸조,308,18
2018-10,수입,푸조,508,18
2018-10,국산,쉐보레,볼트 EV,17
2018-10,수입,재규어,XF,17
2018-10,수입,BMW,M2,16
2018-10,수입,재규어,XJ,16
2018-10,수입,벤츠,A-Class,15
2018-10,수입,인피니티,QX60,15
2018-10,수입,포드,Mondeo,14
2018-10,수입,캐딜락,Escalade,13
2018-10,국산,쉐보레,올 뉴 크루즈,11
2018-10,수입,BMW,M4,11
2018-10,수입,BMW,i3,11
2018-10,국산,현대,쏘나타 뉴 라이즈 plug-in,10
2018-10,수입,닛산,Pathfinder,10
2018-10,국산,현대,투싼(2017),9
2018-10,수입,재규어,F-Type,9
2018-10,국산,쉐보레,카마로 SS,8
2018-10,수입,혼다,HR-V,7
2018-10,수입,벤틀리,Flying Spur,6
2018-10,수입,볼보,S60,6
2018-10,수입,인피니티,Q60,6
2018-10,수입,토요타,86,6
2018-10,수입,닛산,Murano,5
2018-10,수입,벤츠,SL-Class,5
2018-10,수입,테슬라,Model S,5
2018-10,수입,푸조,208,5
2018-10,수입,BMW,M3,4
2018-10,수입,렉서스,GS,4
2018-10,국산,기아,K5 플러그인 하이브리드,3
2018-10,수입,BMW,1 Series,3
2018-10,수입,롤스로이스,Wraith,3
2018-10,수입,시트로엥,DS3,3
2018-10,수입,재규어,F-Pace,3
2018-10,수입,토요타,Avalon,3
2018-10,수입,롤스로이스,Ghost Series II,2
2018-10,수입,마세라티,GranTurismo,2
2018-10,수입,혼다,Civic,2
2018-10,국산,기아,쏘울 EV,1
2018-10,국산,기아,카렌스,1
2018-10,수입,BMW,X4,1
2018-10,수입,람보르기니,Huracan,1
2018-10,수입,렉서스,IS,1
2018-10,수입,렉서스,LC,1
2018-10,수입,벤츠,SLC-Class,1
2018-10,수입,벤틀리,Mulsanne,1
2018-10,수입,볼보,V60 Cross Country,1
2018-10,수입,아우디,A6,1
2018-10,수입,테슬라,Model X,1
2018-10,수입,토요타,Prius Prime,1
2018-11,국산,현대,싼타페,9001
2018-11,국산,현대,포터2,8858
2018-11,국산,현대,그랜저,7614
2018-11,국산,기아,카니발,6571
2018-11,국산,현대,아반떼,6243
2018-11,국산,기아,쏘렌토,6113
2018-11,국산,기아,봉고 3,5544
2018-11,국산,기아,모닝,5333
2018-11,국산,현대,그랜드 스타렉스,5090
2018-11,국산,현대,쏘나타 뉴 라이즈,4909
2018-11,국산,기아,K5,4529
2018-11,국산,현대,투싼,4278
2018-11,국산,KGM,티볼리,4254
2018-11,국산,KGM,렉스턴 스포츠,4102
2018-11,국산,쉐보레,스파크,3965
2018-11,국산,르노코리아,QM6,3749
2018-11,국산,기아,K7,3741
2018-11,국산,기아,K3,3648
2018-11,국산,기아,스포티지,3388
2018-11,수입,벤츠,E-Class,3266
2018-11,국산,현대,코나 electric,2906
2018-11,국산,제네시스,G80,2889
2018-11,국산,현대,코나,2652
2018-11,국산,현대,그랜저 hybrid,2577
2018-11,국산,현대,버스/트럭 (현대),2255
2018-11,국산,기아,레이,2191
2018-11,국산,르노코리아,SM6,1962
2018-11,국산,기아,니로,1732
2018-11,국산,쉐보레,올 뉴 말리부,1651
2018-11,국산,제네시스,G70,1550
2018-11,수입,렉서스,ES,1430
2018-11,수입,벤츠,CLS-Class,1430
2018-11,국산,KGM,G4 렉스턴,1423
2018-11,국산,기아,스토닉,1377
2018-11,국산,쉐보레,트랙스,1364
2018-11,수입,벤츠,GLC-Class,1294
2018-11,국산,기아,K9,1073
2018-11,수입,토요타,Camry,1041
2018-11,국산,기아,K7 하이브리드,1000
2018-11,수입,혼다,Accord,891
2018-11,국산,제네시스,EQ900,882
2018-11,수입,폭스바겐,Tiguan,843
2018-11,수입,BMW,3 Series,829
2018-11,수입,폭스바겐,Passat,784
2018-11,국산,르노코리아,뉴 QM3,740
2018-11,수입,BMW,5 Series,738
2018-11,국산,기아,모하비,717
2018-11,국산,르노코리아,SM5 노바,614
2018-11,수입,포드,Explorer,503
2018-11,국산,현대,아이오닉 hybrid,500
2018-11,국산,기아,니로 EV,499
2018-11,국산,현대,엑센트,489
2018-11,수입,아우디,A4,481
2018-11,국산,르노코리아,SM3 네오,434
2018-11,수입,벤츠,GLE-Class,431
2018-11,국산,기아,K5 하이브리드,422
2018-11,국산,현대,쏘나타 뉴 라이즈 hybrid,416
2018-11,국산,쉐보레,라보,413
2018-11,국산,기아,스팅어,366
2018-11,국산,르노코리아,SM7 노바,365
2018-11,수입,닛산,Altima,365
2018-11,수입,벤츠,GLA-Class,359
2018-11,수입,폭스바겐,Passat GT,356
2018-11,국산,르노코리아,클리오,354
2018-11,국산,쉐보레,다마스,351
2018-11,국산,KGM,코란도 C,350
2018-11,수입,볼보,XC60,304
2018-11,국산,현대,i30,301
2018-11,수입,미니,Hatch,293
2018-11,수입,토요타,Avalon,290
2018-11,수입,포르쉐,Panamera,269
2018-11,수입,랜드로버,Discovery Sport,263
2018-11,수입,토요타,Prius,251
2018-11,국산,쉐보레,이쿼녹스,245
2018-11,국산,기아,K3 GT,243
2018-11,국산,쉐보레,임팔라,226
2018-11,수입,렉서스,RX,222
2018-11,국산,KGM,코란도 투리스모,197
2018-11,수입,토요타,RAV4,195
2018-11,국산,현대,벨로스터,190
2018-11,국산,현대,아이오닉 electric,187
2018-11,수입,미니,Clubman,185
2018-11,수입,지프,Cherokee,183
2018-11,수입,렉서스,NX,173
2018-11,수입,지프,Wrangler,171
2018-11,수입,볼보,XC90,163
2018-11,국산,현대,넥쏘,160
2018-11,수입,아우디,A6,151
2018-11,수입,BMW,7 Series,144
2018-11,국산,기아,버스 (기아),135
2018-11,수입,BMW,X1,135
2018-11,수입,지프,Renegade,134
2018-11,수입,벤츠,S-Class,130
2018-11,국산,르노코리아,트위지,128
2018-11,수입,랜드로버,Discovery,121
2018-11,수입,지프,Grand Cherokee,118
2018-11,수입,캐딜락,CT6,115
2018-11,수입,BMW,4 Series,111
2018-11,수입,벤츠,GLS-Class,110
2018-11,수입,시트로엥,Grand C4 Picasso,109
2018-11,수입,BMW,X5,108
2018-11,수입,지프,Compass,108
2018-11,수입,벤츠,CLA-Class,106
2018-11,수입,토요타,Prius C,101
2018-11,수입,랜드로버,Range Rover,96
2018-11,수입,미니,Countryman,96
2018-11,수입,링컨,MKX,81
2018-11,수입,BMW,X3,80
2018-11,수입,BMW,X6,79
2018-11,국산,현대,벨로스터 N,78
2018-11,수입,랜드로버,Range Rover Velar,78
2018-11,수입,볼보,S90,78
2018-11,수입,BMW,6 Series,72
2018-11,수입,링컨,MKZ,69
2018-11,수입,벤츠,C-Class,68
2018-11,수입,혼다,Odyssey,68
2018-11,수입,볼보,V40 Cross Country,67
2018-11,수입,인피니티,Q30,67
2018-11,수입,렉서스,CT,66
2018-11,수입,링컨,Continental,65
2018-11,수입,볼보,XC40,63
2018-11,수입,재규어,E-Pace,63
2018-11,수입,테슬라,Model S,60
2018-11,수입,테슬라,Model X,58
2018-11,수입,BMW,1 Series,57
2018-11,수입,마세라티,Ghibli,56
2018-11,수입,볼보,V90 Cross Country,56
2018-11,수입,BMW,X4,54
2018-11,수입,렉서스,LS,53
2018-11,수입,랜드로버,Range Rover Sport,51
2018-11,수입,포드,Mustang,51
2018-11,국산,기아,니로 플러그인 하이브리드,49
2018-11,수입,마세라티,Levante,49
2018-11,국산,현대,쏠라티,45
2018-11,수입,푸조,5008,44
2018-11,수입,토요타,Sienna,43
2018-11,수입,재규어,XE,42
2018-11,국산,르노코리아,SM3 Z.E.,40
2018-11,수입,포르쉐,718 Boxster,39
2018-11,수입,포르쉐,Macan,39
2018-11,수입,랜드로버,Range Rover Evoque,35
2018-11,수입,인피니티,QX60,35
2018-11,수입,인피니티,Q50,32
2018-11,수입,캐딜락,CTS,32
2018-11,국산,현대,i40,30
2018-11,수입,닛산,Maxima,30
2018-11,국산,기아,쏘울,29
2018-11,수입,포르쉐,911,29
2018-11,수입,링컨,MKC,28
2018-11,수입,캐딜락,XT5,28
2018-11,수입,푸조,508,28
2018-11,수입,마세라티,Quattroporte,26
2018-11,수입,재규어,XF,26
2018-11,수입,포드,Mondeo,26
2018-11,수입,BMW,M2,25
2018-11,수입,인피니티,Q70,23
2018-11,수입,재규어,XJ,23
2018-11,국산,쉐보레,카마로 SS,22
2018-11,수입,푸조,308,22
2018-11,국산,르노코리아,마스터,21
2018-11,국산,쉐보레,단종차량 (쉐보레),21
2018-11,수입,시트로엥,C4 Cactus,21
2018-11,국산,현대,맥스크루즈,19
2018-11,수입,포드,Taurus,19
2018-11,수입,미니,Convertible,18
2018-11,수입,캐딜락,ATS,17
2018-11,수입,BMW,M5,15
2018-11,수입,시트로엥,DS3,13
2018-11,국산,쉐보레,캡티바,12
2018-11,수입,포드,Kuga,12
2018-11,수입,BMW,X2,11
2018-11,수입,캐딜락,Escalade,11
2018-11,국산,쉐보레,볼트,10
2018-11,국산,현대,쏘나타 뉴 라이즈 plug-in,10
2018-11,수입,재규어,F-Type,9
2018-11,국산,쉐보레,더 뉴 아베오,8
2018-11,수입,롤스로이스,Ghost Series II,8
2018-11,수입,포르쉐,718 Cayman,8
2018-11,수입,BMW,M4,7
2018-11,수입,BMW,i3,7
2018-11,수입,토요타,Prius Prime,7
2018-11,수입,닛산,Pathfinder,6
2018-11,수입,벤츠,B-class,6
2018-11,수입,인피니티,Q60,5
2018-11,수입,재규어,F-Pace,5
2018-11,수입,폭스바겐,Arteon,5
2018-11,국산,KGM,코란도 스포츠,4
2018-11,수입,닛산,Murano,4
2018-11,수입,시트로엥,C4 Picasso,4
2018-11,국산,쉐보레,볼트 EV,3
2018-11,국산,쉐보레,올 뉴 크루즈,3
2018-11,수입,벤츠,A-Class,3
2018-11,수입,벤츠,SL-Class,3
2018-11,수입,푸조,3008,3
2018-11,국산,현대,투싼(2017),2
2018-11,수입,BMW,GT ED,2
2018-11,수입,BMW,M3,2
2018-11,수입,람보르기니,Huracan,2
2018-11,수입,푸조,208,2
2018-11,수입,닛산,370Z,1
2018-11,수입,렉서스,IS,1
2018-11,수입,롤스로이스,Dawn,1
2018-11,수입,롤스로이스,Phantom,1
2018-11,수입,롤스로이스,Wraith,1
2018-11,수입,마세라티,GranCabrio,1
2018-11,수입,벤츠,AMG GT,1
2018-11,수입,벤츠,SLC-Class,1
2018-11,수입,혼다,Civic,1
2018-11,수입,혼다,Pilot,1
2018-12,국산,현대,포터2,9328
2018-12,국산,현대,싼타페,8643
2018-12,국산,현대,그랜저,8012
2018-12,국산,기아,카니발,5448
2018-12,국산,현대,아반떼,5411
2018-12,국산,쉐보레,스파크,5252
2018-12,국산,기아,쏘렌토,5145
2018-12,국산,르노코리아,QM6,4819
2018-12,국산,현대,투싼,4778
2018-12,국산,기아,봉고 3,4640
2018-12,국산,현대,쏘나타 뉴 라이즈,4639
2018-12,국산,기아,모닝,4638
2018-12,국산,KGM,티볼리,4567
2018-12,국산,기아,K5,4417
2018-12,국산,KGM,렉스턴 스포츠,4257
2018-12,국산,현대,그랜드 스타렉스,3905
2018-12,국산,현대,코나,3505
2018-12,국산,기아,K7,3345
2018-12,수입,벤츠,E-Class,3253
2018-12,국산,기아,K3,2991
2018-12,국산,르노코리아,SM6,2956
2018-12,국산,기아,스포티지,2935
2018-12,국산,제네시스,G80,2605
2018-12,국산,현대,그랜저 hybrid,2407
2018-12,국산,제네시스,G90,2139
2018-12,국산,쉐보레,트랙스,2009
2018-12,국산,기아,니로,1922
2018-12,국산,현대,팰리세이드,1908
2018-12,국산,현대,버스/트럭 (현대),1899
2018-12,국산,쉐보레,올 뉴 말리부,1817
2018-12,국산,기아,레이,1805
2018-12,국산,제네시스,G70,1591
2018-12,국산,쉐보레,말리부,1314
2018-12,국산,KGM,G4 렉스턴,1263
2018-12,국산,기아,스토닉,1159
2018-12,국산,현대,코나 electric,1087
2018-12,국산,기아,K9,1082
2018-12,수입,렉서스,ES,998
2018-12,수입,벤츠,GLC-Class,923
2018-12,수입,BMW,3 Series,903
2018-12,국산,르노코리아,SM5 노바,883
2018-12,수입,BMW,5 Series,876
2018-12,수입,토요타,Camry,856
2018-12,수입,벤츠,CLS-Class,847
2018-12,국산,기아,K7 하이브리드,827
2018-12,국산,르노코리아,SM3 네오,770
2018-12,수입,폭스바겐,Arteon,760
2018-12,수입,벤츠,C-Class,740
2018-12,국산,기아,모하비,617
2018-12,수입,혼다,Accord,612
2018-12,국산,르노코리아,SM7 노바,558
2018-12,수입,아우디,A6,557
2018-12,국산,현대,쏘나타 뉴 라이즈 hybrid,545
2018-12,국산,현대,아이오닉 hybrid,545
2018-12,수입,포드,Explorer,529
2018-12,국산,현대,엑센트,466
2018-12,국산,쉐보레,이쿼녹스,426
2018-12,국산,르노코리아,뉴 QM3,413
2018-12,국산,기아,K5 하이브리드,401
2018-12,국산,현대,벨로스터,396
2018-12,국산,쉐보레,다마스,386
2018-12,국산,기아,스팅어,381
2018-12,수입,닛산,Altima,370
2018-12,수입,벤츠,S-Class,363
2018-12,국산,쉐보레,라보,361
2018-12,국산,KGM,코란도 C,333
2018-12,수입,미니,Hatch,317
2018-12,국산,현대,i30,295
2018-12,수입,렉서스,NX,294
2018-12,수입,폭스바겐,Tiguan,293
2018-12,국산,현대,아이오닉 electric,281
2018-12,수입,BMW,7 Series,257
2018-12,수입,토요타,Prius,256
2018-12,수입,지프,Renegade,251
2018-12,국산,르노코리아,클리오,246
2018-12,수입,지프,Cherokee,241
2018-12,국산,KGM,코란도 투리스모,236
2018-12,수입,토요타,RAV4,221
2018-12,수입,벤츠,GLA-Class,215
2018-12,국산,기아,K3 GT,206
2018-12,수입,볼보,XC60,205
2018-12,국산,현대,벨로스터 N,202
2018-12,수입,재규어,E-Pace,170
2018-12,수입,랜드로버,Discovery,156
2018-12,수입,포르쉐,Panamera,153
2018-12,수입,BMW,X4,152
2018-12,수입,랜드로버,Discovery Sport,152
2018-12,수입,BMW,6 Series,149
2018-12,수입,푸조,3008,149
2018-12,수입,랜드로버,Range Rover,147
2018-12,수입,미니,Clubman,146
2018-12,수입,볼보,XC90,146
2018-12,국산,현대,넥쏘,140
2018-12,수입,토요타,Avalon,133
2018-12,수입,렉서스,RX,130
2018-12,수입,미니,Countryman,130
2018-12,수입,지프,Compass,130
2018-12,수입,랜드로버,Range Rover Velar,127
2018-12,수입,캐딜락,CT6,124
2018-12,수입,랜드로버,Range Rover Evoque,123
2018-12,수입,혼다,Odyssey,123
2018-12,국산,기아,버스 (기아),119
2018-12,수입,BMW,X3,117
2018-12,수입,지프,Wrangler,117
2018-12,수입,볼보,S90,115
2018-12,수입,BMW,1 Series,107
2018-12,국산,쉐보레,임팔라,101
2018-12,수입,포드,Mustang,96
2018-12,수입,지프,Grand Cherokee,94
2018-12,수입,푸조,5008,94
2018-12,국산,기아,니로 플러그인 하이브리드,92
2018-12,수입,벤츠,Maybach S-Class,92
2018-12,수입,혼다,Pilot,90
2018-12,수입,BMW,4 Series,89
2018-12,수입,테슬라,Model X,89
2018-12,국산,르노코리아,트위지,87
2018-12,수입,BMW,X6,87
2018-12,수입,인피니티,Q30,78
2018-12,수입,BMW,X5,71
2018-12,국산,르노코리아,마스터,70
2018-12,수입,토요타,Prius C,70
2018-12,수입,랜드로버,Range Rover Sport,67
2018-12,수입,렉서스,LS,57
2018-12,수입,링컨,MKZ,57
2018-12,수입,BMW,X1,55
2018-12,수입,링컨,MKX,54
2018-12,국산,현대,쏠라티,52
2018-12,수입,링컨,Continental,52
2018-12,수입,볼보,XC40,52
2018-12,수입,폭스바겐,Passat GT,51
2018-12,수입,볼보,V90 Cross Country,47
2018-12,국산,쉐보레,카마로,46
2018-12,수입,닛산,Maxima,46
2018-12,수입,마세라티,Ghibli,46
2018-12,수입,테슬라,Model S,46
2018-12,수입,인피니티,QX60,44
2018-12,수입,렉서스,CT,43
2018-12,수입,마세라티,Levante,42
2018-12,수입,푸조,2008,40
2018-12,수입,토요타,Sienna,39
2018-12,수입,볼보,V40 Cross Country,34
2018-12,수입,인피니티,Q50,33
2018-12,수입,포르쉐,718 Boxster,33
2018-12,수입,포드,Taurus,32
2018-12,수입,BMW,X2,30
2018-12,수입,캐딜락,ATS,30
2018-12,수입,마세라티,Quattroporte,29
2018-12,수입,캐딜락,CTS,28
2018-12,수입,링컨,MKC,26
2018-12,수입,캐딜락,XT5,25
2018-12,국산,기아,쏘울,24
2018-12,수입,인피니티,Q70,24
2018-12,수입,인피니티,QX30,22
2018-12,수입,재규어,XE,22
2018-12,수입,BMW,M2,21
2018-12,수입,미니,Convertible,20
2018-12,수입,재규어,XF,20
2018-12,국산,현대,아이오닉 plug-in,18
2018-12,수입,포르쉐,911,18
2018-12,국산,현대,i40,17
2018-12,수입,벤츠,CLA-Class,17
2018-12,국산,현대,맥스크루즈,15
2018-12,수입,BMW,M5,15
2018-12,수입,인피니티,QX50 2.0t,15
2018-12,수입,포르쉐,718 Cayman,14
2018-12,국산,쉐보레,더 뉴 아베오,13
2018-12,수입,BMW,M4,12
2018-12,수입,BMW,i3,12
2018-12,수입,캐딜락,Escalade,12
2018-12,수입,닛산,Pathfinder,11
2018-12,수입,푸조,308,11
2018-12,국산,쉐보레,볼트,9
2018-12,수입,닛산,Murano,9
2018-12,수입,재규어,F-Type,9
2018-12,수입,벤츠,GLE-Class,8
2018-12,국산,쉐보레,볼트 EV,7
2018-12,수입,재규어,XJ,7
2018-12,국산,기아,니로 EV,6
2018-12,국산,현대,쏘나타 뉴 라이즈 plug-in,6
2018-12,수입,벤츠,GLS-Class,6
2018-12,수입,인피니티,Q60,6
2018-12,수입,롤스로이스,Wraith,5
2018-12,수입,포드,Mondeo,5
2018-12,수입,롤스로이스,Cullinan,4
2018-12,수입,마세라티,GranTurismo,4
2018-12,수입,벤츠,B-class,4
2018-12,수입,폭스바겐,Passat,4
2018-12,수입,혼다,CR-V Turbo,4
2018-12,국산,르노코리아,SM3 Z.E.,3
2018-12,수입,롤스로이스,Phantom,3
2018-12,수입,BMW,M3,2
2018-12,수입,렉서스,IS,2
2018-12,수입,롤스로이스,Ghost Series II,2
2018-12,수입,벤츠,SL-Class,2
2018-12,수입,토요타,Prius Prime,2
2018-12,국산,쉐보레,올 뉴 크루즈,1
2018-12,수입,람보르기니,Huracan,1
2018-12,수입,렉서스,GS,1
2018-12,수입,롤스로이스,Dawn,1
2018-12,수입,마세라티,GranCabrio,1
2018-12,수입,벤츠,AMG GT,1
2018-12,수입,벤츠,G-Class,1
2018-12,수입,벤츠,SLC-Class,1
2018-12,수입,토요타,86,1
2018-12,수입,포드,Kuga,1
2018-12,수입,포르쉐,Macan,1
2019-01,국산,현대,포터2,8951
2019-01,국산,현대,그랜저,7627
2019-01,국산,현대,싼타페,7001
2019-01,국산,현대,팰리세이드,5903
2019-01,국산,기아,카니발,5678
2019-01,국산,현대,아반떼,5428
2019-01,국산,기아,봉고 3,4973
2019-01,국산,현대,쏘나타 뉴 라이즈,4271
2019-01,국산,현대,그랜드 스타렉스,4179
2019-01,국산,기아,모닝,4126
2019-01,국산,기아,K3,3900
2019-01,국산,현대,투싼,3651
2019-01,국산,기아,쏘렌토,3617
2019-01,수입,벤츠,E-Class,3392
2019-01,국산,KGM,티볼리,3071
2019-01,국산,기아,K5,3057
2019-01,국산,KGM,렉스턴 스포츠,2963
2019-01,국산,르노코리아,QM6,2845
2019-01,국산,기아,스포티지,2755
2019-01,국산,제네시스,G80,2479
2019-01,국산,현대,그랜저 hybrid,2450
2019-01,국산,기아,K7,2425
2019-01,국산,현대,버스/트럭 (현대),2165
2019-01,국산,쉐보레,스파크,2164
2019-01,국산,기아,레이,1989
2019-01,국산,현대,코나,1922
2019-01,국산,제네시스,G70,1408
2019-01,국산,제네시스,G90,1387
2019-01,국산,KGM,렉스턴 스포츠 칸,1339
2019-01,수입,렉서스,ES,1196
2019-01,국산,기아,니로,1174
2019-01,국산,르노코리아,SM6,1162
2019-01,국산,쉐보레,말리부,1115
2019-01,국산,기아,K9,1047
2019-01,국산,기아,스토닉,1025
2019-01,국산,쉐보레,트랙스,1010
2019-01,국산,KGM,G4 렉스턴,1000
2019-01,수입,BMW,3 Series,924
2019-01,수입,BMW,5 Series,813
2019-01,수입,벤츠,C-Class,700
2019-01,수입,아우디,A6,700
2019-01,국산,기아,K7 하이브리드,575
2019-01,수입,토요타,Camry,565
2019-01,수입,벤츠,CLS-Class,550
2019-01,수입,포드,Explorer,537
2019-01,수입,혼다,Accord,496
2019-01,수입,벤츠,GLC-Class,447
2019-01,수입,벤츠,S-Class,433
2019-01,국산,현대,엑센트,406
2019-01,수입,지프,Renegade,394
2019-01,국산,기아,모하비,391
2019-01,국산,현대,코나 electric,388
2019-01,수입,폭스바겐,Passat,385
2019-01,국산,쉐보레,다마스,333
2019-01,수입,볼보,XC60,333
2019-01,국산,기아,스팅어,324
2019-01,국산,기아,쏘울,319
2019-01,국산,르노코리아,SM3 네오,307
2019-01,수입,미니,Hatch,288
2019-01,국산,KGM,코란도 C,280
2019-01,국산,르노코리아,SM5 노바,280
2019-01,수입,포르쉐,Panamera,269
2019-01,국산,현대,쏘나타 뉴 라이즈 hybrid,265
2019-01,국산,르노코리아,SM7 노바,259
2019-01,국산,기아,K3 GT,248
2019-01,국산,쉐보레,라보,239
2019-01,수입,벤츠,GLA-Class,235
2019-01,국산,기아,K5 하이브리드,230
2019-01,수입,렉서스,NX,202
2019-01,국산,르노코리아,뉴 QM3,196
2019-01,수입,BMW,X3,191
2019-01,수입,BMW,7 Series,182
2019-01,수입,토요타,Prius,180
2019-01,수입,랜드로버,Discovery Sport,179
2019-01,국산,현대,i30,158
2019-01,국산,쉐보레,이쿼녹스,152
2019-01,수입,지프,Compass,152
2019-01,수입,토요타,RAV4,149
2019-01,수입,볼보,S90,145
2019-01,수입,볼보,XC90,136
2019-01,국산,KGM,코란도 투리스모,134
2019-01,수입,볼보,XC40,134
2019-01,수입,미니,Countryman,129
2019-01,수입,닛산,Altima,128
2019-01,수입,미니,Clubman,127
2019-01,수입,닛산,The New X-Trail,126
2019-01,국산,기아,버스,122
2019-01,수입,지프,Cherokee,118
2019-01,수입,포르쉐,718 Boxster,118
2019-01,수입,푸조,3008,117
2019-01,국산,현대,아이오닉,113
2019-01,국산,현대,벨로스터 N,112
2019-01,수입,랜드로버,Range Rover,112
2019-01,수입,BMW,X6,103
2019-01,수입,포드,Mustang,98
2019-01,수입,BMW,X4,96
2019-01,국산,르노코리아,클리오,95
2019-01,수입,BMW,6 Series,95
2019-01,수입,렉서스,RX,91
2019-01,수입,랜드로버,Discovery,90
2019-01,수입,혼다,Odyssey,89
2019-01,수입,BMW,X1,86
2019-01,국산,현대,벨로스터,82
2019-01,수입,인피니티,QX60,77
2019-01,수입,지프,Grand Cherokee,76
2019-01,수입,링컨,MKZ,75
2019-01,수입,토요타,Avalon,75
2019-01,수입,캐딜락,CT6,73
2019-01,수입,지프,Wrangler,72
2019-01,수입,닛산,Maxima,69
2019-01,수입,랜드로버,Range Rover Evoque,69
2019-01,수입,링컨,Continental,68
2019-01,수입,볼보,V90 Cross Country,66
2019-01,수입,푸조,5008,66
2019-01,수입,혼다,Pilot,63
2019-01,수입,BMW,1 Series,60
2019-01,수입,푸조,508,57
2019-01,수입,랜드로버,Range Rover Velar,52
2019-01,수입,BMW,4 Series,47
2019-01,수입,랜드로버,Range Rover Sport,47
2019-01,수입,볼보,V40 Cross Country,46
2019-01,수입,인피니티,Q30,46
2019-01,수입,토요타,Prius C,46
2019-01,수입,BMW,X5,45
2019-01,수입,푸조,2008,43
2019-01,수입,링컨,MKX,41
2019-01,수입,마세라티,Ghibli,40
2019-01,국산,현대,쏠라티,38
2019-01,수입,포르쉐,Cayenne,36
2019-01,국산,기아,니로 플러그인 하이브리드,35
2019-01,국산,르노코리아,마스터,30
2019-01,수입,마세라티,Levante,29
2019-01,수입,재규어,E-Pace,29
2019-01,수입,BMW,M5,28
2019-01,수입,링컨,MKC,28
2019-01,수입,미니,Convertible,28
2019-01,수입,포르쉐,718 Cayman,27
2019-01,수입,토요타,Sienna,25
2019-01,수입,렉서스,LS,24
2019-01,국산,쉐보레,카마로,23
2019-01,수입,벤틀리,Bentayga,23
2019-01,수입,시트로엥,C4 Cactus,23
2019-01,수입,캐딜락,XT5,23
2019-01,국산,현대,넥쏘,21
2019-01,국산,현대,아이오닉 electric,21
2019-01,수입,혼다,CR-V Turbo,21
2019-01,수입,BMW,M2,20
2019-01,수입,마세라티,Quattroporte,20
2019-01,수입,재규어,XF,20
2019-01,수입,렉서스,CT,19
2019-01,수입,재규어,I-Pace,17
2019-01,수입,포르쉐,911,17
2019-01,수입,재규어,XE,16
2019-01,수입,캐딜락,CTS,15
2019-01,수입,캐딜락,Escalade,15
2019-01,수입,폭스바겐,Arteon,15
2019-01,수입,푸조,308,15
2019-01,수입,시트로엥,Grand C4 Spacetourer,14
2019-01,수입,포드,Taurus,14
2019-01,수입,BMW,X2,13
2019-01,수입,BMW,M3,12
2019-01,수입,벤츠,CLA-Class,12
2019-01,수입,인피니티,Q70,12
2019-01,수입,인피니티,QX30,11
2019-01,수입,캐딜락,ATS,11
2019-01,국산,쉐보레,더 뉴 아베오,10
2019-01,수입,닛산,Murano,10
2019-01,수입,인피니티,Q50,10
2019-01,수입,재규어,XJ,9
2019-01,국산,현대,i40,7
2019-01,수입,BMW,M4,7
2019-01,수입,닛산,Pathfinder,7
2019-01,수입,람보르기니,Huracan,7
2019-01,수입,롤스로이스,Cullinan,7
2019-01,수입,롤스로이스,Ghost Series II,7
2019-01,수입,벤츠,GLS-Class,7
2019-01,국산,쉐보레,볼트,6
2019-01,수입,벤츠,GLE-Class,6
2019-01,수입,벤츠,Maybach S-Class,6
2019-01,수입,재규어,F-Pace,6
2019-01,국산,현대,쏘나타 뉴 라이즈 plug-in,5
2019-01,수입,벤츠,A-Class,5
2019-01,수입,인피니티,Q60,5
2019-01,수입,재규어,F-Type,5
2019-01,수입,테슬라,Model X,4
2019-01,수입,토요타,86,4
2019-01,수입,폭스바겐,Tiguan,4
2019-01,수입,BMW,i8,3
2019-01,수입,테슬라,Model S,3
2019-01,수입,토요타,Prius Prime,3
2019-01,국산,현대,아이오닉 plug-in,2
2019-01,수입,롤스로이스,Wraith,2
2019-01,수입,벤츠,SL-Class,2
2019-01,국산,쉐보레,임팔라,1
2019-01,수입,BMW,2 Series Active Tourer,1
2019-01,수입,닛산,370Z,1
2019-01,수입,렉서스,IS,1
2019-01,수입,롤스로이스,Phantom,1
2019-01,수입,마세라티,GranTurismo,1
2019-01,수입,벤츠,AMG GT,1
2019-01,수입,인피니티,QX50,1
2019-01,수입,포르쉐,Macan,1
2019-02,국산,현대,싼타페,7023
2019-02,국산,현대,포터2,6797
2019-02,국산,현대,그랜저,5883
2019-02,국산,현대,팰리세이드,5769
2019-02,국산,현대,쏘나타 뉴 라이즈,5363
2019-02,국산,현대,아반떼,4973
2019-02,국산,기아,카니발,4312
2019-02,국산,기아,쏘렌토,4157
2019-02,국산,기아,봉고 3,4092
2019-02,국산,현대,그랜드 스타렉스,3581
2019-02,국산,기아,모닝,3355
2019-02,국산,기아,K3,3231
2019-02,국산,KGM,티볼리,2960
2019-02,국산,현대,투싼,2638
2019-02,국산,기아,K5,2565
2019-02,국산,쉐보레,스파크,2401
2019-02,국산,르노코리아,QM6,2280
2019-02,국산,기아,스포티지,2214
2019-02,국산,현대,버스/트럭 (현대),2042
2019-02,수입,벤츠,E-Class,2038
2019-02,국산,기아,레이,2020
2019-02,국산,제네시스,G80,1873
2019-02,국산,현대,그랜저 hybrid,1837
2019-02,국산,기아,K7,1755
2019-02,국산,KGM,렉스턴 스포츠,1744
2019-02,국산,현대,코나,1722
2019-02,수입,아우디,A6,1717
2019-02,국산,KGM,렉스턴 스포츠 칸,1669
2019-02,국산,기아,니로,1358
2019-02,국산,제네시스,G70,1310
2019-02,국산,쉐보레,말리부,1075
2019-02,국산,르노코리아,SM6,1061
2019-02,국산,제네시스,G90,960
2019-02,국산,쉐보레,트랙스,920
2019-02,국산,기아,K9,906
2019-02,수입,렉서스,ES,863
2019-02,국산,기아,스토닉,823
2019-02,국산,KGM,G4 렉스턴,811
2019-02,수입,벤츠,C-Class,692
2019-02,수입,BMW,3 Series,681
2019-02,수입,BMW,5 Series,610
2019-02,국산,기아,쏘울,608
2019-02,수입,토요타,Camry,541
2019-02,수입,혼다,Accord,513
2019-02,수입,포르쉐,Cayenne,498
2019-02,국산,기아,K7 하이브리드,471
2019-02,수입,랜드로버,Discovery Sport,450
2019-02,국산,기아,니로 EV,411
2019-02,국산,현대,엑센트,370
2019-02,국산,르노코리아,SM3 네오,369
2019-02,수입,포드,Explorer,343
2019-02,국산,쉐보레,라보,328
2019-02,국산,르노코리아,뉴 QM3,324
2019-02,수입,볼보,XC60,320
2019-02,수입,미니,Hatch,318
2019-02,국산,현대,쏘나타 뉴 라이즈 hybrid,317
2019-02,수입,BMW,X5,300
2019-02,국산,르노코리아,SM5 노바,299
2019-02,국산,쉐보레,다마스,295
2019-02,국산,기아,스팅어,292
2019-02,수입,벤츠,CLS-Class,273
2019-02,수입,벤츠,S-Class,250
2019-02,수입,벤츠,GLA-Class,239
2019-02,국산,현대,코나 electric,233
2019-02,국산,르노코리아,SM7 노바,231
2019-02,국산,기아,K5 하이브리드,222
2019-02,국산,현대,아이오닉,221
2019-02,수입,BMW,X3,198
2019-02,수입,닛산,Maxima,192
2019-02,수입,렉서스,NX,185
2019-02,수입,미니,Countryman,183
2019-02,국산,기아,모하비,180
2019-02,국산,KGM,코란도 C,176
2019-02,수입,지프,Renegade,172
2019-02,수입,지프,Compass,170
2019-02,국산,기아,K3 GT,161
2019-02,국산,르노코리아,클리오,158
2019-02,수입,렉서스,RX,153
2019-02,국산,KGM,코란도 투리스모,147
2019-02,수입,지프,Cherokee,141
2019-02,수입,닛산,The New X-Trail,134
2019-02,국산,쉐보레,이쿼녹스,133
2019-02,수입,혼다,Odyssey,132
2019-02,수입,볼보,XC90,127
2019-02,수입,혼다,CR-V Turbo,125
2019-02,수입,BMW,7 Series,122
2019-02,수입,볼보,S90,122
2019-02,국산,현대,벨로스터,113
2019-02,수입,랜드로버,Range Rover Evoque,111
2019-02,수입,푸조,3008,111
2019-02,수입,랜드로버,Discovery,107
2019-02,국산,현대,i30,106
2019-02,수입,토요타,Prius,105
2019-02,수입,지프,Grand Cherokee,104
2019-02,수입,미니,Clubman,103
2019-02,수입,볼보,XC40,99
2019-02,국산,르노코리아,마스터,97
2019-02,수입,토요타,RAV4,96
2019-02,수입,벤츠,GLC-Class,94
2019-02,수입,포르쉐,Panamera,88
2019-02,국산,기아,버스 (기아),84
2019-02,수입,포드,Mustang,81
2019-02,수입,BMW,X1,80
2019-02,국산,르노코리아,트위지,74
2019-02,수입,토요타,Prius C,74
2019-02,국산,KGM,코란도,72
2019-02,국산,현대,넥쏘,72
2019-02,수입,BMW,1 Series,71
2019-02,국산,현대,벨로스터 N,68
2019-02,수입,캐딜락,CT6,65
2019-02,수입,BMW,X4,63
2019-02,수입,푸조,5008,63
2019-02,국산,현대,아이오닉 electric,62
2019-02,국산,현대,쏠라티,59
2019-02,수입,랜드로버,Range Rover Velar,55
2019-02,수입,재규어,F-Pace,54
2019-02,수입,랜드로버,Range Rover,52
2019-02,수입,볼보,V90 Cross Country,52
2019-02,수입,랜드로버,Range Rover Sport,50
2019-02,수입,링컨,MKZ,50
2019-02,수입,BMW,4 Series,49
2019-02,수입,인피니티,QX50,49
2019-02,수입,BMW,X6,48
2019-02,수입,렉서스,LS,46
2019-02,수입,지프,Wrangler,45
2019-02,수입,푸조,508,44
2019-02,수입,BMW,6 Series,43
2019-02,수입,토요타,Sienna,43
2019-02,수입,마세라티,Ghibli,42
2019-02,수입,시트로엥,C4 Cactus,42
2019-02,수입,혼다,Pilot,42
2019-02,수입,볼보,V40 Cross Country,40
2019-02,수입,인피니티,QX60,40
2019-02,수입,인피니티,Q30,36
2019-02,수입,폭스바겐,Passat,36
2019-02,수입,렉서스,CT,33
2019-02,수입,캐딜락,XT5,33
2019-02,국산,르노코리아,SM3 Z.E.,30
2019-02,수입,미니,Convertible,27
2019-02,수입,폭스바겐,Arteon,26
2019-02,수입,재규어,XF,25
2019-02,수입,캐딜락,Escalade,24
2019-02,수입,닛산,Altima,22
2019-02,수입,푸조,2008,22
2019-02,수입,링컨,Continental,21
2019-02,수입,재규어,XE,21
2019-02,수입,포르쉐,911,21
2019-02,수입,마세라티,Levante,19
2019-02,수입,재규어,E-Pace,19
2019-02,수입,포르쉐,718 Boxster,19
2019-02,국산,쉐보레,카마로,18
2019-02,수입,마세라티,Quattroporte,17
2019-02,수입,캐딜락,CTS,17
2019-02,수입,BMW,M4,15
2019-02,국산,현대,i40,14
2019-02,수입,BMW,M2,14
2019-02,수입,벤츠,GLS-Class,13
2019-02,수입,BMW,M5,12
2019-02,수입,링컨,MKC,12
2019-02,수입,BMW,X2,10
2019-02,수입,테슬라,Model X,10
2019-02,수입,인피니티,QX30,9
2019-02,수입,BMW,2 Series Active Tourer,8
2019-02,수입,BMW,M3,8
2019-02,수입,링컨,MKX,8
2019-02,수입,람보르기니,Huracan,7
2019-02,수입,벤츠,CLA-Class,7
2019-02,수입,인피니티,Q50,7
2019-02,수입,테슬라,Model S,7
2019-02,수입,토요타,Prius Prime,7
2019-02,수입,포드,Taurus,7
2019-02,수입,푸조,308,7
2019-02,수입,벤틀리,Bentayga,6
2019-02,수입,재규어,F-Type,6
2019-02,수입,토요타,Avalon,6
2019-02,국산,기아,니로 플러그인 하이브리드,5
2019-02,수입,BMW,i8,5
2019-02,수입,인피니티,Q60,5
2019-02,수입,캐딜락,ATS,5
2019-02,수입,포르쉐,718 Cayman,5
2019-02,국산,쉐보레,볼트,4
2019-02,수입,닛산,Murano,4
2019-02,수입,BMW,i3,3
2019-02,수입,롤스로이스,Dawn,3
2019-02,수입,롤스로이스,Wraith,3
2019-02,수입,인피니티,Q70,3
2019-02,수입,재규어,XJ,3
2019-02,수입,토요타,86,3
2019-02,국산,쉐보레,임팔라,2
2019-02,수입,닛산,Pathfinder,2
2019-02,수입,렉서스,IS,2
2019-02,수입,벤츠,B-class,2
2019-02,수입,벤츠,SL-Class,2
2019-02,수입,시트로엥,Grand C4 Spacetourer,2
2019-02,국산,쉐보레,더 뉴 아베오,1
2019-02,수입,렉서스,GS,1
2019-02,수입,롤스로이스,Cullinan,1
2019-02,수입,롤스로이스,Phantom,1
2019-02,수입,마세라티,GranCabrio,1
2019-02,수입,마세라티,GranTurismo,1
2019-02,수입,벤츠,GLE-Class,1
2019-02,수입,벤틀리,Mulsanne,1
2019-03,국산,현대,포터2,9412
2019-03,국산,현대,싼타페,8231
2019-03,국산,현대,그랜저,7470
2019-03,국산,현대,팰리세이드,6377
2019-03,국산,기아,봉고 3,5777
2019-03,국산,기아,카니발,5718
2019-03,국산,현대,쏘나타 뉴 라이즈,5660
2019-03,국산,기아,쏘렌토,5626
2019-03,국산,현대,아반떼,5603
2019-03,국산,현대,그랜드 스타렉스,4937
2019-03,국산,기아,모닝,4720
2019-03,국산,현대,투싼,3693
2019-03,국산,기아,K3,3552
2019-03,국산,KGM,티볼리,3360
2019-03,국산,기아,K5,3327
2019-03,국산,기아,레이,3202
2019-03,국산,현대,그랜저 hybrid,3061
2019-03,국산,르노코리아,QM6,2871
2019-03,국산,현대,버스/트럭 (현대),2735
2019-03,국산,쉐보레,스파크,2676
2019-03,국산,기아,스포티지,2673
2019-03,국산,KGM,렉스턴 스포츠,2393
2019-03,국산,현대,코나,2378
2019-03,국산,제네시스,G90,2374
2019-03,수입,벤츠,E-Class,2361
2019-03,국산,KGM,코란도,2202
2019-03,국산,제네시스,G80,2195
2019-03,국산,현대,코나 electric,2151
2019-03,국산,기아,K7,2149
2019-03,국산,르노코리아,SM6,1799
2019-03,국산,제네시스,G70,1757
2019-03,국산,KGM,렉스턴 스포츠 칸,1694
2019-03,국산,기아,니로,1659
2019-03,수입,BMW,5 Series,1375
2019-03,국산,KGM,G4 렉스턴,1200
2019-03,국산,쉐보레,말리부,1183
2019-03,국산,기아,니로 EV,1044
2019-03,국산,쉐보레,트랙스,1043
2019-03,국산,기아,K9,1003
2019-03,국산,기아,스토닉,899
2019-03,수입,혼다,Accord,858
2019-03,수입,렉서스,ES,788
2019-03,국산,기아,쏘울,778
2019-03,수입,BMW,3 Series,691
2019-03,수입,랜드로버,Discovery Sport,680
2019-03,수입,벤츠,GLC-Class,679
2019-03,국산,쉐보레,볼트 EV,650
2019-03,수입,벤츠,C-Class,642
2019-03,수입,포드,Explorer,582
2019-03,수입,포르쉐,Cayenne,568
2019-03,수입,토요타,Camry,553
2019-03,국산,기아,K7 하이브리드,503
2019-03,수입,미니,Hatch,462
2019-03,국산,기아,스팅어,438
2019-03,국산,르노코리아,SM3 네오,438
2019-03,국산,현대,엑센트,415
2019-03,국산,기아,쏘울 EV,388
2019-03,국산,쉐보레,라보,353
2019-03,국산,르노코리아,뉴 QM3,335
2019-03,수입,벤츠,GLA-Class,325
2019-03,수입,볼보,XC60,317
2019-03,국산,르노코리아,SM7 노바,313
2019-03,국산,현대,아이오닉,303
2019-03,수입,벤츠,S-Class,302
2019-03,국산,쉐보레,다마스,293
2019-03,국산,현대,아이오닉 electric,288
2019-03,수입,지프,Grand Cherokee,266
2019-03,국산,현대,쏘나타 뉴 라이즈 hybrid,260
2019-03,수입,렉서스,NX,245
2019-03,국산,기아,모하비,240
2019-03,수입,혼다,CR-V Turbo,235
2019-03,국산,르노코리아,SM5 노바,221
2019-03,국산,기아,K3 GT,218
2019-03,국산,현대,i30,205
2019-03,수입,지프,Cherokee,205
2019-03,국산,르노코리아,마스터,196
2019-03,수입,혼다,Odyssey,190
2019-03,수입,BMW,X3,188
2019-03,수입,미니,Countryman,187
2019-03,수입,랜드로버,Discovery,182
2019-03,수입,미니,Clubman,178
2019-03,수입,볼보,XC40,163
2019-03,수입,지프,Compass,158
2019-03,국산,르노코리아,트위지,157
2019-03,수입,BMW,7 Series,156
2019-03,수입,랜드로버,Range Rover Evoque,156
2019-03,수입,토요타,Avalon,153
2019-03,국산,현대,넥쏘,151
2019-03,수입,렉서스,RX,151
2019-03,수입,볼보,XC90,151
2019-03,국산,쉐보레,이쿼녹스,150
2019-03,수입,혼다,Pilot,148
2019-03,수입,닛산,Maxima,147
2019-03,수입,아우디,A6,142
2019-03,수입,테슬라,Model S,141
2019-03,국산,르노코리아,클리오,140
2019-03,국산,기아,K5 하이브리드,139
2019-03,국산,KGM,코란도 투리스모,133
2019-03,국산,현대,벨로스터,130
2019-03,수입,재규어,F-Pace,127
2019-03,수입,닛산,The New X-Trail,124
2019-03,수입,볼보,S90,116
2019-03,수입,푸조,3008,116
2019-03,국산,기아,버스 (기아),112
2019-03,국산,현대,쏘나타,111
2019-03,수입,BMW,X5,108
2019-03,수입,벤츠,CLS-Class,105
2019-03,수입,푸조,5008,103
2019-03,수입,토요타,Prius C,102
2019-03,수입,닛산,New  Leaf,100
2019-03,수입,렉서스,UX,100
2019-03,수입,랜드로버,Range Rover Velar,93
2019-03,국산,현대,쏠라티,90
2019-03,수입,BMW,1 Series,87
2019-03,수입,포르쉐,Panamera,86
2019-03,수입,BMW,X1,82
2019-03,수입,BMW,4 Series,80
2019-03,수입,랜드로버,Range Rover Sport,79
2019-03,수입,포드,Mustang,72
2019-03,국산,현대,벨로스터 N,71
2019-03,수입,인피니티,QX50,71
2019-03,국산,르노코리아,SM3 Z.E.,70
2019-03,국산,기아,니로 플러그인 하이브리드,68
2019-03,수입,볼보,V90 Cross Country,65
2019-03,수입,테슬라,Model X,65
2019-03,수입,랜드로버,Range Rover,63
2019-03,수입,인피니티,Q30,62
2019-03,수입,인피니티,Q70,62
2019-03,수입,BMW,X4,57
2019-03,수입,재규어,XF,57
2019-03,수입,캐딜락,CT6,57
2019-03,수입,링컨,MKZ,56
2019-03,국산,쉐보레,임팔라,55
2019-03,수입,BMW,X6,51
2019-03,수입,토요타,RAV4,49
2019-03,수입,지프,Wrangler,48
2019-03,수입,볼보,V40 Cross Country,47
2019-03,수입,토요타,Sienna,45
2019-03,수입,푸조,2008,45
2019-03,수입,푸조,508,45
2019-03,수입,링컨,Continental,44
2019-03,수입,렉서스,CT,42
2019-03,수입,캐딜락,XT5,42
2019-03,수입,미니,Convertible,41
2019-03,수입,마세라티,Levante,38
2019-03,수입,포르쉐,718 Boxster,33
2019-03,국산,현대,아이오닉 plug-in,32
2019-03,수입,마세라티,Ghibli,32
2019-03,수입,볼보,V60 Cross Country,31
2019-03,수입,포르쉐,911,31
2019-03,수입,렉서스,LS,30
2019-03,수입,재규어,E-Pace,30
2019-03,수입,재규어,XE,30
2019-03,수입,마세라티,Quattroporte,28
2019-03,수입,캐딜락,CTS,26
2019-03,수입,혼다,Civic Sport,26
2019-03,수입,링컨,MKC,25
2019-03,수입,인피니티,QX60,24
2019-03,수입,BMW,6 Series,23
2019-03,수입,지프,Renegade,23
2019-03,수입,캐딜락,Escalade,22
2019-03,수입,BMW,X2,20
2019-03,수입,BMW,i3,20
2019-03,수입,벤틀리,Bentayga,19
2019-03,수입,시트로엥,C4 Cactus,19
2019-03,국산,현대,i40,16
2019-03,수입,BMW,M4,16
2019-03,수입,BMW,M5,15
2019-03,수입,벤츠,CLA-Class,15
2019-03,국산,쉐보레,카마로,13
2019-03,수입,렉서스,IS,13
2019-03,수입,시트로엥,Grand C4 Spacetourer,12
2019-03,수입,BMW,i8,11
2019-03,수입,인피니티,Q50,11
2019-03,수입,재규어,XJ,11
2019-03,수입,BMW,M2,9
2019-03,수입,BMW,M3,9
2019-03,수입,닛산,Altima,9
2019-03,수입,토요타,Prius Prime,9
2019-03,수입,푸조,308,9
2019-03,수입,폭스바겐,Arteon,8
2019-03,국산,현대,쏘나타 뉴 라이즈 plug-in,5
2019-03,수입,롤스로이스,Cullinan,5
2019-03,수입,벤츠,GLS-Class,5
2019-03,수입,벤츠,SL-Class,5
2019-03,수입,캐딜락,ATS,5
2019-03,수입,롤스로이스,Ghost Series II,4
2019-03,수입,링컨,MKX,4
2019-03,수입,인피니티,QX30,4
2019-03,수입,람보르기니,Huracan,3
2019-03,수입,벤츠,GLE-Class,3
2019-03,수입,인피니티,Q60,3
2019-03,수입,재규어,F-Type,3
2019-03,국산,KGM,코란도 스포츠,2
2019-03,국산,쉐보레,더 뉴 아베오,2
2019-03,국산,쉐보레,캡티바,2
2019-03,수입,렉서스,GS,2
2019-03,수입,롤스로이스,Dawn,2
2019-03,수입,마세라티,GranCabrio,2
2019-03,수입,벤틀리,Mulsanne,2
2019-03,수입,재규어,I-Pace,2
2019-03,수입,토요타,Prius,2
2019-03,수입,포드,Taurus,2
2019-03,수입,포르쉐,718 Cayman,2
2019-03,수입,BMW,2 Series Active Tourer,1
2019-03,수입,닛산,370Z,1
2019-03,수입,닛산,Pathfinder,1
2019-03,수입,람보르기니,Aventador,1
2019-03,수입,롤스로이스,Wraith,1
2019-04,국산,현대,포터2,9502
2019-04,국산,현대,그랜저,6949
2019-04,국산,현대,싼타페,6759
2019-04,국산,현대,팰리세이드,6583
2019-04,국산,현대,쏘나타,6128
2019-04,국산,기아,카니발,6110
2019-04,국산,기아,봉고 3,6011
2019-04,국산,현대,아반떼,5774
2019-04,국산,현대,코나,4730
2019-04,국산,기아,쏘렌토,4452
2019-04,국산,현대,그랜드 스타렉스,4303
2019-04,국산,기아,모닝,4085
2019-04,국산,KGM,티볼리,3967
2019-04,국산,현대,투싼,3860
2019-04,수입,벤츠,E-Class,3740
2019-04,국산,기아,K3,3491
2019-04,국산,기아,K5,3440
2019-04,국산,현대,그랜저 hybrid,3186
2019-04,국산,기아,니로,2953
2019-04,국산,쉐보레,스파크,2838
2019-04,국산,제네시스,G90,2806
2019-04,국산,현대,버스/트럭 (현대),2797
2019-04,국산,르노코리아,QM6,2752
2019-04,국산,기아,스포티지,2628
2019-04,국산,현대,쏘나타 뉴 라이즈,2529
2019-04,국산,기아,K7,2237
2019-04,국산,기아,레이,2234
2019-04,국산,KGM,렉스턴 스포츠,2056
2019-04,국산,제네시스,G80,1930
2019-04,국산,KGM,코란도,1753
2019-04,국산,르노코리아,SM6,1713
2019-04,국산,제네시스,G70,1662
2019-04,국산,KGM,렉스턴 스포츠 칸,1359
2019-04,국산,쉐보레,말리부,1151
2019-04,국산,쉐보레,트랙스,1057
2019-04,수입,BMW,5 Series,1050
2019-04,국산,기아,스토닉,1014
2019-04,국산,KGM,G4 렉스턴,1000
2019-04,국산,기아,K9,978
2019-04,국산,기아,쏘울,943
2019-04,수입,벤츠,C-Class,761
2019-04,수입,벤츠,S-Class,709
2019-04,수입,렉서스,ES,703
2019-04,수입,BMW,3 Series,625
2019-04,수입,벤츠,GLC-Class,622
2019-04,수입,토요타,Camry,608
2019-04,국산,르노코리아,SM7 노바,601
2019-04,수입,포드,Explorer,565
2019-04,국산,현대,아이오닉,498
2019-04,수입,혼다,Accord,488
2019-04,수입,벤츠,GLA-Class,484
2019-04,국산,현대,엑센트,467
2019-04,수입,미니,Hatch,453
2019-04,국산,쉐보레,볼트 EV,452
2019-04,국산,기아,K7 하이브리드,395
2019-04,국산,현대,넥쏘,363
2019-04,수입,지프,Wrangler,344
2019-04,국산,기아,스팅어,339
2019-04,국산,쉐보레,다마스,326
2019-04,국산,쉐보레,라보,321
2019-04,수입,볼보,XC60,306
2019-04,수입,렉서스,UX,288
2019-04,국산,르노코리아,SM3 네오,284
2019-04,국산,기아,K5 하이브리드,272
2019-04,수입,렉서스,NX,263
2019-04,수입,BMW,X5,245
2019-04,수입,포르쉐,Cayenne,229
2019-04,국산,르노코리아,뉴 QM3,202
2019-04,수입,BMW,X3,198
2019-04,국산,쉐보레,이쿼녹스,197
2019-04,국산,르노코리아,SM5 노바,195
2019-04,수입,BMW,7 Series,192
2019-04,수입,벤츠,Maybach S-Class,183
2019-04,수입,지프,Cherokee,183
2019-04,수입,랜드로버,Discovery Sport,178
2019-04,국산,현대,쏘나타 뉴 라이즈 hybrid,172
2019-04,수입,BMW,1 Series,172
2019-04,국산,기아,모하비,159
2019-04,수입,볼보,XC40,158
2019-04,수입,BMW,X1,156
2019-04,국산,르노코리아,마스터,153
2019-04,수입,닛산,New  Leaf,151
2019-04,국산,현대,i30,149
2019-04,수입,렉서스,RX,149
2019-04,수입,지프,Grand Cherokee,148
2019-04,수입,닛산,The New X-Trail,147
2019-04,국산,KGM,코란도 투리스모,140
2019-04,수입,볼보,XC90,138
2019-04,수입,BMW,4 Series,136
2019-04,수입,혼다,CR-V Turbo,136
2019-04,국산,기아,K3 GT,135
2019-04,수입,미니,Countryman,128
2019-04,수입,볼보,V60 Cross Country,126
2019-04,국산,기아,버스 (기아),124
2019-04,수입,지프,Renegade,122
2019-04,수입,지프,Compass,118
2019-04,국산,르노코리아,트위지,117
2019-04,수입,BMW,X4,111
2019-04,수입,미니,Clubman,110
2019-04,수입,푸조,3008,107
2019-04,국산,현대,쏠라티,103
2019-04,수입,링컨,MKZ,103
2019-04,수입,랜드로버,Range Rover Evoque,100
2019-04,수입,포드,Mustang,99
2019-04,국산,르노코리아,SM3 Z.E.,97
2019-04,수입,푸조,5008,87
2019-04,수입,볼보,S90,83
2019-04,수입,토요타,Avalon,77
2019-04,국산,현대,벨로스터 N,76
2019-04,국산,현대,벨로스터,74
2019-04,수입,인피니티,QX50,73
2019-04,수입,BMW,6 Series,71
2019-04,수입,랜드로버,Discovery,70
2019-04,수입,토요타,Prius C,70
2019-04,수입,BMW,X6,68
2019-04,수입,볼보,V90 Cross Country,67
2019-04,국산,쉐보레,임팔라,64
2019-04,수입,랜드로버,Range Rover,62
2019-04,수입,랜드로버,Range Rover Velar,62
2019-04,국산,르노코리아,클리오,61
2019-04,수입,인피니티,Q30,57
2019-04,수입,토요타,Sienna,57
2019-04,수입,마세라티,Levante,54
2019-04,수입,혼다,Odyssey,53
2019-04,수입,랜드로버,Range Rover Sport,45
2019-04,수입,포르쉐,718 Boxster,44
2019-04,수입,인피니티,Q70,43
2019-04,수입,재규어,F-Pace,43
2019-04,수입,캐딜락,CT6,43
2019-04,수입,BMW,M2,42
2019-04,수입,혼다,Pilot,42
2019-04,수입,볼보,V40 Cross Country,38
2019-04,수입,링컨,Continental,37
2019-04,수입,재규어,XF,37
2019-04,수입,미니,Convertible,34
2019-04,수입,캐딜락,XT5,34
2019-04,수입,BMW,i3,32
2019-04,수입,BMW,X2,31
2019-04,수입,BMW,Z4,31
2019-04,수입,푸조,508,31
2019-04,수입,렉서스,LS,30
2019-04,수입,포르쉐,Panamera,30
2019-04,수입,링컨,MKC,26
2019-04,수입,마세라티,Ghibli,26
2019-04,국산,쉐보레,카마로,24
2019-04,수입,인피니티,QX60,23
2019-04,수입,BMW,M5,20
2019-04,수입,BMW,X7,20
2019-04,수입,캐딜락,CTS,20
2019-04,수입,푸조,2008,19
2019-04,수입,캐딜락,Escalade,18
2019-04,수입,시트로엥,C4 Cactus,17
2019-04,수입,포르쉐,911,17
2019-04,수입,벤츠,CLS-Class,16
2019-04,수입,재규어,XE,16
2019-04,수입,포르쉐,718 Cayman,16
2019-04,수입,혼다,Civic Sport,16
2019-04,수입,BMW,M4,14
2019-04,수입,마세라티,Quattroporte,14
2019-04,수입,벤틀리,Bentayga,14
2019-04,수입,렉서스,CT,12
2019-04,수입,롤스로이스,Ghost Series II,12
2019-04,수입,시트로엥,C5 Aircross,12
2019-04,수입,푸조,308,10
2019-04,수입,벤츠,SL-Class,9
2019-04,수입,캐딜락,ATS,8
2019-04,수입,토요타,Prius Prime,8
2019-04,수입,토요타,RAV4,8
2019-04,국산,현대,쏘나타 뉴 라이즈 plug-in,7
2019-04,수입,인피니티,Q50,7
2019-04,국산,현대,i40,6
2019-04,수입,BMW,M3,6
2019-04,수입,렉서스,IS,6
2019-04,수입,벤츠,CLA-Class,6
2019-04,수입,벤츠,GLS-Class,6
2019-04,수입,재규어,XJ,6
2019-04,수입,BMW,2 Series Active Tourer,5
2019-04,수입,마세라티,GranCabrio,5
2019-04,수입,벤츠,A-Class,5
2019-04,수입,시트로엥,Grand C4 Spacetourer,5
2019-04,수입,닛산,Pathfinder,4
2019-04,수입,롤스로이스,Wraith,4
2019-04,수입,인피니티,Q60,4
2019-04,수입,인피니티,QX30,4
2019-04,국산,쉐보레,캡티바,3
2019-04,수입,닛산,Altima,3
2019-04,수입,람보르기니,Aventador,3
2019-04,수입,롤스로이스,Cullinan,3
2019-04,수입,링컨,MKX,3
2019-04,수입,재규어,E-Pace,3
2019-04,수입,테슬라,Model S,3
2019-04,수입,테슬라,Model X,3
2019-04,수입,토요타,86,3
2019-04,수입,람보르기니,Huracan,2
2019-04,수입,롤스로이스,Dawn,2
2019-04,수입,마세라티,GranTurismo,2
2019-04,수입,벤츠,B-class,2
2019-04,수입,재규어,F-Type,2
2019-04,수입,BMW,i8,1
2019-04,수입,닛산,370Z,1
2019-04,수입,닛산,Maxima,1
2019-04,수입,렉서스,GS,1
2019-04,수입,롤스로이스,Phantom,1
2019-04,수입,벤틀리,Mulsanne,1
2019-05,국산,현대,쏘나타,11224
2019-05,국산,현대,포터2,9254
2019-05,국산,현대,싼타페,6882
2019-05,국산,기아,카니발,6109
2019-05,국산,현대,그랜저,5553
2019-05,국산,기아,봉고 3,5504
2019-05,국산,현대,아반떼,4752
2019-05,국산,기아,쏘렌토,4548
2019-05,국산,현대,코나,4328
2019-05,국산,기아,모닝,4306
2019-05,국산,KGM,티볼리,3977
2019-05,국산,현대,팰리세이드,3743
2019-05,국산,기아,K3,3732
2019-05,국산,기아,레이,3712
2019-05,국산,현대,그랜드 스타렉스,3667
2019-05,수입,벤츠,E-Class,3349
2019-05,국산,기아,스포티지,3319
2019-05,국산,현대,투싼,3264
2019-05,국산,쉐보레,스파크,3130
2019-05,국산,기아,니로,3080
2019-05,국산,기아,K5,2928
2019-05,국산,현대,그랜저 hybrid,2774
2019-05,국산,현대,버스/트럭 (현대),2599
2019-05,국산,르노코리아,QM6,2313
2019-05,국산,제네시스,G90,2206
2019-05,국산,현대,쏘나타 뉴 라이즈,2026
2019-05,국산,KGM,렉스턴 스포츠,1979
2019-05,국산,제네시스,G80,1958
2019-05,국산,기아,K7,1717
2019-05,국산,KGM,코란도,1585
2019-05,국산,제네시스,G70,1557
2019-05,국산,르노코리아,SM6,1511
2019-05,수입,BMW,5 Series,1334
2019-05,국산,KGM,렉스턴 스포츠 칸,1304
2019-05,국산,KGM,G4 렉스턴,1189
2019-05,국산,쉐보레,트랙스,1157
2019-05,국산,쉐보레,말리부,1144
2019-05,수입,벤츠,C-Class,1040
2019-05,국산,기아,K9,1000
2019-05,수입,벤츠,GLC-Class,888
2019-05,국산,기아,스토닉,870
2019-05,수입,혼다,Accord,706
2019-05,수입,렉서스,ES,693
2019-05,국산,기아,쏘울,688
2019-05,수입,폭스바겐,Arteon,673
2019-05,수입,포드,Explorer,657
2019-05,수입,미니,Hatch,581
2019-05,수입,토요타,Camry,524
2019-05,국산,기아,스팅어,475
2019-05,국산,현대,넥쏘,461
2019-05,국산,르노코리아,클리오,440
2019-05,국산,르노코리아,SM7 노바,432
2019-05,국산,기아,K7 하이브리드,425
2019-05,수입,벤츠,GLA-Class,425
2019-05,국산,현대,아이오닉,423
2019-05,국산,르노코리아,뉴 QM3,418
2019-05,국산,현대,엑센트,399
2019-05,수입,토요타,RAV4,398
2019-05,국산,쉐보레,라보,338
2019-05,국산,르노코리아,트위지,337
2019-05,수입,벤츠,S-Class,336
2019-05,국산,쉐보레,볼트 EV,327
2019-05,국산,르노코리아,SM3 네오,321
2019-05,수입,BMW,6 Series,301
2019-05,국산,쉐보레,다마스,294
2019-05,수입,지프,Wrangler,288
2019-05,수입,혼다,CR-V Turbo,288
2019-05,수입,렉서스,UX,285
2019-05,수입,볼보,XC60,281
2019-05,수입,BMW,1 Series,261
2019-05,수입,렉서스,NX,223
2019-05,국산,쉐보레,이쿼녹스,220
2019-05,수입,BMW,X6,201
2019-05,수입,토요타,Avalon,198
2019-05,수입,미니,Clubman,197
2019-05,수입,BMW,3 Series,195
2019-05,국산,기아,K5 하이브리드,186
2019-05,수입,볼보,XC40,186
2019-05,수입,미니,Countryman,166
2019-05,수입,지프,Grand Cherokee,163
2019-05,국산,현대,벨로스터 N,160
2019-05,수입,BMW,X1,157
2019-05,수입,BMW,4 Series,155
2019-05,수입,렉서스,RX,154
2019-05,수입,닛산,New  Leaf,152
2019-05,국산,현대,i30,150
2019-05,국산,르노코리아,SM5 노바,148
2019-05,수입,포르쉐,Cayenne,148
2019-05,수입,볼보,XC90,147
2019-05,국산,기아,K3 GT,146
2019-05,수입,랜드로버,Discovery Sport,145
2019-05,수입,BMW,X4,137
2019-05,국산,현대,벨로스터,133
2019-05,수입,닛산,The New X-Trail,131
2019-05,국산,기아,모하비,129
2019-05,국산,르노코리아,마스터,127
2019-05,국산,현대,쏘나타 뉴 라이즈 hybrid,126
2019-05,국산,기아,버스 (기아),125
2019-05,수입,볼보,S90,124
2019-05,수입,BMW,X3,122
2019-05,수입,BMW,7 Series,118
2019-05,수입,지프,Cherokee,118
2019-05,수입,지프,Compass,116
2019-05,수입,BMW,X5,106
2019-05,국산,쉐보레,임팔라,104
2019-05,수입,볼보,V60 Cross Country,104
2019-05,국산,현대,쏠라티,101
2019-05,수입,푸조,3008,100
2019-05,수입,혼다,Pilot,91
2019-05,수입,푸조,5008,88
2019-05,수입,지프,Renegade,85
2019-05,수입,토요타,Prius C,84
2019-05,국산,르노코리아,SM3 Z.E.,83
2019-05,수입,인피니티,QX50,82
2019-05,수입,혼다,Odyssey,81
2019-05,수입,랜드로버,Discovery,80
2019-05,수입,BMW,X2,74
2019-05,수입,BMW,X7,74
2019-05,수입,포드,Mustang,73
2019-05,국산,KGM,코란도 투리스모,72
2019-05,수입,링컨,MKZ,68
2019-05,수입,미니,Convertible,64
2019-05,수입,볼보,V90 Cross Country,64
2019-05,수입,랜드로버,Range Rover,62
2019-05,수입,랜드로버,Range Rover Velar,61
2019-05,수입,토요타,Sienna,60
2019-05,수입,랜드로버,Range Rover Sport,59
2019-05,수입,인피니티,Q30,57
2019-05,수입,재규어,F-Pace,52
2019-05,수입,렉서스,LS,47
2019-05,수입,마세라티,Levante,45
2019-05,수입,BMW,Z4,44
2019-05,수입,캐딜락,XT5,44
2019-05,수입,캐딜락,CT6,43
2019-05,수입,링컨,Nautilus,41
2019-05,수입,링컨,Continental,37
2019-05,수입,포르쉐,718 Boxster,37
2019-05,수입,랜드로버,Range Rover Evoque,36
2019-05,수입,재규어,XF,35
2019-05,수입,인피니티,QX60,34
2019-05,수입,테슬라,Model X,34
2019-05,수입,푸조,508,34
2019-05,수입,BMW,2 Series Active Tourer,31
2019-05,수입,테슬라,Model S,31
2019-05,수입,마세라티,Ghibli,28
2019-05,수입,캐딜락,Escalade,28
2019-05,수입,BMW,i3,27
2019-05,수입,푸조,2008,27
2019-05,수입,볼보,V40 Cross Country,26
2019-05,수입,혼다,Civic Sport,26
2019-05,수입,벤츠,Maybach S-Class,24
2019-05,수입,재규어,E-Pace,23
2019-05,수입,렉서스,CT,19
2019-05,수입,링컨,MKC,18
2019-05,수입,푸조,308,18
2019-05,수입,혼다,HR-V,18
2019-05,수입,벤츠,GLS-Class,17
2019-05,수입,재규어,I-Pace,17
2019-05,국산,현대,i40,16
2019-05,수입,닛산,Pathfinder,16
2019-05,수입,재규어,XE,16
2019-05,수입,BMW,M4,15
2019-05,수입,BMW,M5,14
2019-05,수입,마세라티,Quattroporte,14
2019-05,수입,시트로엥,Grand C4 Spacetourer,14
2019-05,수입,인피니티,Q50,14
2019-05,수입,캐딜락,CTS,14
2019-05,국산,쉐보레,카마로,13
2019-05,수입,포르쉐,718 Cayman,13
2019-05,수입,시트로엥,C4 Cactus,12
2019-05,수입,시트로엥,C5 Aircross,11
2019-05,수입,BMW,M3,10
2019-05,수입,인피니티,Q70,10
2019-05,수입,재규어,XJ,9
2019-05,수입,벤츠,SL-Class,8
2019-05,수입,포르쉐,Panamera,8
2019-05,수입,벤틀리,Bentayga,7
2019-05,수입,BMW,M2,6
2019-05,수입,렉서스,IS,6
2019-05,수입,인피니티,QX30,5
2019-05,수입,캐딜락,ATS,5
2019-05,수입,롤스로이스,Cullinan,4
2019-05,수입,롤스로이스,Wraith,4
2019-05,수입,링컨,MKX,4
2019-05,수입,인피니티,Q60,4
2019-05,수입,재규어,F-Type,4
2019-05,수입,포르쉐,911,4
2019-05,수입,람보르기니,Aventador,3
2019-05,수입,마세라티,GranCabrio,3
2019-05,수입,마세라티,GranTurismo,3
2019-05,수입,벤츠,CLA-Class,3
2019-05,수입,토요타,Prius Prime,3
2019-05,수입,람보르기니,Huracan,2
2019-05,수입,렉서스,RC,2
2019-05,수입,롤스로이스,Dawn,2
2019-05,수입,롤스로이스,Ghost Series II,2
2019-05,수입,벤츠,CLS-Class,2
2019-05,수입,토요타,86,2
2019-05,수입,BMW,i8,1
2019-05,수입,렉서스,GS,1
2019-05,수입,렉서스,LC,1
2019-06,국산,현대,포터2,9180
2019-06,국산,현대,싼타페,8192
2019-06,국산,현대,쏘나타,7885
2019-06,국산,기아,카니발,5909
2019-06,국산,현대,아반떼,5654
2019-06,국산,기아,봉고 3,5313
2019-06,국산,기아,K7,4284
2019-06,국산,기아,쏘렌토,4281
2019-06,국산,현대,그랜저,3952
2019-06,국산,기아,K3,3785
2019-06,국산,르노코리아,QM6,3784
2019-06,국산,현대,코나,3634
2019-06,국산,기아,모닝,3502
2019-06,수입,벤츠,E-Class,3439
2019-06,국산,기아,K5,3217
2019-06,국산,기아,레이,3192
2019-06,국산,기아,니로,3130
2019-06,국산,현대,팰리세이드,3127
2019-06,국산,현대,그랜드 스타렉스,3033
2019-06,국산,현대,투싼,2976
2019-06,국산,KGM,티볼리,2940
2019-06,국산,현대,그랜저 hybrid,2700
2019-06,국산,기아,스포티지,2579
2019-06,국산,쉐보레,스파크,2567
2019-06,국산,현대,버스/트럭 (현대),2349
2019-06,국산,현대,쏘나타 뉴 라이즈,1867
2019-06,국산,KGM,렉스턴 스포츠,1859
2019-06,국산,제네시스,G80,1853
2019-06,수입,BMW,5 Series,1453
2019-06,국산,제네시스,G70,1382
2019-06,국산,KGM,렉스턴 스포츠 칸,1258
2019-06,국산,르노코리아,SM6,1232
2019-06,국산,쉐보레,말리부,1183
2019-06,국산,제네시스,G90,1166
2019-06,국산,KGM,코란도,1114
2019-06,국산,쉐보레,트랙스,1046
2019-06,국산,KGM,G4 렉스턴,971
2019-06,수입,벤츠,C-Class,971
2019-06,국산,기아,스토닉,924
2019-06,국산,기아,K9,921
2019-06,국산,르노코리아,SM5 노바,808
2019-06,수입,벤츠,GLC-Class,776
2019-06,국산,현대,아이오닉,713
2019-06,수입,렉서스,ES,672
2019-06,수입,폭스바겐,Arteon,628
2019-06,수입,벤츠,S-Class,540
2019-06,수입,토요타,Camry,522
2019-06,국산,기아,쏘울,503
2019-06,수입,포드,Explorer,501
2019-06,국산,현대,넥쏘,478
2019-06,수입,혼다,Accord,451
2019-06,수입,벤츠,CLS-Class,433
2019-06,국산,르노코리아,뉴 QM3,410
2019-06,국산,현대,엑센트,404
2019-06,수입,토요타,RAV4,397
2019-06,수입,벤츠,GLA-Class,393
2019-06,수입,BMW,1 Series,356
2019-06,국산,르노코리아,트위지,353
2019-06,수입,볼보,XC60,314
2019-06,국산,기아,스팅어,311
2019-06,수입,BMW,6 Series,298
2019-06,수입,렉서스,NX,281
2019-06,국산,르노코리아,마스터,279
2019-06,수입,미니,Clubman,261
2019-06,수입,미니,Hatch,253
2019-06,국산,르노코리아,SM7 노바,252
2019-06,수입,BMW,X1,252
2019-06,국산,쉐보레,볼트 EV,250
2019-06,수입,토요타,Prius,247
2019-06,수입,랜드로버,Discovery Sport,234
2019-06,국산,쉐보레,이쿼녹스,231
2019-06,국산,기아,K5 하이브리드,230
2019-06,국산,르노코리아,클리오,229
2019-06,수입,지프,Wrangler,223
2019-06,국산,쉐보레,다마스,219
2019-06,수입,지프,Renegade,217
2019-06,수입,지프,Grand Cherokee,215
2019-06,국산,쉐보레,라보,200
2019-06,수입,지프,Cherokee,185
2019-06,수입,BMW,3 Series,171
2019-06,수입,렉서스,UX,168
2019-06,수입,BMW,X6,163
2019-06,국산,르노코리아,SM3 네오,152
2019-06,수입,볼보,XC90,140
2019-06,수입,닛산,The New X-Trail,138
2019-06,국산,현대,벨로스터,137
2019-06,국산,기아,모하비,131
2019-06,수입,푸조,3008,127
2019-06,수입,닛산,New  Leaf,123
2019-06,수입,볼보,XC40,120
2019-06,국산,기아,버스 (기아),119
2019-06,수입,혼다,Pilot,119
2019-06,수입,혼다,CR-V Turbo,116
2019-06,수입,렉서스,RX,115
2019-06,수입,토요타,Avalon,114
2019-06,수입,링컨,Nautilus,110
2019-06,수입,BMW,7 Series,105
2019-06,수입,포르쉐,Panamera,103
2019-06,수입,포드,Mustang,100
2019-06,수입,지프,Compass,99
2019-06,수입,랜드로버,Discovery,97
2019-06,수입,볼보,S90,97
2019-06,국산,현대,벨로스터 N,95
2019-06,국산,현대,i30,84
2019-06,수입,BMW,X5,84
2019-06,수입,혼다,Odyssey,81
2019-06,수입,볼보,V60 Cross Country,79
2019-06,국산,KGM,코란도 투리스모,75
2019-06,국산,기아,K3 GT,74
2019-06,수입,미니,Countryman,74
2019-06,수입,랜드로버,Range Rover Evoque,73
2019-06,수입,랜드로버,Range Rover Sport,72
2019-06,수입,랜드로버,Range Rover Velar,72
2019-06,국산,현대,쏘나타 뉴 라이즈 hybrid,70
2019-06,수입,재규어,XF,70
2019-06,수입,랜드로버,Range Rover,68
2019-06,수입,볼보,V90 Cross Country,68
2019-06,수입,캐딜락,XT5,68
2019-06,수입,BMW,X7,67
2019-06,국산,르노코리아,SM3 Z.E.,65
2019-06,수입,인피니티,QX50,65
2019-06,수입,푸조,5008,65
2019-06,수입,링컨,MKZ,64
2019-06,수입,재규어,F-Pace,64
2019-06,수입,테슬라,Model X,62
2019-06,수입,BMW,4 Series,59
2019-06,수입,테슬라,Model S,59
2019-06,수입,재규어,E-Pace,57
2019-06,국산,현대,쏠라티,54
2019-06,수입,볼보,V40 Cross Country,53
2019-06,수입,토요타,Prius C,53
2019-06,수입,BMW,X4,52
2019-06,국산,쉐보레,임팔라,51
2019-06,수입,토요타,Sienna,48
2019-06,수입,인피니티,Q30,43
2019-06,수입,포르쉐,718 Boxster,43
2019-06,수입,BMW,X2,41
2019-06,수입,BMW,i3,38
2019-06,수입,시트로엥,C3 Aircross,38
2019-06,수입,BMW,M2,36
2019-06,수입,벤츠,Maybach S-Class,36
2019-06,수입,BMW,2 Series Active Tourer,35
2019-06,수입,마세라티,Levante,35
2019-06,수입,캐딜락,CT6,35
2019-06,수입,렉서스,LS,34
2019-06,수입,링컨,Continental,34
2019-06,수입,인피니티,QX60,34
2019-06,수입,푸조,508,34
2019-06,수입,BMW,X3,33
2019-06,수입,캐딜락,Escalade,33
2019-06,수입,포르쉐,Cayenne,32
2019-06,국산,쉐보레,"단종차량 (크루즈, 캡티바, 올란도)",31
2019-06,수입,마세라티,Ghibli,26
2019-06,수입,푸조,2008,25
2019-06,수입,링컨,MKC,23
2019-06,수입,벤츠,GLS-Class,21
2019-06,수입,시트로엥,C4 Cactus,19
2019-06,수입,혼다,Civic Sport,19
2019-06,수입,BMW,M5,18
2019-06,수입,캐딜락,CTS,18
2019-06,수입,렉서스,CT,17
2019-06,수입,푸조,308,17
2019-06,수입,BMW,M4,15
2019-06,수입,벤츠,SL-Class,15
2019-06,수입,시트로엥,Grand C4 Spacetourer,15
2019-06,수입,포르쉐,718 Cayman,15
2019-06,수입,혼다,HR-V,15
2019-06,수입,마세라티,Quattroporte,14
2019-06,수입,미니,Convertible,14
2019-06,수입,재규어,XE,14
2019-06,수입,BMW,Z4,13
2019-06,수입,닛산,Pathfinder,12
2019-06,수입,인피니티,Q50,12
2019-06,수입,인피니티,QX30,12
2019-06,국산,쉐보레,카마로,10
2019-06,수입,닛산,Altima,10
2019-06,수입,시트로엥,C5 Aircross,10
2019-06,수입,렉서스,RC,9
2019-06,수입,인피니티,Q60,8
2019-06,수입,벤츠,CLA-Class,7
2019-06,수입,람보르기니,Huracan,6
2019-06,수입,롤스로이스,Cullinan,6
2019-06,수입,렉서스,IS,4
2019-06,수입,재규어,I-Pace,4
2019-06,수입,재규어,XJ,4
2019-06,수입,캐딜락,ATS,4
2019-06,수입,BMW,M3,3
2019-06,수입,재규어,F-Type,3
2019-06,국산,KGM,코란도 스포츠,2
2019-06,국산,현대,i40,2
2019-06,수입,렉서스,GS,2
2019-06,수입,롤스로이스,Ghost Series II,2
2019-06,수입,마세라티,GranCabrio,2
2019-06,수입,토요타,Prius Prime,2
2019-06,수입,닛산,370Z,1
2019-06,수입,롤스로이스,Dawn,1
2019-06,수입,롤스로이스,Phantom,1
2019-06,수입,롤스로이스,Wraith,1
2019-06,수입,링컨,MKX,1
2019-06,수입,마세라티,GranTurismo,1
2019-06,수입,벤츠,A-Class,1
2019-06,수입,아우디,A6,1
2019-06,수입,인피니티,Q70,1
2019-06,수입,토요타,86,1
2019-07,국산,현대,포터2,10355
2019-07,국산,기아,K7,8173
2019-07,국산,현대,싼타페,7393
2019-07,국산,현대,쏘나타,6333
2019-07,국산,기아,봉고 3,6221
2019-07,국산,기아,카니발,5518
2019-07,국산,현대,아반떼,5428
2019-07,국산,기아,모닝,4622
2019-07,국산,르노코리아,QM6,4262
2019-07,수입,벤츠,E-Class,4044
2019-07,국산,현대,그랜저,3846
2019-07,국산,기아,K3,3722
2019-07,국산,현대,팰리세이드,3660
2019-07,국산,KGM,티볼리,3435
2019-07,국산,기아,셀토스,3335
2019-07,국산,쉐보레,스파크,3309
2019-07,국산,현대,코나,3187
2019-07,국산,현대,투싼,3183
2019-07,국산,기아,쏘렌토,3166
2019-07,국산,현대,그랜드 스타렉스,3054
2019-07,국산,기아,K5,2721
2019-07,국산,기아,니로,2620
2019-07,국산,현대,그랜저 hybrid,2289
2019-07,국산,기아,레이,2169
2019-07,국산,현대,버스/트럭 (현대),2142
2019-07,수입,BMW,5 Series,2114
2019-07,국산,KGM,렉스턴 스포츠,1964
2019-07,국산,기아,스포티지,1860
2019-07,국산,현대,베뉴,1753
2019-07,국산,현대,쏘나타 뉴 라이즈,1737
2019-07,국산,제네시스,G80,1726
2019-07,국산,르노코리아,SM6,1529
2019-07,국산,쉐보레,말리부,1293
2019-07,국산,제네시스,G70,1270
2019-07,국산,KGM,렉스턴 스포츠 칸,1246
2019-07,국산,제네시스,G90,1153
2019-07,국산,KGM,코란도,1020
2019-07,국산,기아,K9,1000
2019-07,국산,쉐보레,트랙스,995
2019-07,국산,KGM,G4 렉스턴,964
2019-07,국산,르노코리아,뉴 QM3,900
2019-07,수입,벤츠,GLC-Class,795
2019-07,국산,현대,아이오닉,705
2019-07,수입,벤츠,S-Class,702
2019-07,수입,렉서스,ES,657
2019-07,수입,벤츠,C-Class,627
2019-07,수입,벤츠,GLA-Class,577
2019-07,수입,미니,Hatch,564
2019-07,국산,기아,스토닉,559
2019-07,수입,폭스바겐,Arteon,544
2019-07,수입,벤츠,CLS-Class,497
2019-07,수입,포드,Explorer,463
2019-07,국산,르노코리아,SM5 노바,442
2019-07,수입,토요타,Camry,392
2019-07,국산,현대,엑센트,391
2019-07,국산,기아,쏘울,367
2019-07,수입,혼다,Accord,366
2019-07,국산,현대,넥쏘,352
2019-07,국산,기아,모하비,322
2019-07,국산,쉐보레,볼트 EV,293
2019-07,국산,쉐보레,다마스,280
2019-07,국산,쉐보레,라보,270
2019-07,국산,기아,스팅어,267
2019-07,수입,BMW,2 Series Active Tourer,267
2019-07,국산,르노코리아,클리오,266
2019-07,국산,쉐보레,이쿼녹스,253
2019-07,수입,토요타,RAV4,248
2019-07,수입,BMW,6 Series,247
2019-07,수입,볼보,XC60,244
2019-07,국산,르노코리아,마스터,233
2019-07,수입,포르쉐,Panamera,223
2019-07,국산,르노코리아,SM7 노바,221
2019-07,수입,BMW,3 Series,221
2019-07,수입,미니,Countryman,220
2019-07,수입,지프,Wrangler,213
2019-07,수입,볼보,XC40,186
2019-07,국산,르노코리아,트위지,179
2019-07,국산,르노코리아,SM3 네오,177
2019-07,수입,지프,Renegade,163
2019-07,국산,기아,K3 GT,161
2019-07,수입,BMW,X6,160
2019-07,수입,랜드로버,Range Rover Evoque,158
2019-07,국산,기아,K5 하이브리드,153
2019-07,수입,렉서스,NX,153
2019-07,수입,볼보,S90,150
2019-07,수입,지프,Grand Cherokee,142
2019-07,수입,BMW,X5,135
2019-07,수입,랜드로버,Discovery Sport,135
2019-07,수입,지프,Cherokee,135
2019-07,수입,BMW,7 Series,129
2019-07,수입,볼보,XC90,129
2019-07,수입,푸조,3008,129
2019-07,국산,기아,버스 (기아),124
2019-07,수입,BMW,1 Series,121
2019-07,수입,BMW,X1,115
2019-07,수입,푸조,5008,111
2019-07,수입,링컨,Nautilus,106
2019-07,국산,현대,벨로스터,104
2019-07,수입,토요타,Avalon,104
2019-07,국산,르노코리아,SM3 Z.E.,99
2019-07,수입,닛산,Altima,99
2019-07,국산,현대,i30,92
2019-07,수입,렉서스,UX,91
2019-07,수입,캐딜락,XT5,90
2019-07,수입,미니,Clubman,86
2019-07,수입,포르쉐,Cayenne,86
2019-07,수입,랜드로버,Discovery,82
2019-07,국산,KGM,코란도 투리스모,78
2019-07,수입,인피니티,QX50,78
2019-07,국산,현대,벨로스터 N,74
2019-07,수입,닛산,New  Leaf,73
2019-07,수입,볼보,V60 Cross Country,73
2019-07,수입,링컨,MKZ,71
2019-07,수입,벤츠,Maybach S-Class,70
2019-07,수입,BMW,4 Series,64
2019-07,수입,토요타,Prius,61
2019-07,국산,현대,쏠라티,58
2019-07,수입,랜드로버,Range Rover Velar,56
2019-07,수입,링컨,Continental,55
2019-07,수입,재규어,E-Pace,54
2019-07,수입,지프,Compass,53
2019-07,수입,BMW,X2,51
2019-07,수입,렉서스,RX,51
2019-07,수입,푸조,508,51
2019-07,수입,랜드로버,Range Rover,50
2019-07,수입,마세라티,Ghibli,48
2019-07,수입,볼보,V90 Cross Country,47
2019-07,수입,푸조,2008,47
2019-07,수입,랜드로버,Range Rover Sport,46
2019-07,수입,마세라티,Levante,44
2019-07,수입,시트로엥,C3 Aircross,42
2019-07,수입,BMW,X4,41
2019-07,수입,닛산,The New X-Trail,41
2019-07,수입,캐딜락,Escalade,41
2019-07,수입,포드,Mustang,41
2019-07,수입,포르쉐,718 Boxster,41
2019-07,수입,재규어,F-Pace,39
2019-07,수입,볼보,V40 Cross Country,37
2019-07,수입,미니,Convertible,36
2019-07,수입,시트로엥,C4 Cactus,36
2019-07,수입,혼다,Odyssey,36
2019-07,국산,쉐보레,임팔라,35
2019-07,수입,토요타,Sienna,35
2019-07,수입,인피니티,Q30,33
2019-07,수입,혼다,Pilot,32
2019-07,수입,캐딜락,CT6,29
2019-07,수입,푸조,308,28
2019-07,수입,시트로엥,Grand C4 Spacetourer,26
2019-07,수입,혼다,CR-V Turbo,26
2019-07,수입,캐딜락,CTS,24
2019-07,수입,토요타,Prius C,24
2019-07,수입,BMW,i3,23
2019-07,수입,링컨,MKC,23
2019-07,수입,시트로엥,C5 Aircross,23
2019-07,수입,재규어,XF,22
2019-07,수입,BMW,Z4,19
2019-07,수입,렉서스,LS,19
2019-07,수입,재규어,XE,19
2019-07,수입,BMW,X3,18
2019-07,수입,캐딜락,ATS,18
2019-07,수입,벤츠,CLA-Class,17
2019-07,수입,테슬라,Model X,16
2019-07,수입,BMW,X7,13
2019-07,수입,닛산,Pathfinder,13
2019-07,수입,테슬라,Model S,13
2019-07,국산,쉐보레,카마로,12
2019-07,수입,벤츠,GLS-Class,11
2019-07,수입,람보르기니,Urus,10
2019-07,수입,포르쉐,718 Cayman,10
2019-07,국산,쉐보레,올 뉴 크루즈,9
2019-07,수입,마세라티,Quattroporte,9
2019-07,수입,재규어,XJ,9
2019-07,국산,쉐보레,올란도,8
2019-07,수입,롤스로이스,Cullinan,8
2019-07,수입,인피니티,QX60,8
2019-07,수입,람보르기니,Huracan,7
2019-07,수입,렉서스,CT,7
2019-07,수입,BMW,M2,6
2019-07,수입,BMW,M5,6
2019-07,수입,벤츠,SL-Class,5
2019-07,수입,인피니티,QX30,5
2019-07,수입,혼다,Civic Sport,5
2019-07,국산,쉐보레,볼트,4
2019-07,수입,BMW,M4,4
2019-07,수입,롤스로이스,Phantom,4
2019-07,수입,인피니티,Q50,4
2019-07,수입,재규어,F-Type,4
2019-07,수입,링컨,MKX,3
2019-07,수입,인피니티,Q60,3
2019-07,수입,혼다,HR-V,3
2019-07,국산,쉐보레,캡티바,2
2019-07,수입,렉서스,IS,2
2019-07,수입,렉서스,RC,2
2019-07,수입,롤스로이스,Ghost Series II,2
2019-07,수입,롤스로이스,Wraith,2
2019-07,수입,마세라티,GranTurismo,2
2019-07,수입,아우디,Q7,2
2019-07,수입,재규어,I-Pace,2
2019-07,수입,푸조,508 SW,2
2019-07,국산,쉐보레,올 뉴 말리부 (단종차량),1
2019-07,국산,현대,쏘나타 뉴 라이즈 hybrid,1
2019-07,수입,BMW,i8,1
2019-07,수입,닛산,370Z,1
2019-07,수입,닛산,Maxima,1
2019-07,수입,토요타,Prius Prime,1
2019-08,국산,현대,포터2,6971
2019-08,국산,기아,K7,6961
2019-08,국산,현대,싼타페,6858
2019-08,국산,현대,쏘나타,6532
2019-08,국산,기아,셀토스,6109
2019-08,국산,기아,봉고 3,5056
2019-08,국산,현대,아반떼,4893
2019-08,국산,기아,카니발,4780
2019-08,국산,르노코리아,QM6,4507
2019-08,국산,현대,그랜저,4361
2019-08,국산,기아,모닝,4037
2019-08,수입,벤츠,E-Class,3931
2019-08,국산,현대,베뉴,3701
2019-08,국산,쉐보레,스파크,3618
2019-08,국산,기아,쏘렌토,3476
2019-08,국산,기아,K3,3150
2019-08,국산,현대,투싼,2583
2019-08,국산,현대,코나,2474
2019-08,수입,BMW,5 Series,2468
2019-08,국산,KGM,티볼리,2317
2019-08,국산,현대,팰리세이드,2304
2019-08,국산,기아,K5,2295
2019-08,국산,KGM,렉스턴 스포츠,2072
2019-08,국산,제네시스,G80,2071
2019-08,국산,기아,레이,1861
2019-08,국산,현대,쏘나타 뉴 라이즈,1861
2019-08,국산,기아,니로,1721
2019-08,국산,현대,버스/트럭 (현대),1652
2019-08,국산,기아,스포티지,1485
2019-08,국산,제네시스,G70,1471
2019-08,국산,현대,그랜드 스타렉스,1463
2019-08,국산,KGM,코란도,1422
2019-08,국산,KGM,렉스턴 스포츠 칸,1218
2019-08,국산,현대,그랜저 hybrid,1153
2019-08,국산,르노코리아,SM6,1140
2019-08,국산,쉐보레,트랙스,1047
2019-08,국산,제네시스,G90,1039
2019-08,국산,KGM,G4 렉스턴,1009
2019-08,국산,르노코리아,뉴 QM3,882
2019-08,수입,벤츠,GLC-Class,834
2019-08,국산,기아,K9,800
2019-08,국산,쉐보레,말리부,739
2019-08,국산,현대,아이오닉,679
2019-08,수입,폭스바겐,Arteon,587
2019-08,수입,미니,Hatch,565
2019-08,수입,벤츠,S-Class,564
2019-08,수입,벤츠,C-Class,539
2019-08,국산,기아,스토닉,476
2019-08,수입,렉서스,ES,440
2019-08,국산,기아,모하비,434
2019-08,수입,벤츠,CLS-Class,392
2019-08,국산,르노코리아,마스터,328
2019-08,수입,벤츠,GLA-Class,325
2019-08,국산,쉐보레,라보,276
2019-08,국산,쉐보레,다마스,275
2019-08,수입,볼보,XC60,265
2019-08,국산,르노코리아,SM5 노바,264
2019-08,수입,BMW,3 Series,264
2019-08,국산,기아,스팅어,262
2019-08,수입,미니,Clubman,252
2019-08,국산,현대,넥쏘,247
2019-08,수입,미니,Countryman,247
2019-08,국산,르노코리아,SM7 노바,231
2019-08,국산,현대,엑센트,228
2019-08,수입,지프,Wrangler,215
2019-08,국산,쉐보레,볼트 EV,212
2019-08,수입,BMW,X3,201
2019-08,수입,랜드로버,Discovery Sport,200
2019-08,국산,르노코리아,클리오,182
2019-08,국산,기아,쏘울,175
2019-08,수입,토요타,RAV4,173
2019-08,수입,BMW,6 Series,170
2019-08,수입,포르쉐,Cayenne,170
2019-08,국산,쉐보레,이쿼녹스,166
2019-08,수입,푸조,3008,166
2019-08,수입,지프,Renegade,155
2019-08,국산,르노코리아,SM3 네오,151
2019-08,수입,볼보,XC40,145
2019-08,수입,지프,Cherokee,143
2019-08,국산,현대,i30,142
2019-08,수입,BMW,7 Series,142
2019-08,수입,BMW,X1,140
2019-08,수입,BMW,4 Series,136
2019-08,수입,볼보,XC90,134
2019-08,수입,BMW,2 Series Active Tourer,131
2019-08,수입,토요타,Camry,131
2019-08,수입,지프,Grand Cherokee,130
2019-08,수입,토요타,Prius,130
2019-08,수입,볼보,S90,120
2019-08,수입,아우디,A5,114
2019-08,수입,BMW,X5,110
2019-08,수입,BMW,X4,109
2019-08,수입,랜드로버,Discovery,106
2019-08,수입,볼보,V60 Cross Country,106
2019-08,국산,기아,K3 GT,102
2019-08,수입,링컨,MKZ,101
2019-08,국산,기아,K5 하이브리드,94
2019-08,수입,토요타,Avalon,92
2019-08,수입,혼다,Accord,92
2019-08,국산,현대,벨로스터,91
2019-08,수입,아우디,Q7,91
2019-08,국산,기아,버스 (기아),88
2019-08,수입,링컨,Nautilus,85
2019-08,수입,랜드로버,Range Rover Evoque,84
2019-08,수입,BMW,1 Series,83
2019-08,수입,푸조,5008,83
2019-08,수입,BMW,X6,80
2019-08,수입,포르쉐,Panamera,80
2019-08,수입,BMW,X7,77
2019-08,국산,현대,벨로스터 N,70
2019-08,수입,BMW,X2,68
2019-08,수입,랜드로버,Range Rover Sport,67
2019-08,국산,쉐보레,임팔라,66
2019-08,수입,렉서스,UX,66
2019-08,수입,재규어,F-Pace,66
2019-08,국산,르노코리아,SM3 Z.E.,64
2019-08,수입,랜드로버,Range Rover,63
2019-08,수입,캐딜락,XT5,61
2019-08,수입,링컨,Continental,59
2019-08,수입,벤츠,Maybach S-Class,59
2019-08,수입,포드,Mustang,59
2019-08,수입,볼보,V40 Cross Country,58
2019-08,수입,마세라티,Levante,57
2019-08,수입,재규어,E-Pace,56
2019-08,수입,푸조,508,56
2019-08,수입,재규어,XE,55
2019-08,수입,랜드로버,Range Rover Velar,54
2019-08,수입,볼보,V90 Cross Country,53
2019-08,수입,포드,Explorer,53
2019-08,국산,현대,쏠라티,51
2019-08,수입,지프,Compass,49
2019-08,수입,마세라티,Ghibli,45
2019-08,수입,벤츠,G-Class,45
2019-08,수입,캐딜락,Escalade,41
2019-08,수입,렉서스,NX,39
2019-08,수입,재규어,XJ,37
2019-08,수입,BMW,i3,35
2019-08,수입,렉서스,RX,33
2019-08,수입,캐딜락,CT6,33
2019-08,수입,재규어,XF,32
2019-08,수입,미니,Convertible,31
2019-08,수입,푸조,2008,31
2019-08,수입,BMW,Z4,29
2019-08,수입,포르쉐,718 Boxster,25
2019-08,수입,닛산,New  Leaf,24
2019-08,수입,시트로엥,Grand C4 Spacetourer,23
2019-08,수입,인피니티,Q30,23
2019-08,수입,인피니티,QX50,23
2019-08,국산,르노코리아,트위지,22
2019-08,수입,마세라티,Quattroporte,20
2019-08,수입,BMW,M5,19
2019-08,수입,람보르기니,Urus,18
2019-08,수입,링컨,MKC,18
2019-08,수입,시트로엥,C4 Cactus,18
2019-08,수입,닛산,Altima,17
2019-08,수입,닛산,The New X-Trail,17
2019-08,수입,벤츠,AMG GT,17
2019-08,수입,시트로엥,C3 Aircross,17
2019-08,수입,혼다,Odyssey,17
2019-08,수입,테슬라,Model X,16
2019-08,수입,BMW,M4,15
2019-08,수입,벤츠,CLA-Class,15
2019-08,수입,혼다,CR-V Turbo,15
2019-08,수입,렉서스,LS,14
2019-08,수입,푸조,308,14
2019-08,수입,DS,DS7 Crossback,13
2019-08,국산,쉐보레,카마로,12
2019-08,수입,BMW,M2,12
2019-08,수입,벤츠,SLC-Class,12
2019-08,수입,캐딜락,CTS,12
2019-08,수입,테슬라,Model S,12
2019-08,수입,혼다,Pilot,10
2019-08,수입,시트로엥,C5 Aircross,9
2019-08,수입,재규어,F-Type,9
2019-08,수입,렉서스,CT,8
2019-08,수입,인피니티,QX60,8
2019-08,수입,캐딜락,ATS,8
2019-08,수입,토요타,Sienna,8
2019-08,수입,벤츠,GLS-Class,7
2019-08,수입,토요타,Prius C,6
2019-08,수입,포르쉐,718 Cayman,5
2019-08,수입,롤스로이스,Ghost Series II,4
2019-08,수입,혼다,Civic Sport,4
2019-08,수입,롤스로이스,Phantom,3
2019-08,수입,롤스로이스,Wraith,3
2019-08,국산,현대,i40,2
2019-08,수입,BMW,i8,2
2019-08,수입,람보르기니,Aventador,2
2019-08,수입,렉서스,RC,2
2019-08,수입,롤스로이스,Cullinan,2
2019-08,수입,롤스로이스,Dawn,2
2019-08,수입,마세라티,GranTurismo,2
2019-08,수입,볼보,S60,2
2019-08,수입,토요타,Prius Prime,2
2019-08,수입,람보르기니,Huracan,1
2019-08,수입,렉서스,IS,1
2019-08,수입,링컨,MKX,1
2019-08,수입,인피니티,Q50,1
2019-08,수입,인피니티,Q60,1
2019-08,수입,인피니티,QX30,1
2019-08,수입,재규어,I-Pace,1
2019-08,수입,푸조,508 SW,1
2019-09,국산,현대,싼타페,7813
2019-09,국산,기아,K7,6176
2019-09,국산,기아,셀토스,6109
2019-09,국산,현대,쏘나타,5357
2019-09,국산,현대,포터2,5094
2019-09,국산,현대,아반떼,4900
2019-09,국산,기아,모닝,4333
2019-09,수입,벤츠,E-Class,4103
2019-09,국산,르노코리아,QM6,4048
2019-09,국산,기아,카니발,3854
2019-09,국산,기아,쏘렌토,3743
2019-09,국산,현대,베뉴,3690
2019-09,국산,현대,그랜저,3653
2019-09,국산,현대,코나,3636
2019-09,국산,기아,봉고 3,3426
2019-09,국산,기아,K3,3156
2019-09,국산,쉐보레,스파크,2743
2019-09,국산,기아,K5,2493
2019-09,수입,BMW,5 Series,2479
2019-09,국산,현대,팰리세이드,2241
2019-09,국산,현대,그랜드 스타렉스,2163
2019-09,국산,KGM,티볼리,2125
2019-09,국산,기아,레이,1968
2019-09,국산,현대,버스/트럭 (현대),1826
2019-09,국산,현대,쏘나타 뉴 라이즈,1799
2019-09,국산,기아,모하비,1754
2019-09,국산,기아,스포티지,1745
2019-09,국산,KGM,렉스턴 스포츠,1651
2019-09,국산,현대,투싼,1620
2019-09,국산,KGM,코란도,1619
2019-09,수입,아우디,Q7,1513
2019-09,국산,제네시스,G80,1496
2019-09,국산,기아,니로,1414
2019-09,국산,현대,그랜저 hybrid,1161
2019-09,국산,제네시스,G70,1150
2019-09,국산,KGM,렉스턴 스포츠 칸,1047
2019-09,국산,르노코리아,SM6,979
2019-09,국산,제네시스,G90,933
2019-09,국산,쉐보레,트랙스,871
2019-09,국산,르노코리아,뉴 QM3,855
2019-09,국산,KGM,G4 렉스턴,833
2019-09,수입,벤츠,C-Class,706
2019-09,국산,기아,K9,700
2019-09,수입,벤츠,GLC-Class,684
2019-09,국산,현대,아이오닉,624
2019-09,국산,쉐보레,말리부,602
2019-09,국산,르노코리아,클리오,558
2019-09,수입,벤츠,CLS-Class,511
2019-09,국산,르노코리아,마스터,506
2019-09,수입,아우디,A5,483
2019-09,국산,현대,넥쏘,454
2019-09,수입,벤츠,S-Class,429
2019-09,수입,미니,Hatch,423
2019-09,수입,벤츠,GLE-Class,419
2019-09,수입,지프,Compass,417
2019-09,국산,기아,스토닉,406
2019-09,수입,BMW,3 Series,404
2019-09,수입,볼보,S60,403
2019-09,수입,벤츠,A-Class,336
2019-09,수입,미니,Countryman,312
2019-09,수입,렉서스,ES,282
2019-09,국산,쉐보레,다마스,273
2019-09,국산,르노코리아,SM5 노바,270
2019-09,국산,기아,스팅어,264
2019-09,수입,미니,Clubman,260
2019-09,국산,르노코리아,SM7 노바,258
2019-09,국산,쉐보레,라보,255
2019-09,수입,BMW,X3,232
2019-09,국산,현대,엑센트,215
2019-09,수입,BMW,X5,202
2019-09,국산,르노코리아,SM3 Z.E.,187
2019-09,수입,토요타,RAV4,183
2019-09,국산,쉐보레,볼트 EV,179
2019-09,국산,기아,쏘울,176
2019-09,수입,폭스바겐,Arteon,174
2019-09,수입,벤츠,GLA-Class,172
2019-09,수입,BMW,X4,168
2019-09,국산,르노코리아,SM3 네오,155
2019-09,수입,벤츠,G-Class,153
2019-09,수입,지프,Wrangler,152
2019-09,국산,쉐보레,이쿼녹스,147
2019-09,수입,BMW,4 Series,147
2019-09,수입,재규어,XE,146
2019-09,수입,볼보,S90,139
2019-09,수입,포드,Mustang,139
2019-09,수입,포르쉐,Cayenne,135
2019-09,수입,푸조,3008,135
2019-09,수입,지프,Cherokee,132
2019-09,수입,BMW,7 Series,129
2019-09,수입,BMW,6 Series,127
2019-09,수입,지프,Grand Cherokee,117
2019-09,수입,볼보,XC40,116
2019-09,수입,지프,Renegade,110
2019-09,수입,테슬라,Model X,110
2019-09,국산,현대,i30,109
2019-09,수입,링컨,Nautilus,109
2019-09,수입,볼보,V60 Cross Country,108
2019-09,수입,랜드로버,Discovery,107
2019-09,국산,기아,K5 하이브리드,106
2019-09,수입,BMW,X2,100
2019-09,국산,기아,버스 (기아),99
2019-09,수입,랜드로버,Range Rover Evoque,96
2019-09,수입,벤츠,Maybach S-Class,91
2019-09,수입,랜드로버,Discovery Sport,88
2019-09,수입,렉서스,RX,87
2019-09,국산,기아,K3 GT,83
2019-09,수입,링컨,MKZ,78
2019-09,수입,혼다,Accord,78
2019-09,수입,푸조,5008,77
2019-09,수입,랜드로버,Range Rover Sport,76
2019-09,수입,토요타,Prius,76
2019-09,국산,현대,쏠라티,74
2019-09,수입,토요타,Camry,74
2019-09,국산,현대,벨로스터,73
2019-09,수입,테슬라,Model S,71
2019-09,수입,볼보,XC60,67
2019-09,수입,볼보,XC90,66
2019-09,수입,랜드로버,Range Rover,65
2019-09,수입,마세라티,Levante,64
2019-09,국산,쉐보레,임팔라,63
2019-09,수입,BMW,X7,63
2019-09,수입,벤츠,AMG GT,63
2019-09,수입,재규어,F-Pace,63
2019-09,수입,재규어,E-Pace,62
2019-09,수입,랜드로버,Range Rover Velar,60
2019-09,수입,볼보,V90 Cross Country,59
2019-09,국산,현대,벨로스터 N,58
2019-09,수입,링컨,Continental,54
2019-09,수입,캐딜락,XT5,48
2019-09,수입,푸조,508,48
2019-09,수입,혼다,CR-V Turbo,48
2019-09,수입,렉서스,UX,44
2019-09,수입,렉서스,NX,40
2019-09,수입,마세라티,Ghibli,40
2019-09,수입,볼보,V40 Cross Country,38
2019-09,수입,벤츠,SLC-Class,37
2019-09,수입,미니,Convertible,36
2019-09,수입,캐딜락,Escalade,33
2019-09,수입,람보르기니,Urus,30
2019-09,수입,재규어,XF,30
2019-09,수입,캐딜락,CT6,30
2019-09,국산,쉐보레,콜로라도,28
2019-09,수입,BMW,i3,28
2019-09,수입,토요타,Avalon,27
2019-09,수입,혼다,Pilot,25
2019-09,수입,BMW,M2,24
2019-09,수입,BMW,Z4,24
2019-09,수입,BMW,1 Series,22
2019-09,수입,BMW,X1,19
2019-09,수입,BMW,X3 M,19
2019-09,수입,BMW,X6,19
2019-09,수입,닛산,The New X-Trail,19
2019-09,수입,캐딜락,CTS,19
2019-09,수입,포르쉐,Panamera,19
2019-09,수입,마세라티,Quattroporte,18
2019-09,수입,인피니티,Q30,18
2019-09,수입,푸조,2008,18
2019-09,수입,BMW,M5,17
2019-09,수입,재규어,XJ,15
2019-09,수입,BMW,M4,14
2019-09,수입,DS,DS7 Crossback,14
2019-09,수입,닛산,Altima,14
2019-09,수입,시트로엥,C3 Aircross,14
2019-09,수입,인피니티,QX50,14
2019-09,수입,시트로엥,Grand C4 Spacetourer,13
2019-09,수입,포르쉐,718 Boxster,13
2019-09,수입,링컨,MKC,12
2019-09,수입,푸조,308,12
2019-09,수입,혼다,Odyssey,12
2019-09,수입,테슬라,Model 3,11
2019-09,국산,쉐보레,카마로,10
2019-09,수입,토요타,Prius C,10
2019-09,수입,시트로엥,C4 Cactus,9
2019-09,수입,닛산,New  Leaf,8
2019-09,수입,인피니티,Q50,7
2019-09,수입,렉서스,IS,6
2019-09,수입,인피니티,QX30,6
2019-09,수입,BMW,X4 M,5
2019-09,수입,닛산,Maxima,5
2019-09,수입,롤스로이스,Cullinan,5
2019-09,수입,BMW,i8,4
2019-09,수입,렉서스,LS,4
2019-09,수입,롤스로이스,Ghost Series II,4
2019-09,수입,롤스로이스,Wraith,4
2019-09,수입,토요타,Sienna,4
2019-09,수입,포르쉐,718 Cayman,4
2019-09,수입,람보르기니,Aventador,3
2019-09,수입,렉서스,CT,3
2019-09,수입,렉서스,RC,3
2019-09,수입,마세라티,GranTurismo,3
2019-09,수입,시트로엥,C5 Aircross,3
2019-09,수입,인피니티,Q60,3
2019-09,수입,BMW,2 Series Active Tourer,2
2019-09,수입,벤츠,CLA-Class,2
2019-09,수입,캐딜락,ATS,2
2019-09,수입,혼다,Civic Sport,2
2019-09,국산,르노코리아,트위지,1
2019-09,수입,BMW,M3,1
2019-09,수입,람보르기니,Huracan,1
2019-09,수입,롤스로이스,Dawn,1
2019-09,수입,벤츠,GLS-Class,1
2019-09,수입,재규어,I-Pace,1
2019-09,수입,혼다,HR-V,1
2019-10,국산,현대,쏘나타,8244
2019-10,국산,현대,포터2,7041
2019-10,국산,현대,그랜저,6827
2019-10,국산,현대,싼타페,6676
2019-10,국산,현대,아반떼,6571
2019-10,국산,기아,K7,6518
2019-10,국산,기아,셀토스,5511
2019-10,국산,기아,봉고 3,5434
2019-10,국산,기아,카니발,4835
2019-10,국산,르노코리아,QM6,4772
2019-10,국산,기아,쏘렌토,4581
2019-10,국산,현대,코나,4421
2019-10,국산,기아,모닝,4257
2019-10,국산,현대,그랜드 스타렉스,3734
2019-10,수입,벤츠,E-Class,3293
2019-10,국산,현대,팰리세이드,3087
2019-10,국산,현대,그랜저 hybrid,3040
2019-10,국산,기아,K3,3031
2019-10,국산,쉐보레,스파크,2979
2019-10,국산,기아,K5,2804
2019-10,국산,현대,베뉴,2645
2019-10,국산,현대,투싼,2474
2019-10,국산,현대,쏘나타 뉴 라이즈,2444
2019-10,국산,기아,모하비,2283
2019-10,국산,기아,스포티지,2260
2019-10,국산,현대,버스/트럭 (현대),2218
2019-10,국산,KGM,티볼리,2149
2019-10,국산,기아,레이,2081
2019-10,국산,KGM,렉스턴 스포츠,1976
2019-10,국산,제네시스,G80,1786
2019-10,국산,KGM,코란도,1693
2019-10,국산,기아,니로,1610
2019-10,국산,르노코리아,SM6,1443
2019-10,수입,BMW,5 Series,1436
2019-10,수입,아우디,Q7,1394
2019-10,국산,KGM,렉스턴 스포츠 칸,1181
2019-10,국산,제네시스,G70,1164
2019-10,국산,KGM,G4 렉스턴,1046
2019-10,수입,벤츠,GLC-Class,993
2019-10,수입,벤츠,C-Class,987
2019-10,국산,쉐보레,트랙스,971
2019-10,수입,BMW,3 Series,942
2019-10,국산,제네시스,G90,935
2019-10,국산,기아,K9,800
2019-10,국산,르노코리아,클리오,724
2019-10,국산,쉐보레,말리부,723
2019-10,수입,혼다,Pilot,665
2019-10,수입,벤츠,S-Class,647
2019-10,국산,쉐보레,볼트 EV,640
2019-10,국산,현대,넥쏘,608
2019-10,수입,벤츠,CLS-Class,508
2019-10,수입,벤츠,GLE-Class,493
2019-10,국산,르노코리아,마스터,485
2019-10,수입,아우디,A6,478
2019-10,수입,폭스바겐,Arteon,458
2019-10,국산,현대,아이오닉,457
2019-10,수입,벤츠,A-Class,452
2019-10,수입,지프,Compass,428
2019-10,수입,미니,Hatch,386
2019-10,국산,기아,스토닉,381
2019-10,수입,BMW,X5,374
2019-10,수입,벤츠,AMG GT,365
2019-10,수입,지프,Renegade,346
2019-10,수입,BMW,4 Series,326
2019-10,국산,르노코리아,SM7 노바,290
2019-10,수입,볼보,S60,288
2019-10,수입,미니,Countryman,280
2019-10,국산,쉐보레,라보,273
2019-10,국산,쉐보레,다마스,271
2019-10,국산,기아,스팅어,267
2019-10,국산,현대,엑센트,249
2019-10,수입,렉서스,ES,242
2019-10,수입,지프,Grand Cherokee,237
2019-10,수입,BMW,X3,234
2019-10,수입,재규어,XF,230
2019-10,국산,르노코리아,SM5 노바,214
2019-10,수입,BMW,X4,211
2019-10,수입,랜드로버,Discovery,210
2019-10,수입,아우디,A3,205
2019-10,국산,기아,쏘울,198
2019-10,수입,BMW,7 Series,194
2019-10,수입,지프,Cherokee,191
2019-10,국산,르노코리아,뉴 QM3,180
2019-10,수입,볼보,XC60,168
2019-10,국산,르노코리아,SM3 네오,164
2019-10,수입,BMW,6 Series,163
2019-10,수입,지프,Wrangler,159
2019-10,수입,벤츠,G-Class,147
2019-10,수입,토요타,RAV4,146
2019-10,수입,폭스바겐,Tiguan,144
2019-10,국산,쉐보레,콜로라도,143
2019-10,국산,쉐보레,이쿼녹스,142
2019-10,국산,쉐보레,임팔라,135
2019-10,수입,링컨,Nautilus,135
2019-10,수입,아우디,A5,133
2019-10,수입,포르쉐,Cayenne,131
2019-10,수입,미니,Clubman,122
2019-10,수입,볼보,XC40,120
2019-10,수입,푸조,3008,120
2019-10,수입,푸조,5008,119
2019-10,수입,볼보,S90,118
2019-10,수입,포드,Mustang,112
2019-10,수입,볼보,XC90,108
2019-10,국산,기아,K3 GT,106
2019-10,국산,쉐보레,트래버스,104
2019-10,수입,토요타,Camry,100
2019-10,수입,볼보,V60 Cross Country,98
2019-10,국산,기아,버스 (기아),97
2019-10,수입,링컨,MKZ,95
2019-10,수입,토요타,Prius,95
2019-10,국산,기아,K5 하이브리드,89
2019-10,국산,르노코리아,트위지,87
2019-10,수입,렉서스,RX,87
2019-10,국산,현대,i30,82
2019-10,국산,현대,벨로스터 N,82
2019-10,국산,현대,쏠라티,82
2019-10,수입,혼다,Accord,77
2019-10,수입,BMW,X2,71
2019-10,수입,재규어,E-Pace,71
2019-10,수입,닛산,Altima,69
2019-10,수입,랜드로버,Range Rover Velar,64
2019-10,수입,미니,Convertible,64
2019-10,수입,벤츠,Maybach S-Class,59
2019-10,수입,인피니티,Q30,58
2019-10,수입,랜드로버,Range Rover Sport,56
2019-10,수입,링컨,Continental,56
2019-10,수입,재규어,F-Pace,55
2019-10,수입,렉서스,UX,53
2019-10,수입,BMW,X7,51
2019-10,수입,렉서스,NX,51
2019-10,수입,혼다,CR-V Turbo,51
2019-10,수입,랜드로버,Range Rover,49
2019-10,수입,랜드로버,Range Rover Evoque,48
2019-10,수입,마세라티,Levante,46
2019-10,수입,토요타,Avalon,46
2019-10,국산,현대,벨로스터,45
2019-10,수입,벤츠,GLA-Class,44
2019-10,수입,푸조,508,44
2019-10,국산,르노코리아,SM3 Z.E.,42
2019-10,수입,인피니티,Q50,41
2019-10,수입,볼보,V90 Cross Country,39
2019-10,수입,DS,DS7 Crossback,38
2019-10,수입,마세라티,Ghibli,38
2019-10,수입,인피니티,QX50,35
2019-10,수입,닛산,The New X-Trail,34
2019-10,수입,캐딜락,XT5,34
2019-10,수입,링컨,MKC,31
2019-10,수입,캐딜락,CT6,31
2019-10,수입,시트로엥,C3 Aircross,25
2019-10,수입,BMW,M2,24
2019-10,수입,시트로엥,Grand C4 Spacetourer,22
2019-10,수입,BMW,Z4,21
2019-10,수입,람보르기니,Urus,20
2019-10,수입,인피니티,QX30,20
2019-10,수입,벤츠,EQC,19
2019-10,수입,시트로엥,C5 Aircross,19
2019-10,수입,닛산,New  Leaf,17
2019-10,수입,렉서스,LS,17
2019-10,수입,마세라티,Quattroporte,17
2019-10,수입,캐딜락,CTS,17
2019-10,수입,테슬라,Model X,17
2019-10,수입,BMW,i3,15
2019-10,수입,벤츠,SLC-Class,14
2019-10,수입,토요타,Sienna,14
2019-10,국산,쉐보레,카마로,13
2019-10,수입,BMW,M4,13
2019-10,수입,BMW,M5,13
2019-10,수입,BMW,X6,13
2019-10,수입,시트로엥,C4 Cactus,13
2019-10,수입,푸조,508 SW,13
2019-10,수입,인피니티,QX60,12
2019-10,수입,테슬라,Model S,12
2019-10,수입,닛산,Maxima,11
2019-10,수입,혼다,Odyssey,10
2019-10,수입,BMW,X4 M,9
2019-10,수입,롤스로이스,Cullinan,8
2019-10,수입,캐딜락,Escalade,8
2019-10,수입,포르쉐,Panamera,8
2019-10,수입,BMW,X3 M,7
2019-10,수입,토요타,Prius C,7
2019-10,수입,재규어,F-Type,5
2019-10,수입,재규어,XJ,5
2019-10,수입,닛산,370Z,4
2019-10,수입,닛산,Pathfinder,4
2019-10,수입,렉서스,CT,4
2019-10,수입,벤츠,GLS-Class,4
2019-10,수입,롤스로이스,Ghost Series II,3
2019-10,수입,BMW,2 Series Active Tourer,2
2019-10,수입,BMW,8 Series,2
2019-10,수입,람보르기니,Aventador,2
2019-10,수입,람보르기니,Huracan,2
2019-10,수입,롤스로이스,Wraith,2
2019-10,수입,마세라티,GranTurismo,2
2019-10,수입,인피니티,Q60,2
2019-10,수입,재규어,XE,2
2019-10,수입,혼다,HR-V,2
2019-10,수입,BMW,X1,1
2019-10,수입,렉서스,IS,1
2019-10,수입,렉서스,LC,1
2019-10,수입,롤스로이스,Phantom,1
2019-10,수입,마세라티,GranCabrio,1
2019-10,수입,볼보,V40 Cross Country,1
2019-10,수입,캐딜락,ATS,1
2019-10,수입,포드,Explorer,1
2019-10,수입,포르쉐,718 Cayman,1
2019-10,수입,푸조,308,1
2019-10,수입,혼다,Civic Sport,1
2019-11,국산,현대,포터2,8402
2019-11,국산,현대,그랜저,8095
2019-11,국산,현대,싼타페,7001
2019-11,국산,현대,쏘나타,6751
2019-11,국산,기아,셀토스,6136
2019-11,국산,기아,K7,6000
2019-11,국산,기아,카니발,5722
2019-11,국산,르노코리아,QM6,5648
2019-11,국산,기아,쏘렌토,5600
2019-11,국산,기아,모닝,4675
2019-11,국산,기아,봉고 3,4542
2019-11,국산,현대,아반떼,4475
2019-11,국산,현대,팰리세이드,4137
2019-11,국산,기아,K3,3928
2019-11,국산,현대,코나,3720
2019-11,국산,현대,그랜드 스타렉스,3344
2019-11,국산,현대,투싼,3279
2019-11,국산,쉐보레,스파크,3162
2019-11,국산,기아,K5,2757
2019-11,수입,벤츠,E-Class,2623
2019-11,국산,기아,스포티지,2564
2019-11,국산,KGM,티볼리,2337
2019-11,국산,현대,그랜저 hybrid,2312
2019-11,국산,KGM,렉스턴 스포츠,2152
2019-11,국산,현대,버스/트럭 (현대),2148
2019-11,국산,현대,쏘나타 뉴 라이즈,2081
2019-11,국산,현대,베뉴,1977
2019-11,국산,KGM,코란도,1963
2019-11,국산,기아,니로,1741
2019-11,수입,BMW,5 Series,1670
2019-11,수입,폭스바겐,Tiguan,1640
2019-11,국산,기아,레이,1610
2019-11,국산,기아,모하비,1468
2019-11,국산,KGM,G4 렉스턴,1401
2019-11,국산,KGM,렉스턴 스포츠 칸,1387
2019-11,국산,제네시스,G70,1339
2019-11,국산,제네시스,G80,1214
2019-11,수입,테슬라,Model 3,1207
2019-11,수입,아우디,Q7,1150
2019-11,수입,벤츠,GLC-Class,1132
2019-11,국산,제네시스,G90,1086
2019-11,국산,쉐보레,트랙스,1048
2019-11,수입,아우디,A6,1008
2019-11,수입,벤츠,C-Class,1005
2019-11,국산,르노코리아,SM6,975
2019-11,수입,BMW,3 Series,847
2019-11,국산,쉐보레,말리부,775
2019-11,국산,기아,K9,717
2019-11,국산,현대,넥쏘,699
2019-11,국산,쉐보레,볼트 EV,690
2019-11,국산,르노코리아,마스터,660
2019-11,수입,벤츠,CLS-Class,532
2019-11,수입,지프,Renegade,526
2019-11,국산,쉐보레,콜로라도,472
2019-11,수입,벤츠,GLE-Class,472
2019-11,수입,벤츠,S-Class,468
2019-11,국산,현대,엑센트,447
2019-11,수입,BMW,6 Series,445
2019-11,수입,토요타,RAV4,438
2019-11,국산,기아,스토닉,433
2019-11,수입,벤츠,A-Class,408
2019-11,수입,포드,Explorer,384
2019-11,수입,폭스바겐,Arteon,384
2019-11,국산,현대,아이오닉,352
2019-11,국산,쉐보레,라보,342
2019-11,수입,지프,Grand Cherokee,332
2019-11,국산,쉐보레,트래버스,322
2019-11,수입,혼다,Accord,305
2019-11,수입,BMW,4 Series,304
2019-11,수입,렉서스,ES,303
2019-11,수입,미니,Hatch,298
2019-11,국산,르노코리아,SM7 노바,282
2019-11,수입,BMW,X4,279
2019-11,수입,BMW,X3,273
2019-11,국산,쉐보레,다마스,261
2019-11,수입,BMW,X5,255
2019-11,수입,BMW,7 Series,253
2019-11,수입,아우디,A5,223
2019-11,국산,기아,스팅어,200
2019-11,수입,볼보,S60,195
2019-11,수입,미니,Clubman,184
2019-11,수입,지프,Wrangler,184
2019-11,수입,볼보,XC60,181
2019-11,국산,기아,쏘울,178
2019-11,국산,르노코리아,트위지,167
2019-11,수입,아우디,A4,167
2019-11,국산,쉐보레,이쿼녹스,156
2019-11,수입,볼보,S90,152
2019-11,국산,르노코리아,클리오,147
2019-11,수입,링컨,Nautilus,144
2019-11,수입,닛산,The New X-Trail,143
2019-11,수입,랜드로버,Discovery,139
2019-11,수입,포르쉐,Cayenne,139
2019-11,수입,볼보,V60 Cross Country,137
2019-11,국산,기아,K3 GT,136
2019-11,수입,미니,Countryman,136
2019-11,수입,인피니티,Q30,134
2019-11,수입,푸조,3008,128
2019-11,국산,기아,버스 (기아),117
2019-11,수입,볼보,XC40,114
2019-11,수입,지프,Cherokee,113
2019-11,수입,혼다,CR-V Turbo,111
2019-11,수입,랜드로버,Range Rover Evoque,109
2019-11,수입,토요타,Prius,106
2019-11,국산,현대,벨로스터,104
2019-11,수입,토요타,Avalon,104
2019-11,수입,토요타,Camry,103
2019-11,수입,랜드로버,Discovery Sport,100
2019-11,수입,아우디,A3,94
2019-11,국산,기아,K5 하이브리드,91
2019-11,수입,닛산,Pathfinder,89
2019-11,수입,링컨,MKZ,87
2019-11,국산,현대,i30,85
2019-11,수입,볼보,XC90,85
2019-11,국산,르노코리아,SM3 네오,80
2019-11,수입,BMW,X1,78
2019-11,수입,포르쉐,Panamera,75
2019-11,수입,렉서스,RX,74
2019-11,수입,포르쉐,718 Boxster,73
2019-11,국산,쉐보레,임팔라,72
2019-11,수입,재규어,F-Pace,71
2019-11,수입,재규어,E-Pace,69
2019-11,수입,푸조,5008,69
2019-11,수입,렉서스,NX,68
2019-11,수입,포드,Mustang,68
2019-11,수입,랜드로버,Range Rover Sport,67
2019-11,수입,랜드로버,Range Rover Velar,67
2019-11,수입,인피니티,QX30,67
2019-11,수입,마세라티,Levante,61
2019-11,국산,르노코리아,SM5 노바,59
2019-11,국산,르노코리아,SM3 Z.E.,58
2019-11,국산,현대,쏠라티,57
2019-11,수입,BMW,8 Series,56
2019-11,국산,현대,벨로스터 N,55
2019-11,수입,BMW,X2,55
2019-11,수입,렉서스,UX,50
2019-11,수입,링컨,Continental,50
2019-11,수입,재규어,XF,50
2019-11,수입,푸조,508,50
2019-11,수입,인피니티,QX50,47
2019-11,수입,벤틀리,Bentayga,45
2019-11,수입,캐딜락,XT5,43
2019-11,수입,미니,Convertible,40
2019-11,수입,링컨,MKC,39
2019-11,수입,인피니티,Q50,39
2019-11,수입,닛산,Altima,38
2019-11,수입,벤츠,AMG GT,37
2019-11,수입,벤츠,Maybach S-Class,36
2019-11,수입,포르쉐,718 Cayman,36
2019-11,수입,BMW,X7,35
2019-11,수입,테슬라,Model S,34
2019-11,수입,마세라티,Ghibli,32
2019-11,수입,캐딜락,CT6,32
2019-11,수입,시트로엥,C4 Cactus,29
2019-11,수입,인피니티,QX60,28
2019-11,수입,랜드로버,Range Rover,26
2019-11,수입,볼보,V90 Cross Country,26
2019-11,국산,쉐보레,카마로,23
2019-11,수입,BMW,M5,23
2019-11,수입,벤츠,GLA-Class,22
2019-11,수입,캐딜락,CTS,22
2019-11,수입,마세라티,Quattroporte,21
2019-11,수입,BMW,M4,20
2019-11,수입,토요타,Sienna,20
2019-11,수입,시트로엥,Grand C4 Spacetourer,19
2019-11,수입,DS,DS7 Crossback,18
2019-11,수입,혼다,Odyssey,18
2019-11,수입,BMW,X3 M,17
2019-11,수입,캐딜락,Escalade,17
2019-11,수입,테슬라,Model X,17
2019-11,수입,BMW,X6,16
2019-11,수입,BMW,i3,16
2019-11,수입,벤츠,SLC-Class,16
2019-11,수입,시트로엥,C3 Aircross,15
2019-11,수입,재규어,XJ,15
2019-11,수입,벤츠,G-Class,14
2019-11,수입,혼다,Pilot,14
2019-11,수입,람보르기니,Urus,13
2019-11,수입,렉서스,LS,13
2019-11,수입,아우디,A8,13
2019-11,수입,BMW,X4 M,12
2019-11,수입,시트로엥,C5 Aircross,12
2019-11,수입,BMW,M2,11
2019-11,수입,닛산,New  Leaf,11
2019-11,수입,재규어,XE,8
2019-11,수입,토요타,Prius C,8
2019-11,수입,BMW,Z4,7
2019-11,수입,람보르기니,Aventador,7
2019-11,수입,렉서스,CT,7
2019-11,수입,닛산,370Z,6
2019-11,수입,롤스로이스,Cullinan,6
2019-11,수입,재규어,F-Type,6
2019-11,수입,DS,DS3 Crossback,5
2019-11,수입,벤츠,CLA-Class,5
2019-11,수입,재규어,I-Pace,5
2019-11,수입,지프,Compass,5
2019-11,수입,벤츠,GLS-Class,4
2019-11,수입,람보르기니,Huracan EVO,3
2019-11,수입,롤스로이스,Ghost Series II,3
2019-11,수입,인피니티,Q60,3
2019-11,수입,푸조,508 SW,3
2019-11,수입,혼다,Civic Sport,3
2019-11,수입,BMW,M3,2
2019-11,수입,BMW,M8,2
2019-11,수입,람보르기니,Huracan,2
2019-11,수입,렉서스,IS,2
2019-11,수입,벤츠,B-class,2
2019-11,수입,벤츠,EQC,2
2019-11,수입,혼다,HR-V,2
2019-11,수입,BMW,1 Series,1
2019-11,수입,BMW,i8,1
2019-11,수입,렉서스,GS,1
2019-11,수입,렉서스,RC,1
2019-11,수입,롤스로이스,Wraith,1
2019-11,수입,마세라티,GranTurismo,1
2019-11,수입,벤츠,SL-Class,1
2019-11,수입,볼보,V40 Cross Country,1
2019-11,수입,토요타,Prius Prime,1
2019-12,국산,현대,그랜저,13170
2019-12,국산,현대,포터2,7566
2019-12,국산,르노코리아,QM6,7558
2019-12,국산,현대,쏘나타,6677
2019-12,국산,현대,싼타페,6369
2019-12,국산,기아,K5,6183
2019-12,국산,현대,팰리세이드,5368
2019-12,국산,기아,봉고 3,5220
2019-12,국산,기아,카니발,5161
2019-12,국산,기아,쏘렌토,5078
2019-12,국산,기아,K7,5075
2019-12,국산,기아,셀토스,4801
2019-12,국산,기아,모닝,4346
2019-12,국산,기아,K3,4035
2019-12,국산,쉐보레,스파크,3931
2019-12,국산,현대,코나,3725
2019-12,국산,현대,아반떼,3653
2019-12,국산,현대,투싼,3537
2019-12,수입,벤츠,E-Class,3469
2019-12,국산,현대,그랜드 스타렉스,3409
2019-12,국산,현대,베뉴,3101
2019-12,국산,KGM,티볼리,2790
2019-12,국산,KGM,코란도,2514
2019-12,국산,KGM,렉스턴 스포츠,2343
2019-12,수입,BMW,5 Series,2336
2019-12,국산,기아,니로,2219
2019-12,국산,기아,스포티지,2188
2019-12,수입,폭스바겐,Arteon,2098
2019-12,국산,현대,버스/트럭 (현대),1960
2019-12,국산,현대,쏘나타 뉴 라이즈,1895
2019-12,국산,기아,레이,1793
2019-12,국산,기아,모하비,1747
2019-12,국산,르노코리아,SM6,1719
2019-12,국산,제네시스,G80,1703
2019-12,국산,제네시스,G70,1505
2019-12,수입,벤츠,CLS-Class,1505
2019-12,국산,제네시스,G90,1497
2019-12,국산,KGM,렉스턴 스포츠 칸,1472
2019-12,국산,KGM,G4 렉스턴,1455
2019-12,국산,쉐보레,트랙스,1376
2019-12,국산,쉐보레,말리부,1234
2019-12,수입,아우디,A6,1216
2019-12,국산,기아,K9,1006
2019-12,수입,벤츠,S-Class,994
2019-12,수입,혼다,Accord,889
2019-12,수입,벤츠,C-Class,876
2019-12,수입,BMW,3 Series,857
2019-12,수입,포드,Explorer,824
2019-12,수입,아우디,A4,756
2019-12,수입,폭스바겐,Tiguan,704
2019-12,수입,벤츠,GLC-Class,691
2019-12,국산,쉐보레,콜로라도,646
2019-12,수입,미니,Hatch,630
2019-12,수입,벤츠,GLE-Class,630
2019-12,국산,현대,아이오닉,534
2019-12,수입,토요타,RAV4,525
2019-12,수입,랜드로버,Discovery Sport,511
2019-12,수입,BMW,6 Series,485
2019-12,국산,기아,스토닉,466
2019-12,수입,렉서스,ES,454
2019-12,국산,르노코리아,SM7 노바,431
2019-12,국산,쉐보레,트래버스,416
2019-12,수입,미니,Clubman,409
2019-12,수입,테슬라,Model 3,386
2019-12,국산,쉐보레,라보,376
2019-12,국산,쉐보레,볼트 EV,344
2019-12,수입,BMW,7 Series,335
2019-12,수입,토요타,Camry,313
2019-12,국산,쉐보레,다마스,311
2019-12,국산,현대,넥쏘,288
2019-12,수입,토요타,Avalon,271
2019-12,수입,닛산,The New X-Trail,256
2019-12,국산,기아,쏘울,243
2019-12,수입,지프,Wrangler,243
2019-12,수입,BMW,X5,241
2019-12,수입,지프,Grand Cherokee,221
2019-12,수입,BMW,X4,210
2019-12,수입,미니,Countryman,206
2019-12,국산,기아,스팅어,205
2019-12,수입,포르쉐,Cayenne,185
2019-12,수입,랜드로버,Discovery,175
2019-12,수입,볼보,XC60,173
2019-12,수입,볼보,S60,162
2019-12,수입,렉서스,RX,160
2019-12,국산,쉐보레,이쿼녹스,158
2019-12,수입,푸조,3008,157
2019-12,수입,BMW,X3,153
2019-12,수입,토요타,Prius,152
2019-12,수입,볼보,S90,146
2019-12,수입,렉서스,NX,137
2019-12,수입,포르쉐,718 Boxster,133
2019-12,국산,르노코리아,마스터,130
2019-12,국산,기아,버스 (기아),127
2019-12,수입,랜드로버,Range Rover Evoque,120
2019-12,수입,볼보,V60 Cross Country,118
2019-12,수입,아우디,A8,114
2019-12,수입,혼다,CR-V Turbo,114
2019-12,수입,벤츠,A-Class,113
2019-12,수입,아우디,A3,110
2019-12,국산,기아,K3 GT,104
2019-12,국산,현대,엑센트,103
2019-12,수입,BMW,X1,103
2019-12,수입,아우디,A5,101
2019-12,수입,링컨,Continental,97
2019-12,수입,볼보,XC40,97
2019-12,수입,지프,Cherokee,93
2019-12,수입,BMW,4 Series,91
2019-12,수입,랜드로버,Range Rover Velar,90
2019-12,수입,BMW,X2,87
2019-12,국산,현대,벨로스터,84
2019-12,국산,현대,벨로스터 N,84
2019-12,수입,링컨,MKZ,83
2019-12,국산,르노코리아,SM3 Z.E.,80
2019-12,수입,지프,Renegade,78
2019-12,수입,마세라티,Levante,77
2019-12,수입,캐딜락,XT5,76
2019-12,수입,재규어,F-Pace,74
2019-12,국산,기아,K5 하이브리드,69
2019-12,수입,푸조,5008,69
2019-12,국산,현대,i30,65
2019-12,수입,재규어,E-Pace,65
2019-12,수입,포드,Mustang,61
2019-12,국산,르노코리아,트위지,60
2019-12,수입,벤츠,Maybach S-Class,60
2019-12,수입,포르쉐,Panamera,60
2019-12,수입,푸조,508,60
2019-12,수입,랜드로버,Range Rover Sport,58
2019-12,수입,렉서스,UX,56
2019-12,수입,링컨,MKC,55
2019-12,수입,볼보,XC90,55
2019-12,수입,링컨,Nautilus,54
2019-12,수입,캐딜락,CT6,54
2019-12,수입,BMW,X6,49
2019-12,수입,인피니티,QX50,48
2019-12,수입,테슬라,Model X,45
2019-12,국산,현대,쏠라티,42
2019-12,수입,BMW,Z4,42
2019-12,수입,마세라티,Ghibli,41
2019-12,수입,테슬라,Model S,41
2019-12,수입,BMW,8 Series,40
2019-12,수입,인피니티,QX30,40
2019-12,수입,포드,All New Aviator,38
2019-12,수입,닛산,Altima,36
2019-12,수입,시트로엥,C4 Cactus,35
2019-12,수입,혼다,Odyssey,34
2019-12,수입,DS,DS7 Crossback,30
2019-12,수입,토요타,Sienna,30
2019-12,수입,미니,Convertible,29
2019-12,수입,랜드로버,Range Rover,28
2019-12,수입,마세라티,Quattroporte,28
2019-12,수입,재규어,XJ,28
2019-12,수입,시트로엥,Grand C4 Spacetourer,25
2019-12,수입,인피니티,Q30,25
2019-12,수입,캐딜락,Escalade,23
2019-12,수입,토요타,Prius C,22
2019-12,수입,렉서스,LS,21
2019-12,수입,벤츠,SLC-Class,20
2019-12,수입,BMW,M2,19
2019-12,수입,재규어,I-Pace,19
2019-12,수입,캐딜락,CTS,19
2019-12,수입,BMW,M4,18
2019-12,수입,BMW,X7,18
2019-12,수입,벤츠,GLA-Class,18
2019-12,수입,BMW,i3,17
2019-12,수입,닛산,Pathfinder,17
2019-12,수입,시트로엥,C3 Aircross,17
2019-12,국산,쉐보레,카마로,16
2019-12,수입,포드,Mondeo,16
2019-12,수입,벤츠,G-Class,15
2019-12,수입,BMW,M5,14
2019-12,수입,시트로엥,C5 Aircross,14
2019-12,수입,인피니티,Q50,14
2019-12,수입,볼보,V90 Cross Country,13
2019-12,수입,포르쉐,718 Cayman,12
2019-12,수입,벤틀리,Bentayga,11
2019-12,수입,닛산,New  Leaf,10
2019-12,수입,렉서스,CT,10
2019-12,수입,벤츠,AMG GT,10
2019-12,수입,람보르기니,Urus,9
2019-12,수입,토요타,86,9
2019-12,국산,쉐보레,임팔라,7
2019-12,수입,롤스로이스,Cullinan,7
2019-12,수입,벤츠,CLA-Class,7
2019-12,수입,푸조,2008,7
2019-12,수입,BMW,X4 M,6
2019-12,수입,인피니티,Q60,6
2019-12,수입,재규어,F-Type,6
2019-12,수입,BMW,1 Series,5
2019-12,수입,DS,DS3 Crossback,5
2019-12,수입,람보르기니,Aventador,5
2019-12,수입,벤츠,B-class,5
2019-12,수입,아우디,Q7,5
2019-12,수입,인피니티,QX60,5
2019-12,수입,재규어,XF,5
2019-12,수입,혼다,HR-V,5
2019-12,국산,기아,니로 플러그인 하이브리드,4
2019-12,수입,재규어,XE,4
2019-12,수입,푸조,508 SW,4
2019-12,수입,닛산,Maxima,3
2019-12,수입,벤츠,EQC,3
2019-12,수입,벤츠,GLS-Class,3
2019-12,수입,혼다,Civic Sport,3
2019-12,국산,르노코리아,SM3 네오,2
2019-12,국산,쉐보레,단종차량 (올 뉴 말리부),2
2019-12,국산,쉐보레,캡티바,2
2019-12,수입,BMW,X3 M,2
2019-12,수입,BMW,i8,2
2019-12,수입,닛산,370Z,2
2019-12,수입,람보르기니,Huracan,2
2019-12,수입,람보르기니,Huracan EVO,2
2019-12,수입,렉서스,IS,2
2019-12,수입,롤스로이스,Ghost Series II,2
2019-12,수입,벤츠,SL-Class,2
2019-12,수입,폭스바겐,Touareg 3.0 TDI (출시예정),2
2019-12,국산,쉐보레,올란도,1
2019-12,수입,롤스로이스,Phantom,1
2019-12,수입,롤스로이스,Wraith,1
2019-12,수입,마세라티,GranTurismo,1
2019-12,수입,볼보,V40 Cross Country,1
2019-12,수입,지프,Compass,1
2019-12,수입,토요타,Prius Prime,1
2020-01,국산,현대,그랜저,9350
2020-01,국산,기아,K5,8036
2020-01,국산,현대,포터2,7480
2020-01,국산,현대,팰리세이드,5173
2020-01,국산,현대,쏘나타,4755
2020-01,국산,기아,봉고 3,4327
2020-01,국산,기아,K7,3939
2020-01,국산,르노코리아,QM6,3540
2020-01,국산,기아,셀토스,3508
2020-01,국산,기아,카니발,3352
2020-01,국산,현대,싼타페,3204
2020-01,국산,기아,모닝,3103
2020-01,국산,현대,그랜드 스타렉스,2648
2020-01,국산,현대,아반떼,2638
2020-01,국산,쉐보레,스파크,2589
2020-01,수입,벤츠,E-Class,2418
2020-01,국산,기아,레이,2146
2020-01,국산,현대,버스/트럭 (현대),1934
2020-01,국산,현대,코나,1835
2020-01,국산,기아,쏘렌토,1830
2020-01,국산,현대,투싼,1766
2020-01,국산,기아,K3,1755
2020-01,국산,현대,베뉴,1710
2020-01,국산,현대,쏘나타 뉴 라이즈,1668
2020-01,국산,KGM,티볼리,1608
2020-01,국산,기아,모하비,1428
2020-01,국산,KGM,렉스턴 스포츠,1414
2020-01,수입,폭스바겐,Arteon,1189
2020-01,국산,제네시스,G80,1186
2020-01,국산,기아,스포티지,1175
2020-01,국산,KGM,코란도,1159
2020-01,국산,기아,니로,1141
2020-01,수입,벤츠,S-Class,952
2020-01,국산,KGM,렉스턴 스포츠 칸,843
2020-01,국산,제네시스,G90,830
2020-01,수입,BMW,5 Series,820
2020-01,수입,벤츠,GLC-Class,795
2020-01,국산,쉐보레,콜로라도,777
2020-01,수입,포드,Explorer,721
2020-01,국산,르노코리아,SM6,669
2020-01,국산,제네시스,G70,637
2020-01,국산,기아,K9,612
2020-01,수입,벤츠,CLS-Class,569
2020-01,수입,폭스바겐,Tiguan,564
2020-01,국산,KGM,G4 렉스턴,534
2020-01,국산,쉐보레,트랙스,527
2020-01,국산,쉐보레,말리부,398
2020-01,수입,BMW,3 Series,391
2020-01,국산,제네시스,GV80,347
2020-01,수입,벤츠,C-Class,337
2020-01,수입,BMW,6 Series,335
2020-01,수입,아우디,A6,318
2020-01,수입,렉서스,ES,315
2020-01,수입,아우디,A4,307
2020-01,국산,기아,스토닉,299
2020-01,수입,벤츠,GLE-Class,287
2020-01,수입,혼다,Accord,259
2020-01,국산,쉐보레,트래버스,257
2020-01,수입,미니,Hatch,253
2020-01,수입,볼보,XC60,237
2020-01,국산,쉐보레,다마스,227
2020-01,수입,볼보,S60,226
2020-01,수입,BMW,X3,223
2020-01,국산,쉐보레,라보,218
2020-01,수입,BMW,X4,210
2020-01,수입,BMW,X5,210
2020-01,수입,볼보,S90,191
2020-01,수입,토요타,Camry,178
2020-01,수입,랜드로버,Discovery Sport,169
2020-01,국산,현대,아이오닉,164
2020-01,수입,지프,Wrangler,164
2020-01,수입,볼보,XC90,159
2020-01,국산,기아,스팅어,157
2020-01,수입,미니,Countryman,133
2020-01,수입,미니,Clubman,132
2020-01,수입,볼보,V60 Cross Country,128
2020-01,수입,랜드로버,Discovery,126
2020-01,수입,볼보,XC40,122
2020-01,수입,테슬라,Model 3,122
2020-01,수입,지프,Renegade,113
2020-01,국산,기아,버스 (기아),106
2020-01,수입,BMW,7 Series,103
2020-01,수입,토요타,Avalon,100
2020-01,국산,르노코리아,마스터,90
2020-01,수입,지프,Cherokee,89
2020-01,수입,아우디,A5,84
2020-01,수입,지프,Grand Cherokee,83
2020-01,수입,벤츠,Maybach S-Class,82
2020-01,국산,현대,넥쏘,81
2020-01,국산,기아,쏘울,79
2020-01,국산,쉐보레,이쿼녹스,77
2020-01,수입,링컨,Nautilus,75
2020-01,수입,렉서스,NX,73
2020-01,수입,BMW,X6,70
2020-01,수입,토요타,RAV4,70
2020-01,수입,포드,Mustang,70
2020-01,국산,현대,쏠라티,69
2020-01,수입,랜드로버,Range Rover Velar,68
2020-01,수입,랜드로버,Range Rover Evoque,67
2020-01,수입,랜드로버,Range Rover Sport,64
2020-01,수입,BMW,Z4,59
2020-01,수입,포르쉐,718 Boxster,59
2020-01,수입,닛산,Altima,58
2020-01,수입,BMW,X2,56
2020-01,국산,현대,벨로스터 N,55
2020-01,수입,렉서스,RX,51
2020-01,수입,토요타,Prius,49
2020-01,수입,랜드로버,Range Rover,48
2020-01,수입,BMW,X1,46
2020-01,수입,BMW,X7,46
2020-01,국산,기아,K3 GT,45
2020-01,수입,BMW,4 Series,45
2020-01,수입,혼다,CR-V Turbo,45
2020-01,수입,렉서스,UX,44
2020-01,수입,푸조,3008,44
2020-01,수입,재규어,F-Pace,41
2020-01,수입,푸조,508,41
2020-01,수입,아우디,A3,38
2020-01,수입,링컨,Continental,37
2020-01,수입,볼보,V90 Cross Country,37
2020-01,수입,푸조,5008,37
2020-01,수입,링컨,MKZ,34
2020-01,국산,현대,벨로스터,31
2020-01,국산,현대,i30,30
2020-01,수입,DS,DS7 Crossback,29
2020-01,수입,마세라티,Levante,29
2020-01,수입,시트로엥,C3 Aircross,26
2020-01,수입,마세라티,Ghibli,25
2020-01,수입,혼다,Odyssey,24
2020-01,수입,벤츠,A-Class,22
2020-01,수입,BMW,X4 M,21
2020-01,국산,쉐보레,카마로,20
2020-01,수입,BMW,1 Series,20
2020-01,수입,시트로엥,C4 Cactus,20
2020-01,수입,재규어,E-Pace,19
2020-01,수입,BMW,M5,18
2020-01,수입,캐딜락,CT6,17
2020-01,수입,포드,Mondeo,17
2020-01,수입,포르쉐,718 Cayman,16
2020-01,수입,포르쉐,Cayenne,16
2020-01,수입,아우디,A8,15
2020-01,수입,람보르기니,Huracan,13
2020-01,수입,렉서스,LS,13
2020-01,국산,기아,K5 하이브리드,12
2020-01,수입,BMW,8 Series,12
2020-01,수입,벤틀리,Bentayga,12
2020-01,수입,캐딜락,XT5,12
2020-01,수입,테슬라,Model X,12
2020-01,국산,쉐보레,볼트 EV,11
2020-01,수입,BMW,X3 M,11
2020-01,수입,마세라티,Quattroporte,11
2020-01,수입,재규어,XJ,11
2020-01,수입,토요타,Prius C,11
2020-01,수입,토요타,Sienna,11
2020-01,수입,렉서스,CT,10
2020-01,수입,캐딜락,CTS,10
2020-01,수입,시트로엥,Grand C4 Spacetourer,9
2020-01,수입,캐딜락,Escalade,9
2020-01,수입,포르쉐,Panamera,8
2020-01,수입,미니,Convertible,7
2020-01,수입,벤츠,SLC-Class,7
2020-01,수입,BMW,M4,6
2020-01,수입,롤스로이스,Cullinan,6
2020-01,수입,링컨,Aviator,6
2020-01,수입,벤츠,CLA-Class,6
2020-01,수입,벤츠,EQC,6
2020-01,수입,DS,DS3 Crossback,5
2020-01,수입,BMW,M8,4
2020-01,수입,람보르기니,Huracan EVO,4
2020-01,수입,롤스로이스,Wraith,4
2020-01,수입,시트로엥,C5 Aircross,4
2020-01,수입,테슬라,Model S,4
2020-01,국산,르노코리아,SM3 Z.E.,3
2020-01,수입,렉서스,IS,3
2020-01,수입,롤스로이스,Ghost Series II,3
2020-01,수입,벤츠,AMG GT,3
2020-01,수입,벤츠,G-Class,3
2020-01,수입,벤츠,GLA-Class,3
2020-01,수입,재규어,I-Pace,3
2020-01,수입,재규어,XE,3
2020-01,수입,혼다,HR-V,3
2020-01,수입,BMW,M2,2
2020-01,수입,롤스로이스,Dawn,2
2020-01,수입,벤츠,SL-Class,2
2020-01,수입,푸조,2008,2
2020-01,국산,르노코리아,트위지,1
2020-01,수입,닛산,Maxima,1
2020-01,수입,람보르기니,Aventador,1
2020-01,수입,아우디,Q7,1
2020-01,수입,인피니티,QX50,1
2020-01,수입,재규어,F-Type,1
2020-01,수입,지프,Compass,1
2020-01,수입,토요타,Prius Prime,1
2020-01,수입,푸조,508 SW,1
2020-02,국산,현대,포터2,7875
2020-02,국산,현대,그랜저,7550
2020-02,국산,기아,K5,4340
2020-02,국산,기아,봉고 3,3630
2020-02,국산,기아,모닝,3310
2020-02,국산,현대,쏘나타,3239
2020-02,국산,현대,싼타페,2978
2020-02,국산,기아,셀토스,2869
2020-02,국산,기아,K7,2850
2020-02,국산,르노코리아,QM6,2622
2020-02,국산,현대,팰리세이드,2618
2020-02,국산,현대,아반떼,2575
2020-02,국산,기아,카니발,2510
2020-02,국산,쉐보레,스파크,2115
2020-02,국산,기아,쏘렌토,1998
2020-02,국산,기아,니로,1935
2020-02,국산,현대,쏘나타 뉴 라이즈,1783
2020-02,국산,현대,버스/트럭 (현대),1776
2020-02,수입,벤츠,E-Class,1607
2020-02,국산,현대,투싼,1534
2020-02,국산,현대,코나,1459
2020-02,수입,BMW,5 Series,1448
2020-02,수입,테슬라,Model 3,1402
2020-02,국산,KGM,렉스턴 스포츠,1269
2020-02,국산,현대,그랜드 스타렉스,1268
2020-02,국산,기아,레이,1220
2020-02,국산,제네시스,GV80,1176
2020-02,국산,기아,스포티지,1165
2020-02,국산,KGM,코란도,1123
2020-02,국산,KGM,티볼리,1103
2020-02,수입,벤츠,A-Class,941
2020-02,국산,KGM,렉스턴 스포츠 칸,885
2020-02,국산,기아,K3,878
2020-02,수입,벤츠,GLC-Class,807
2020-02,국산,제네시스,G80,783
2020-02,국산,르노코리아,SM6,731
2020-02,국산,KGM,G4 렉스턴,720
2020-02,국산,제네시스,G90,683
2020-02,국산,기아,K9,671
2020-02,국산,기아,모하비,621
2020-02,국산,쉐보레,트레일블레이저,608
2020-02,국산,현대,베뉴,584
2020-02,수입,폭스바겐,Tiguan,574
2020-02,수입,BMW,3 Series,562
2020-02,국산,제네시스,G70,549
2020-02,국산,쉐보레,트랙스,531
2020-02,국산,현대,넥쏘,443
2020-02,수입,벤츠,C-Class,429
2020-02,수입,벤츠,S-Class,386
2020-02,수입,포르쉐,Panamera,358
2020-02,수입,포드,Explorer,354
2020-02,국산,쉐보레,콜로라도,350
2020-02,수입,아우디,A4,342
2020-02,수입,미니,Hatch,334
2020-02,국산,쉐보레,볼트 EV,325
2020-02,수입,BMW,X3,293
2020-02,수입,BMW,X4,292
2020-02,국산,기아,스토닉,289
2020-02,수입,렉서스,ES,286
2020-02,국산,쉐보레,말리부,276
2020-02,수입,BMW,6 Series,257
2020-02,수입,닛산,Altima,245
2020-02,수입,토요타,Camry,243
2020-02,국산,쉐보레,트래버스,240
2020-02,수입,혼다,Accord,231
2020-02,수입,볼보,XC60,228
2020-02,국산,쉐보레,다마스,227
2020-02,수입,미니,Countryman,227
2020-02,수입,BMW,7 Series,223
2020-02,국산,쉐보레,라보,213
2020-02,수입,미니,Clubman,197
2020-02,국산,기아,스팅어,194
2020-02,국산,현대,아이오닉,188
2020-02,수입,벤츠,GLE-Class,179
2020-02,수입,벤츠,CLS-Class,171
2020-02,수입,벤츠,AMG GT,169
2020-02,수입,BMW,X5,168
2020-02,수입,지프,Wrangler,164
2020-02,수입,볼보,XC40,157
2020-02,수입,아우디,A5,153
2020-02,수입,볼보,S90,152
2020-02,수입,지프,Renegade,152
2020-02,수입,볼보,S60,140
2020-02,수입,BMW,X6,136
2020-02,수입,폭스바겐,Touareg,125
2020-02,수입,볼보,V60 Cross Country,112
2020-02,수입,볼보,XC90,112
2020-02,수입,랜드로버,Discovery Sport,105
2020-02,수입,링컨,Continental,104
2020-02,수입,랜드로버,Range Rover Velar,101
2020-02,수입,토요타,RAV4,99
2020-02,국산,르노코리아,SM3 Z.E.,96
2020-02,국산,르노코리아,트위지,94
2020-02,국산,현대,벨로스터,88
2020-02,국산,쉐보레,이쿼녹스,82
2020-02,국산,기아,K3 GT,79
2020-02,수입,BMW,1 Series,77
2020-02,수입,랜드로버,Discovery,75
2020-02,국산,르노코리아,마스터,73
2020-02,수입,지프,Cherokee,72
2020-02,수입,랜드로버,Range Rover Evoque,70
2020-02,수입,지프,Grand Cherokee,70
2020-02,수입,BMW,X2,69
2020-02,수입,링컨,Aviator,68
2020-02,수입,랜드로버,Range Rover Sport,66
2020-02,수입,렉서스,RX,66
2020-02,수입,혼다,HR-V,63
2020-02,국산,기아,K7 가솔린 2.4 / 버스,62
2020-02,수입,토요타,Prius,60
2020-02,수입,BMW,Z4,59
2020-02,국산,르노코리아,XM3,57
2020-02,국산,현대,쏠라티,57
2020-02,수입,렉서스,NX,56
2020-02,수입,토요타,Avalon,56
2020-02,국산,현대,벨로스터 N,52
2020-02,국산,기아,쏘울,51
2020-02,수입,재규어,F-Pace,50
2020-02,수입,푸조,5008,49
2020-02,수입,BMW,X7,48
2020-02,수입,벤츠,CLA-Class,48
2020-02,수입,푸조,3008,48
2020-02,수입,푸조,508,47
2020-02,수입,포드,Mustang,44
2020-02,수입,벤츠,Maybach S-Class,43
2020-02,수입,랜드로버,Range Rover,42
2020-02,수입,시트로엥,C4 Cactus,42
2020-02,수입,렉서스,UX,40
2020-02,수입,마세라티,Levante,40
2020-02,수입,아우디,A3,40
2020-02,수입,링컨,MKZ,35
2020-02,수입,혼다,CR-V Turbo,35
2020-02,수입,포르쉐,718 Boxster,34
2020-02,수입,포르쉐,911,33
2020-02,국산,현대,i30,32
2020-02,수입,인피니티,QX50,32
2020-02,수입,DS,DS7 Crossback,31
2020-02,수입,테슬라,Model X,30
2020-02,수입,BMW,4 Series,28
2020-02,수입,BMW,8 Series,27
2020-02,수입,볼보,V90 Cross Country,27
2020-02,수입,BMW,M5,26
2020-02,수입,캐딜락,XT5,26
2020-02,수입,시트로엥,Grand C4 Spacetourer,25
2020-02,수입,캐딜락,CT6,25
2020-02,수입,BMW,X4 M,23
2020-02,수입,혼다,Odyssey,22
2020-02,수입,닛산,New  Leaf,21
2020-02,수입,마세라티,Ghibli,21
2020-02,수입,토요타,Sienna,21
2020-02,수입,시트로엥,C3 Aircross,19
2020-02,수입,토요타,GR SUPRA,19
2020-02,수입,포르쉐,718 Cayman,19
2020-02,수입,마세라티,Quattroporte,18
2020-02,수입,벤츠,SLC-Class,17
2020-02,수입,벤틀리,Bentayga,17
2020-02,수입,람보르기니,Urus,16
2020-02,수입,BMW,X3 M,15
2020-02,수입,BMW,M2,14
2020-02,수입,캐딜락,Escalade,14
2020-02,수입,시트로엥,C5 Aircross,13
2020-02,수입,BMW,X1,12
2020-02,수입,BMW,i3,12
2020-02,국산,쉐보레,카마로,11
2020-02,수입,토요타,Prius C,11
2020-02,수입,폭스바겐,Arteon,11
2020-02,수입,BMW,2 Series,10
2020-02,수입,렉서스,LS,10
2020-02,수입,미니,Convertible,10
2020-02,수입,벤츠,GLS-Class,10
2020-02,수입,포드,Mondeo,10
2020-02,국산,기아,K5 하이브리드,9
2020-02,수입,BMW,M4,9
2020-02,수입,렉서스,CT,9
2020-02,수입,재규어,E-Pace,9
2020-02,수입,재규어,XJ,9
2020-02,수입,푸조,508 SW,9
2020-02,수입,혼다,Civic Sport,9
2020-02,수입,롤스로이스,Cullinan,6
2020-02,수입,렉서스,IS,5
2020-02,수입,벤츠,EQC,5
2020-02,수입,인피니티,QX60,5
2020-02,수입,캐딜락,CTS,4
2020-02,수입,포르쉐,Cayenne,4
2020-02,수입,BMW,M8,3
2020-02,수입,렉서스,LC,3
2020-02,수입,벤츠,GLA-Class,3
2020-02,수입,재규어,I-Pace,3
2020-02,수입,재규어,XF,3
2020-02,수입,캐딜락,XT6,3
2020-02,수입,토요타,86,3
2020-02,수입,BMW,i8,1
2020-02,수입,닛산,Maxima,1
2020-02,수입,람보르기니,Aventador,1
2020-02,수입,람보르기니,Huracan,1
2020-02,수입,롤스로이스,Dawn,1
2020-02,수입,롤스로이스,Ghost Series II,1
2020-02,수입,롤스로이스,Phantom,1
2020-02,수입,테슬라,Model S,1
2020-02,수입,푸조,2008,1
2020-03,국산,현대,그랜저,16600
2020-03,국산,현대,포터2,9174
2020-03,국산,기아,K5,8193
2020-03,국산,현대,팰리세이드,6293
2020-03,국산,기아,봉고 3,6039
2020-03,국산,기아,셀토스,6035
2020-03,국산,현대,싼타페,5788
2020-03,국산,르노코리아,XM3,5581
2020-03,국산,현대,쏘나타,5524
2020-03,국산,기아,K7,5044
2020-03,국산,르노코리아,QM6,5008
2020-03,국산,현대,코나,5006
2020-03,국산,기아,모닝,4126
2020-03,국산,현대,아반떼,3886
2020-03,국산,기아,쏘렌토,3875
2020-03,국산,기아,K3,3442
2020-03,국산,제네시스,GV80,3268
2020-03,국산,쉐보레,트레일블레이저,3187
2020-03,국산,기아,카니발,3179
2020-03,국산,현대,그랜드 스타렉스,2897
2020-03,국산,현대,버스/트럭 (현대),2700
2020-03,국산,기아,레이,2631
2020-03,국산,현대,투싼,2612
2020-03,국산,쉐보레,스파크,2551
2020-03,국산,기아,모하비,2549
2020-03,수입,테슬라,Model 3,2415
2020-03,국산,기아,니로,2279
2020-03,국산,현대,베뉴,2121
2020-03,수입,BMW,5 Series,1976
2020-03,국산,KGM,티볼리,1914
2020-03,국산,현대,쏘나타 뉴 라이즈,1729
2020-03,수입,벤츠,E-Class,1619
2020-03,국산,기아,스포티지,1614
2020-03,국산,KGM,코란도,1562
2020-03,국산,KGM,렉스턴 스포츠,1549
2020-03,국산,제네시스,G90,1209
2020-03,국산,르노코리아,SM6,1147
2020-03,국산,제네시스,G70,1109
2020-03,국산,KGM,렉스턴 스포츠 칸,1033
2020-03,수입,폭스바겐,Tiguan,1022
2020-03,국산,기아,K9,861
2020-03,국산,KGM,G4 렉스턴,802
2020-03,국산,쉐보레,트랙스,760
2020-03,국산,현대,넥쏘,706
2020-03,수입,벤츠,GLC-Class,695
2020-03,국산,현대,아이오닉,685
2020-03,수입,벤츠,A-Class,681
2020-03,국산,제네시스,G80,617
2020-03,수입,벤츠,CLS-Class,581
2020-03,국산,쉐보레,말리부,535
2020-03,국산,쉐보레,트래버스,532
2020-03,수입,포르쉐,Panamera,507
2020-03,수입,BMW,3 Series,497
2020-03,수입,벤츠,C-Class,490
2020-03,국산,기아,스토닉,486
2020-03,수입,BMW,X3,451
2020-03,수입,아우디,A4,445
2020-03,수입,포드,Explorer,445
2020-03,수입,미니,Hatch,432
2020-03,국산,쉐보레,볼트 EV,430
2020-03,수입,BMW,X4,404
2020-03,국산,기아,스팅어,387
2020-03,수입,아우디,A6,354
2020-03,수입,벤츠,S-Class,348
2020-03,국산,쉐보레,콜로라도,329
2020-03,수입,볼보,XC60,309
2020-03,수입,포르쉐,911,297
2020-03,수입,BMW,6 Series,288
2020-03,수입,미니,Countryman,270
2020-03,수입,벤츠,CLA-Class,264
2020-03,국산,쉐보레,라보,261
2020-03,수입,미니,Clubman,259
2020-03,수입,지프,Wrangler,250
2020-03,국산,쉐보레,다마스,239
2020-03,수입,벤츠,AMG GT,238
2020-03,수입,렉서스,ES,232
2020-03,수입,닛산,Altima,209
2020-03,수입,볼보,S60,204
2020-03,수입,BMW,7 Series,203
2020-03,수입,혼다,Accord,190
2020-03,수입,아우디,A5,182
2020-03,수입,볼보,XC40,181
2020-03,국산,르노코리아,마스터,172
2020-03,수입,볼보,S90,172
2020-03,수입,토요타,Camry,172
2020-03,수입,BMW,X1,151
2020-03,수입,BMW,X6,151
2020-03,수입,지프,Renegade,151
2020-03,수입,벤츠,GLE-Class,142
2020-03,수입,볼보,V60 Cross Country,141
2020-03,수입,아우디,A7,136
2020-03,수입,랜드로버,Range Rover Evoque,134
2020-03,수입,BMW,X5,130
2020-03,수입,볼보,XC90,122
2020-03,국산,쉐보레,이쿼녹스,119
2020-03,국산,기아,쏘울,113
2020-03,국산,기아,버스/특수 (기아),111
2020-03,수입,BMW,4 Series,109
2020-03,수입,캐딜락,CT6,108
2020-03,수입,BMW,1 Series,107
2020-03,국산,현대,벨로스터,101
2020-03,수입,랜드로버,Discovery Sport,100
2020-03,수입,토요타,RAV4,100
2020-03,수입,지프,Grand Cherokee,97
2020-03,국산,현대,벨로스터 N,88
2020-03,수입,랜드로버,Range Rover Velar,82
2020-03,국산,르노코리아,SM3 Z.E.,81
2020-03,수입,푸조,3008,81
2020-03,수입,렉서스,RX,77
2020-03,수입,푸조,5008,76
2020-03,국산,현대,쏠라티,73
2020-03,수입,닛산,New  Leaf,73
2020-03,수입,BMW,X7,69
2020-03,국산,기아,K3 GT,67
2020-03,국산,현대,i30,67
2020-03,수입,랜드로버,Discovery,66
2020-03,수입,푸조,508,65
2020-03,수입,지프,Cherokee,63
2020-03,수입,포드,Mustang,63
2020-03,수입,랜드로버,Range Rover Sport,62
2020-03,수입,BMW,Z4,61
2020-03,수입,링컨,Nautilus,60
2020-03,수입,링컨,Aviator,59
2020-03,수입,인피니티,QX50,57
2020-03,수입,BMW,X2,56
2020-03,수입,테슬라,Model S,55
2020-03,수입,토요타,Prius,52
2020-03,수입,폭스바겐,Touareg,50
2020-03,수입,랜드로버,Range Rover,49
2020-03,수입,재규어,F-Pace,45
2020-03,수입,렉서스,UX,44
2020-03,수입,링컨,MKZ,43
2020-03,수입,렉서스,NX,41
2020-03,수입,볼보,V90 Cross Country,33
2020-03,수입,토요타,Avalon,33
2020-03,수입,토요타,Prius C,30
2020-03,수입,테슬라,Model X,29
2020-03,수입,시트로엥,C4 Cactus,28
2020-03,수입,링컨,Continental,27
2020-03,수입,마세라티,Levante,27
2020-03,수입,벤츠,Maybach S-Class,27
2020-03,수입,포드,Mondeo,26
2020-03,수입,BMW,2 Series,24
2020-03,국산,르노코리아,트위지,23
2020-03,국산,쉐보레,카마로,22
2020-03,수입,BMW,2 Series Active Tourer,22
2020-03,수입,BMW,M2,22
2020-03,수입,DS,DS7 Crossback,22
2020-03,수입,캐딜락,XT6,22
2020-03,수입,BMW,M5,21
2020-03,수입,BMW,i3,21
2020-03,수입,혼다,HR-V,21
2020-03,수입,아우디,A3,20
2020-03,수입,캐딜락,XT5,19
2020-03,수입,BMW,i8,18
2020-03,수입,람보르기니,Urus,18
2020-03,수입,시트로엥,C3 Aircross,18
2020-03,수입,시트로엥,Grand C4 Spacetourer,18
2020-03,수입,벤틀리,Bentayga,17
2020-03,수입,토요타,Sienna,16
2020-03,수입,포르쉐,718 Cayman,16
2020-03,수입,마세라티,Quattroporte,15
2020-03,수입,아우디,Q7,14
2020-03,수입,재규어,E-Pace,13
2020-03,수입,미니,Convertible,11
2020-03,수입,BMW,8 Series,10
2020-03,수입,렉서스,LS,10
2020-03,수입,마세라티,Ghibli,10
2020-03,수입,시트로엥,C5 Aircross,9
2020-03,수입,캐딜락,Escalade,9
2020-03,수입,BMW,M4,8
2020-03,수입,포르쉐,718 Boxster,8
2020-03,수입,푸조,308,8
2020-03,수입,혼다,CR-V Turbo,8
2020-03,수입,혼다,Odyssey,8
2020-03,수입,BMW,X3 M,7
2020-03,수입,인피니티,QX60,7
2020-03,수입,푸조,508 SW,7
2020-03,수입,재규어,XJ,6
2020-03,수입,재규어,I-Pace,5
2020-03,수입,토요타,GR SUPRA,5
2020-03,수입,혼다,Civic Sport,5
2020-03,수입,BMW,X4 M,4
2020-03,수입,람보르기니,Aventador,4
2020-03,수입,렉서스,CT,4
2020-03,수입,롤스로이스,Cullinan,4
2020-03,수입,토요타,86,4
2020-03,수입,닛산,Maxima,3
2020-03,수입,벤츠,SLC-Class,3
2020-03,수입,재규어,F-Type,3
2020-03,수입,포르쉐,Cayenne,3
2020-03,수입,DS,DS3 Crossback,2
2020-03,수입,렉서스,LC,2
2020-03,수입,롤스로이스,Ghost Series II,2
2020-03,수입,롤스로이스,Phantom,2
2020-03,수입,벤츠,EQC,2
2020-03,수입,벤츠,GLS-Class,2
2020-03,수입,푸조,2008,2
2020-03,수입,BMW,M8,1
2020-03,수입,렉서스,IS,1
2020-03,수입,벤츠,GLA-Class,1
2020-03,수입,인피니티,Q60,1
2020-03,수입,재규어,XF,1
2020-03,수입,토요타,Prius Prime,1
2020-04,국산,현대,그랜저,15000
2020-04,국산,기아,쏘렌토,9270
2020-04,국산,현대,아반떼,8249
2020-04,국산,기아,K5,7953
2020-04,국산,현대,포터2,7570
2020-04,국산,르노코리아,XM3,6276
2020-04,국산,현대,팰리세이드,5873
2020-04,국산,기아,셀토스,5597
2020-04,국산,기아,봉고 3,5459
2020-04,국산,기아,K7,4772
2020-04,국산,제네시스,G80,4416
2020-04,국산,제네시스,GV80,4324
2020-04,국산,현대,코나,4288
2020-04,국산,현대,쏘나타,3934
2020-04,국산,르노코리아,QM6,3576
2020-04,국산,현대,싼타페,3468
2020-04,국산,현대,그랜드 스타렉스,3075
2020-04,국산,기아,모닝,2960
2020-04,국산,기아,K3,2541
2020-04,국산,기아,니로,2300
2020-04,국산,기아,레이,2212
2020-04,수입,벤츠,E-Class,2193
2020-04,국산,기아,모하비,2143
2020-04,국산,쉐보레,스파크,2131
2020-04,국산,기아,카니발,2063
2020-04,국산,현대,베뉴,1974
2020-04,수입,BMW,5 Series,1953
2020-04,국산,현대,버스/트럭 (현대),1948
2020-04,국산,쉐보레,트레일블레이저,1757
2020-04,국산,기아,스포티지,1749
2020-04,국산,현대,투싼,1718
2020-04,국산,KGM,렉스턴 스포츠,1496
2020-04,국산,현대,쏘나타 뉴 라이즈,1451
2020-04,국산,KGM,코란도,1429
2020-04,국산,KGM,티볼리,1409
2020-04,수입,폭스바겐,Tiguan,1316
2020-04,국산,KGM,렉스턴 스포츠 칸,1008
2020-04,수입,벤츠,GLC-Class,1003
2020-04,수입,아우디,A6,962
2020-04,국산,제네시스,G70,826
2020-04,국산,현대,넥쏘,795
2020-04,국산,르노코리아,SM6,757
2020-04,수입,BMW,3 Series,743
2020-04,수입,벤츠,C-Class,713
2020-04,수입,벤츠,CLA-Class,706
2020-04,국산,KGM,G4 렉스턴,675
2020-04,수입,벤츠,CLS-Class,671
2020-04,국산,제네시스,G90,651
2020-04,국산,쉐보레,트랙스,645
2020-04,국산,쉐보레,말리부,624
2020-04,수입,벤츠,S-Class,581
2020-04,수입,벤츠,A-Class,576
2020-04,수입,포르쉐,Cayenne,565
2020-04,국산,현대,아이오닉,555
2020-04,수입,포드,Explorer,548
2020-04,국산,기아,K9,545
2020-04,수입,미니,Hatch,456
2020-04,국산,쉐보레,콜로라도,394
2020-04,국산,기아,스토닉,357
2020-04,국산,현대,마이티,350
2020-04,국산,쉐보레,볼트 EV,308
2020-04,수입,BMW,X3,298
2020-04,수입,BMW,X4,294
2020-04,수입,볼보,XC60,292
2020-04,수입,BMW,6 Series,291
2020-04,수입,렉서스,ES,282
2020-04,수입,아우디,A7,282
2020-04,수입,지프,Wrangler,268
2020-04,국산,쉐보레,트래버스,263
2020-04,수입,아우디,Q8,262
2020-04,수입,BMW,X5,251
2020-04,국산,쉐보레,라보,244
2020-04,수입,미니,Countryman,240
2020-04,수입,벤츠,AMG GT,232
2020-04,수입,BMW,7 Series,230
2020-04,국산,르노코리아,마스터,221
2020-04,국산,쉐보레,다마스,217
2020-04,수입,포르쉐,Panamera,211
2020-04,수입,혼다,Accord,209
2020-04,수입,미니,Clubman,202
2020-04,수입,볼보,XC40,199
2020-04,수입,닛산,Altima,194
2020-04,국산,현대,카운티,193
2020-04,수입,BMW,X7,190
2020-04,국산,기아,스팅어,189
2020-04,수입,볼보,V60 Cross Country,189
2020-04,수입,아우디,A5,171
2020-04,수입,아우디,Q7,171
2020-04,수입,볼보,S60,155
2020-04,수입,포르쉐,911,154
2020-04,수입,BMW,4 Series,151
2020-04,국산,르노코리아,SM3 Z.E.,139
2020-04,수입,BMW,X1,138
2020-04,수입,BMW,X6,136
2020-04,수입,볼보,XC90,130
2020-04,수입,볼보,S90,122
2020-04,국산,기아,쏘울,120
2020-04,국산,현대,벨로스터,116
2020-04,국산,쉐보레,이쿼녹스,112
2020-04,국산,현대,벨로스터 N,112
2020-04,수입,아우디,A4,112
2020-04,국산,현대,쏠라티,111
2020-04,수입,토요타,RAV4,107
2020-04,수입,지프,Grand Cherokee,102
2020-04,수입,BMW,1 Series,97
2020-04,수입,지프,Cherokee,96
2020-04,수입,캐딜락,CT6,96
2020-04,수입,지프,Renegade,94
2020-04,수입,토요타,Camry,88
2020-04,수입,아우디,A3,83
2020-04,수입,포르쉐,Macan,83
2020-04,수입,푸조,3008,79
2020-04,수입,링컨,Nautilus,72
2020-04,국산,기아,K3 GT,68
2020-04,수입,BMW,X2,68
2020-04,수입,포드,Mustang,67
2020-04,수입,랜드로버,Discovery Sport,65
2020-04,수입,렉서스,RX,64
2020-04,수입,푸조,5008,64
2020-04,국산,기아,버스/특수 (기아),63
2020-04,수입,랜드로버,Discovery,55
2020-04,수입,BMW,2 Series,54
2020-04,수입,렉서스,UX,51
2020-04,수입,BMW,Z4,50
2020-04,수입,랜드로버,Range Rover Sport,50
2020-04,수입,링컨,Aviator,50
2020-04,수입,인피니티,QX50,50
2020-04,수입,렉서스,NX,48
2020-04,국산,현대,i30,45
2020-04,수입,마세라티,Levante,44
2020-04,수입,랜드로버,Range Rover Evoque,43
2020-04,수입,링컨,MKZ,41
2020-04,수입,볼보,V90 Cross Country,41
2020-04,수입,벤츠,GLE-Class,40
2020-04,수입,BMW,2 Series Active Tourer,39
2020-04,수입,BMW,8 Series,38
2020-04,수입,랜드로버,Range Rover Velar,38
2020-04,수입,링컨,Continental,37
2020-04,수입,토요타,Avalon,35
2020-04,수입,토요타,Prius,35
2020-04,수입,푸조,508,33
2020-04,수입,랜드로버,Range Rover,30
2020-04,수입,시트로엥,C3 Aircross,30
2020-04,수입,폭스바겐,Touareg,28
2020-04,국산,르노코리아,트위지,27
2020-04,수입,람보르기니,Urus,25
2020-04,수입,토요타,Prius C,22
2020-04,수입,마세라티,Ghibli,21
2020-04,수입,BMW,i3,20
2020-04,국산,르노코리아,캡처,19
2020-04,수입,BMW,M4,19
2020-04,수입,벤츠,Maybach S-Class,19
2020-04,수입,벤틀리,Bentayga,17
2020-04,수입,BMW,M5,16
2020-04,수입,캐딜락,XT6,16
2020-04,수입,포드,Mondeo,16
2020-04,수입,BMW,M2,14
2020-04,수입,BMW,X4 M,14
2020-04,수입,마세라티,Quattroporte,14
2020-04,수입,렉서스,LS,13
2020-04,수입,재규어,F-Pace,13
2020-04,수입,재규어,XF,13
2020-04,수입,재규어,E-Pace,12
2020-04,수입,캐딜락,Escalade,12
2020-04,국산,쉐보레,카마로,11
2020-04,수입,시트로엥,C5 Aircross,11
2020-04,수입,캐딜락,XT5,11
2020-04,수입,토요타,Sienna,11
2020-04,수입,혼다,Odyssey,11
2020-04,수입,BMW,X3 M,10
2020-04,수입,미니,Convertible,10
2020-04,수입,벤츠,EQC,10
2020-04,수입,DS,DS7 Crossback,9
2020-04,수입,링컨,Corsair,7
2020-04,수입,혼다,HR-V,7
2020-04,수입,BMW,M8,6
2020-04,수입,시트로엥,C4 Cactus,6
2020-04,수입,시트로엥,Grand C4 Spacetourer,6
2020-04,수입,재규어,XJ,6
2020-04,수입,푸조,508 SW,6
2020-04,수입,닛산,New  Leaf,5
2020-04,수입,인피니티,QX60,5
2020-04,수입,토요타,GR SUPRA,5
2020-04,수입,포르쉐,718 Cayman,5
2020-04,수입,롤스로이스,Cullinan,4
2020-04,수입,토요타,Prius Prime,4
2020-04,수입,BMW,i8,3
2020-04,수입,닛산,Maxima,3
2020-04,수입,재규어,I-Pace,3
2020-04,수입,캐딜락,CTS,3
2020-04,수입,테슬라,Model X,3
2020-04,수입,렉서스,CT,2
2020-04,수입,롤스로이스,Dawn,2
2020-04,수입,롤스로이스,Ghost Series II,2
2020-04,수입,재규어,F-Type,2
2020-04,수입,테슬라,Model 3,2
2020-04,수입,토요타,86,2
2020-04,수입,혼다,CR-V Turbo,2
2020-04,수입,혼다,Civic Sport,2
2020-04,수입,DS,DS3 Crossback,1
2020-04,수입,람보르기니,Aventador,1
2020-04,수입,렉서스,IS,1
2020-04,수입,롤스로이스,Phantom,1
2020-04,수입,롤스로이스,Wraith,1
2020-04,수입,벤츠,SLC-Class,1
2020-04,수입,인피니티,Q60,1
2020-04,수입,폭스바겐,Arteon,1
2020-05,국산,현대,그랜저,13416
2020-05,국산,현대,아반떼,9382
2020-05,국산,기아,쏘렌토,9298
2020-05,국산,기아,K5,8136
2020-05,국산,제네시스,G80,7582
2020-05,국산,현대,포터2,6322
2020-05,국산,기아,봉고 3,5986
2020-05,국산,현대,싼타페,5765
2020-05,국산,기아,셀토스,5604
2020-05,국산,르노코리아,XM3,5008
2020-05,국산,기아,K7,4464
2020-05,국산,현대,쏘나타,4230
2020-05,국산,현대,팰리세이드,4177
2020-05,국산,제네시스,GV80,4164
2020-05,국산,르노코리아,QM6,3963
2020-05,국산,기아,모닝,3452
2020-05,국산,현대,그랜드 스타렉스,3245
2020-05,국산,기아,카니발,2941
2020-05,국산,현대,코나,2913
2020-05,수입,벤츠,E-Class,2794
2020-05,국산,기아,레이,2405
2020-05,국산,현대,투싼,2353
2020-05,국산,기아,니로,2227
2020-05,국산,쉐보레,스파크,2066
2020-05,국산,기아,K3,1975
2020-05,국산,KGM,코란도,1823
2020-05,국산,KGM,티볼리,1791
2020-05,국산,현대,버스/트럭 (현대),1751
2020-05,국산,KGM,렉스턴 스포츠,1737
2020-05,국산,기아,모하비,1719
2020-05,수입,BMW,5 Series,1671
2020-05,국산,현대,쏘나타 뉴 라이즈,1597
2020-05,국산,기아,스포티지,1509
2020-05,국산,현대,베뉴,1325
2020-05,수입,폭스바겐,Tiguan,1164
2020-05,국산,KGM,렉스턴 스포츠 칸,1135
2020-05,수입,아우디,A6,1115
2020-05,국산,KGM,G4 렉스턴,1089
2020-05,국산,쉐보레,트레일블레이저,956
2020-05,국산,쉐보레,말리부,823
2020-05,국산,르노코리아,SM6,740
2020-05,수입,BMW,3 Series,738
2020-05,수입,벤츠,C-Class,723
2020-05,수입,벤츠,CLS-Class,723
2020-05,국산,제네시스,G70,613
2020-05,국산,기아,K9,601
2020-05,국산,제네시스,G90,601
2020-05,수입,벤츠,A-Class,574
2020-05,수입,벤츠,S-Class,508
2020-05,국산,쉐보레,트랙스,498
2020-05,수입,미니,Hatch,493
2020-05,수입,포르쉐,Cayenne,493
2020-05,수입,렉서스,ES,482
2020-05,국산,쉐보레,콜로라도,478
2020-05,국산,르노코리아,캡처,450
2020-05,수입,포드,Explorer,446
2020-05,수입,BMW,X4,418
2020-05,국산,기아,스토닉,394
2020-05,수입,벤츠,GLE-Class,390
2020-05,국산,현대,마이티,378
2020-05,국산,쉐보레,트래버스,372
2020-05,수입,벤츠,GLC-Class,322
2020-05,수입,벤츠,CLA-Class,299
2020-05,수입,BMW,X3,298
2020-05,국산,쉐보레,다마스,290
2020-05,국산,쉐보레,라보,279
2020-05,수입,BMW,7 Series,275
2020-05,국산,현대,넥쏘,270
2020-05,수입,미니,Countryman,264
2020-05,수입,지프,Cherokee,261
2020-05,수입,포르쉐,Macan,256
2020-05,수입,아우디,A7,250
2020-05,수입,BMW,X6,246
2020-05,국산,르노코리아,마스터,239
2020-05,수입,지프,Wrangler,234
2020-05,수입,BMW,X7,229
2020-05,수입,닛산,Altima,228
2020-05,수입,미니,Clubman,220
2020-05,수입,BMW,X5,214
2020-05,수입,볼보,XC60,207
2020-05,국산,현대,카운티,200
2020-05,수입,볼보,V60 Cross Country,188
2020-05,수입,지프,Grand Cherokee,188
2020-05,수입,벤츠,AMG GT,184
2020-05,국산,기아,쏘울,183
2020-05,국산,현대,아이오닉,183
2020-05,수입,토요타,RAV4,181
2020-05,수입,볼보,S90,170
2020-05,수입,포르쉐,Panamera,169
2020-05,수입,아우디,Q8,165
2020-05,국산,기아,스팅어,164
2020-05,수입,BMW,X1,162
2020-05,수입,볼보,XC90,160
2020-05,수입,볼보,S60,157
2020-05,수입,볼보,XC40,157
2020-05,수입,아우디,Q7,153
2020-05,국산,쉐보레,이쿼녹스,144
2020-05,국산,현대,벨로스터,142
2020-05,수입,토요타,Camry,134
2020-05,수입,혼다,Accord,127
2020-05,수입,포르쉐,911,118
2020-05,수입,BMW,1 Series,109
2020-05,수입,BMW,6 Series,107
2020-05,수입,아우디,Q5,102
2020-05,수입,렉서스,UX,100
2020-05,수입,BMW,2 Series Active Tourer,96
2020-05,수입,지프,Renegade,95
2020-05,국산,르노코리아,SM3 Z.E.,92
2020-05,수입,링컨,Corsair,92
2020-05,수입,아우디,A8,89
2020-05,수입,푸조,5008,87
2020-05,수입,테슬라,Model 3,86
2020-05,국산,현대,벨로스터 N,85
2020-05,수입,렉서스,RX,83
2020-05,국산,쉐보레,볼트 EV,82
2020-05,수입,아우디,Q3,82
2020-05,국산,르노코리아,트위지,79
2020-05,수입,아우디,A5,79
2020-05,수입,BMW,4 Series,76
2020-05,수입,랜드로버,Discovery Sport,75
2020-05,수입,아우디,A4,74
2020-05,수입,링컨,Nautilus,72
2020-05,국산,현대,쏠라티,71
2020-05,국산,기아,버스 (기아),70
2020-05,수입,아우디,A3,69
2020-05,수입,캐딜락,CT6,68
2020-05,수입,푸조,3008,67
2020-05,수입,랜드로버,Range Rover Evoque,66
2020-05,수입,랜드로버,Range Rover,64
2020-05,수입,포드,Mustang,63
2020-05,수입,토요타,Avalon,58
2020-05,수입,볼보,V90 Cross Country,57
2020-05,수입,링컨,Aviator,55
2020-05,수입,인피니티,QX50,55
2020-05,수입,토요타,Prius,55
2020-05,국산,기아,K3 GT,54
2020-05,수입,BMW,X2,53
2020-05,수입,폭스바겐,Touareg,53
2020-05,수입,렉서스,NX,48
2020-05,수입,테슬라,Model X,46
2020-05,국산,현대,i30,45
2020-05,수입,테슬라,Model S,45
2020-05,수입,푸조,508,41
2020-05,수입,BMW,Z4,38
2020-05,수입,BMW,2 Series,36
2020-05,수입,토요타,Prius C,36
2020-05,수입,링컨,MKZ,35
2020-05,수입,BMW,M5,31
2020-05,수입,랜드로버,Range Rover Sport,31
2020-05,수입,랜드로버,Discovery,30
2020-05,수입,링컨,Continental,27
2020-05,수입,마세라티,Quattroporte,27
2020-05,수입,미니,Convertible,27
2020-05,수입,BMW,X4 M,26
2020-05,수입,벤츠,Maybach S-Class,25
2020-05,수입,마세라티,Levante,24
2020-05,수입,시트로엥,Grand C4 Spacetourer,24
2020-05,수입,BMW,8 Series,23
2020-05,수입,재규어,F-Pace,23
2020-05,수입,람보르기니,Urus,22
2020-05,수입,랜드로버,Range Rover Velar,21
2020-05,수입,BMW,M4,19
2020-05,수입,BMW,X3 M,19
2020-05,수입,재규어,XJ,18
2020-05,수입,지프,Compass,18
2020-05,수입,혼다,HR-V,18
2020-05,수입,혼다,Odyssey,18
2020-05,수입,토요타,Sienna,16
2020-05,수입,DS,DS7 Crossback,15
2020-05,수입,시트로엥,C5 Aircross,15
2020-05,수입,캐딜락,XT5,14
2020-05,수입,벤틀리,Bentayga,13
2020-05,수입,재규어,E-Pace,13
2020-05,수입,캐딜락,XT6,13
2020-05,수입,BMW,i3,11
2020-05,수입,캐딜락,Escalade,11
2020-05,수입,롤스로이스,Cullinan,10
2020-05,수입,마세라티,Ghibli,10
2020-05,수입,재규어,I-Pace,10
2020-05,수입,포드,Mondeo,10
2020-05,수입,람보르기니,Huracan EVO,9
2020-05,수입,렉서스,LS,9
2020-05,수입,시트로엥,C3 Aircross,9
2020-05,수입,DS,DS3 Crossback,8
2020-05,수입,재규어,XF,8
2020-05,수입,인피니티,QX60,7
2020-05,수입,BMW,M2,6
2020-05,수입,혼다,Civic Sport,6
2020-05,국산,쉐보레,카마로,4
2020-05,수입,BMW,M8,4
2020-05,수입,벤츠,SLC-Class,4
2020-05,수입,시트로엥,C4 Cactus,4
2020-05,수입,푸조,508 SW,4
2020-05,수입,렉서스,CT,3
2020-05,수입,롤스로이스,Ghost Series II,3
2020-05,수입,벤츠,EQC,3
2020-05,수입,토요타,GR SUPRA,3
2020-05,수입,푸조,308,3
2020-05,수입,BMW,X6 M,2
2020-05,수입,롤스로이스,Phantom,2
2020-05,수입,벤틀리,Continental GT,2
2020-05,수입,푸조,2008,2
2020-05,국산,쉐보레,임팔라,1
2020-05,수입,렉서스,IS,1
2020-05,수입,렉서스,LC,1
2020-05,수입,롤스로이스,Dawn,1
2020-05,수입,롤스로이스,Wraith,1
2020-05,수입,벤츠,GLA-Class,1
2020-05,수입,벤츠,GLS-Class,1
2020-05,수입,인피니티,Q60,1
2020-05,수입,재규어,F-Type,1
2020-05,수입,토요타,86,1
2020-05,수입,토요타,Prius Prime,1
2020-05,수입,포르쉐,718 Boxster,1
2020-06,국산,현대,그랜저,15688
2020-06,국산,기아,쏘렌토,11596
2020-06,국산,현대,아반떼,10875
2020-06,국산,기아,K5,10145
2020-06,국산,제네시스,G80,7905
2020-06,국산,현대,포터2,7641
2020-06,국산,현대,팰리세이드,6895
2020-06,국산,르노코리아,QM6,6237
2020-06,국산,현대,쏘나타,6188
2020-06,국산,기아,봉고 3,5793
2020-06,국산,기아,K7,5652
2020-06,국산,기아,셀토스,5536
2020-06,국산,르노코리아,XM3,5330
2020-06,국산,현대,싼타페,4901
2020-06,국산,현대,그랜드 스타렉스,4409
2020-06,수입,벤츠,E-Class,4020
2020-06,국산,제네시스,GV80,3728
2020-06,국산,기아,카니발,3286
2020-06,국산,기아,모닝,3260
2020-06,국산,현대,투싼,3115
2020-06,국산,현대,코나,3076
2020-06,국산,쉐보레,트레일블레이저,3037
2020-06,수입,테슬라,Model 3,2812
2020-06,국산,기아,K3,2787
2020-06,국산,기아,레이,2670
2020-06,국산,기아,모하비,2548
2020-06,국산,KGM,코란도,2517
2020-06,국산,KGM,티볼리,2468
2020-06,국산,기아,스포티지,2455
2020-06,국산,쉐보레,스파크,2425
2020-06,국산,기아,니로,2272
2020-06,국산,현대,베뉴,2175
2020-06,수입,아우디,A6,2061
2020-06,국산,KGM,렉스턴 스포츠,1925
2020-06,국산,현대,쏘나타 뉴 라이즈,1875
2020-06,국산,현대,버스/트럭 (현대),1782
2020-06,국산,KGM,렉스턴 스포츠 칸,1487
2020-06,수입,BMW,5 Series,1470
2020-06,국산,르노코리아,SM6,1403
2020-06,국산,KGM,G4 렉스턴,1349
2020-06,수입,폭스바겐,Tiguan,1268
2020-06,국산,쉐보레,말리부,1095
2020-06,국산,제네시스,G70,981
2020-06,수입,벤츠,C-Class,920
2020-06,국산,기아,K9,855
2020-06,국산,쉐보레,트랙스,817
2020-06,국산,제네시스,G90,701
2020-06,수입,닛산,Altima,681
2020-06,수입,렉서스,ES,661
2020-06,수입,미니,Hatch,634
2020-06,수입,벤츠,GLE-Class,628
2020-06,수입,포드,Explorer,623
2020-06,수입,포르쉐,Cayenne,592
2020-06,수입,벤츠,S-Class,575
2020-06,국산,쉐보레,트래버스,574
2020-06,수입,지프,Cherokee,531
2020-06,수입,벤츠,GLC-Class,515
2020-06,국산,기아,스토닉,502
2020-06,국산,쉐보레,콜로라도,479
2020-06,수입,BMW,6 Series,453
2020-06,수입,BMW,3 Series,451
2020-06,수입,벤츠,A-Class,436
2020-06,수입,지프,Grand Cherokee,422
2020-06,수입,벤츠,CLS-Class,365
2020-06,수입,지프,Wrangler,346
2020-06,국산,현대,마이티,337
2020-06,국산,현대,넥쏘,317
2020-06,수입,미니,Clubman,316
2020-06,국산,쉐보레,라보,309
2020-06,국산,기아,스팅어,305
2020-06,국산,르노코리아,캡처,292
2020-06,국산,쉐보레,다마스,280
2020-06,국산,현대,아이오닉,280
2020-06,수입,아우디,Q3,273
2020-06,국산,현대,벨로스터 N,267
2020-06,수입,미니,Countryman,263
2020-06,국산,현대,카운티,253
2020-06,수입,볼보,XC60,248
2020-06,수입,BMW,X1,241
2020-06,수입,토요타,RAV4,230
2020-06,수입,BMW,X4,226
2020-06,수입,토요타,Camry,213
2020-06,수입,아우디,A7,211
2020-06,국산,쉐보레,이쿼녹스,204
2020-06,국산,르노코리아,트위지,197
2020-06,수입,볼보,XC90,190
2020-06,수입,BMW,1 Series,182
2020-06,수입,볼보,S90,179
2020-06,수입,볼보,S60,175
2020-06,국산,현대,벨로스터,174
2020-06,수입,아우디,Q5,173
2020-06,수입,BMW,7 Series,172
2020-06,수입,아우디,Q7,170
2020-06,국산,기아,쏘울,166
2020-06,수입,푸조,3008,166
2020-06,수입,볼보,V60 Cross Country,154
2020-06,수입,포르쉐,Panamera,153
2020-06,수입,아우디,A4,151
2020-06,수입,아우디,A5,149
2020-06,수입,닛산,Maxima,143
2020-06,수입,랜드로버,Discovery Sport,136
2020-06,수입,BMW,2 Series Active Tourer,133
2020-06,국산,쉐보레,볼트 EV,129
2020-06,수입,BMW,X3,128
2020-06,국산,르노코리아,마스터,123
2020-06,수입,렉서스,NX,119
2020-06,수입,BMW,X7,108
2020-06,수입,렉서스,RX,107
2020-06,수입,캐딜락,CT6,106
2020-06,수입,렉서스,UX,104
2020-06,수입,포르쉐,Macan,104
2020-06,수입,푸조,5008,99
2020-06,수입,BMW,4 Series,97
2020-06,수입,BMW,X5,94
2020-06,국산,기아,K3 GT,92
2020-06,수입,볼보,XC40,91
2020-06,수입,포르쉐,911,90
2020-06,수입,링컨,Aviator,89
2020-06,수입,벤츠,EQC,89
2020-06,수입,토요타,Avalon,89
2020-06,수입,미니,Convertible,88
2020-06,수입,아우디,Q8,86
2020-06,국산,기아,버스 (기아),85
2020-06,수입,지프,Renegade,84
2020-06,수입,링컨,Nautilus,83
2020-06,수입,랜드로버,Range Rover Evoque,82
2020-06,국산,현대,쏠라티,78
2020-06,수입,토요타,Prius,77
2020-06,수입,BMW,X6,75
2020-06,수입,볼보,V90 Cross Country,73
2020-06,수입,혼다,Accord,73
2020-06,수입,인피니티,QX50,71
2020-06,수입,벤츠,AMG GT,70
2020-06,수입,푸조,508,68
2020-06,수입,시트로엥,C3 Aircross,62
2020-06,수입,링컨,MKZ,61
2020-06,수입,포드,Mustang,60
2020-06,국산,현대,i30,59
2020-06,수입,아우디,A3,55
2020-06,수입,아우디,A8,48
2020-06,국산,르노코리아,SM3 Z.E.,46
2020-06,수입,벤틀리,Continental GT,45
2020-06,수입,링컨,Continental,42
2020-06,수입,BMW,8 Series,41
2020-06,수입,벤츠,CLA-Class,41
2020-06,국산,르노코리아,더 뉴 SM6,40
2020-06,수입,폭스바겐,Touareg,40
2020-06,수입,BMW,X2,39
2020-06,수입,링컨,Corsair,39
2020-06,수입,랜드로버,Range Rover,37
2020-06,수입,BMW,2 Series,34
2020-06,수입,혼다,Odyssey,33
2020-06,수입,인피니티,QX60,30
2020-06,수입,토요타,Sienna,29
2020-06,수입,BMW,Z4,28
2020-06,수입,BMW,M5,24
2020-06,수입,마세라티,Ghibli,24
2020-06,수입,아우디,e-tron,24
2020-06,수입,캐딜락,Escalade,24
2020-06,수입,토요타,Prius C,24
2020-06,수입,랜드로버,Discovery,21
2020-06,수입,랜드로버,Range Rover Sport,21
2020-06,수입,BMW,X3 M,20
2020-06,수입,마세라티,Levante,20
2020-06,수입,마세라티,Quattroporte,19
2020-06,수입,BMW,M4,18
2020-06,수입,포드,Mondeo,18
2020-06,수입,푸조,2008,17
2020-06,수입,람보르기니,Urus,16
2020-06,수입,벤틀리,Bentayga,16
2020-06,수입,혼다,HR-V,16
2020-06,수입,시트로엥,Grand C4 Spacetourer,15
2020-06,수입,시트로엥,C5 Aircross,14
2020-06,수입,BMW,X4 M,13
2020-06,수입,재규어,E-Pace,13
2020-06,수입,랜드로버,Range Rover Velar,12
2020-06,수입,벤츠,Maybach S-Class,12
2020-06,수입,렉서스,LS,11
2020-06,수입,DS,DS3 Crossback,9
2020-06,수입,재규어,F-Pace,9
2020-06,수입,캐딜락,XT5,9
2020-06,수입,테슬라,Model S,9
2020-06,수입,BMW,M8,8
2020-06,수입,롤스로이스,Cullinan,8
2020-06,수입,시트로엥,C4 Cactus,8
2020-06,수입,재규어,XJ,8
2020-06,수입,렉서스,CT,7
2020-06,수입,혼다,Civic Sport,7
2020-06,수입,DS,DS7 Crossback,6
2020-06,수입,테슬라,Model X,6
2020-06,수입,BMW,i3,5
2020-06,수입,람보르기니,Huracan EVO,5
2020-06,수입,재규어,XE,5
2020-06,수입,BMW,M2,4
2020-06,수입,BMW,X6 M,4
2020-06,수입,롤스로이스,Ghost Series II,4
2020-06,수입,재규어,XF,4
2020-06,수입,롤스로이스,Dawn,3
2020-06,수입,재규어,I-Pace,3
2020-06,수입,렉서스,IS,2
2020-06,수입,렉서스,RC,2
2020-06,수입,롤스로이스,Wraith,2
2020-06,수입,캐딜락,XT6,2
2020-06,수입,토요타,Prius Prime,2
2020-06,수입,푸조,508 SW,2
2020-06,수입,BMW,M235i xDrive Gran Coupe,1
2020-06,수입,렉서스,LC,1
2020-06,수입,롤스로이스,Phantom,1
2020-06,수입,벤츠,SLC-Class,1
2020-06,수입,인피니티,Q60,1
2020-06,수입,재규어,F-Type,1
2020-06,수입,지프,Compass,1
2020-06,수입,토요타,86,1
2020-06,수입,포르쉐,718 Cayman,1
2020-06,수입,푸조,308,1
2020-06,수입,혼다,CR-V Turbo,1
2020-07,국산,현대,그랜저,14381
2020-07,국산,현대,아반떼,11037
2020-07,국산,기아,쏘렌토,9488
2020-07,국산,현대,포터2,9172
2020-07,국산,기아,K5,8463
2020-07,국산,제네시스,G80,6504
2020-07,국산,기아,봉고 3,6487
2020-07,국산,현대,싼타페,6252
2020-07,국산,현대,팰리세이드,6071
2020-07,국산,현대,그랜드 스타렉스,4475
2020-07,국산,기아,셀토스,3966
2020-07,국산,기아,모닝,3949
2020-07,국산,현대,쏘나타,3569
2020-07,국산,제네시스,GV80,3009
2020-07,수입,벤츠,E-Class,2954
2020-07,국산,현대,코나,2922
2020-07,국산,기아,K7,2715
2020-07,국산,르노코리아,QM6,2638
2020-07,국산,기아,레이,2540
2020-07,국산,쉐보레,트레일블레이저,2494
2020-07,국산,쉐보레,스파크,2223
2020-07,국산,기아,카니발,2119
2020-07,국산,르노코리아,XM3,1909
2020-07,국산,KGM,렉스턴 스포츠,1844
2020-07,수입,BMW,5 Series,1805
2020-07,국산,현대,투싼,1686
2020-07,국산,현대,쏘나타 뉴 라이즈,1644
2020-07,국산,기아,모하비,1632
2020-07,국산,현대,버스/트럭 (현대),1596
2020-07,국산,현대,베뉴,1554
2020-07,국산,KGM,티볼리,1535
2020-07,국산,기아,K3,1433
2020-07,국산,기아,니로,1418
2020-07,국산,KGM,코란도,1363
2020-07,국산,기아,스포티지,1272
2020-07,국산,KGM,렉스턴 스포츠 칸,1161
2020-07,국산,제네시스,G90,1117
2020-07,수입,폭스바겐,Tiguan,1034
2020-07,국산,KGM,G4 렉스턴,799
2020-07,국산,기아,K9,790
2020-07,국산,르노코리아,SM6,707
2020-07,수입,아우디,A6,706
2020-07,국산,현대,넥쏘,700
2020-07,수입,포르쉐,Cayenne,632
2020-07,수입,BMW,3 Series,518
2020-07,수입,벤츠,S-Class,511
2020-07,국산,제네시스,G70,489
2020-07,수입,렉서스,ES,475
2020-07,국산,쉐보레,말리부,450
2020-07,수입,벤츠,C-Class,444
2020-07,국산,현대,마이티,435
2020-07,국산,르노코리아,마스터,433
2020-07,국산,쉐보레,트랙스,428
2020-07,수입,포드,Explorer,402
2020-07,수입,아우디,e-tron,394
2020-07,국산,쉐보레,콜로라도,369
2020-07,국산,르노코리아,캡처,364
2020-07,국산,쉐보레,트래버스,329
2020-07,수입,아우디,Q3,315
2020-07,국산,기아,스토닉,313
2020-07,수입,벤츠,CLS-Class,308
2020-07,수입,미니,Hatch,289
2020-07,국산,쉐보레,라보,287
2020-07,국산,기아,스팅어,279
2020-07,수입,볼보,V60 Cross Country,270
2020-07,국산,현대,아이오닉,268
2020-07,수입,벤츠,GLC-Class,262
2020-07,수입,아우디,A7,262
2020-07,국산,쉐보레,다마스,244
2020-07,수입,BMW,X5,239
2020-07,수입,볼보,S60,229
2020-07,수입,아우디,Q7,213
2020-07,수입,벤츠,A-Class,194
2020-07,수입,토요타,Camry,192
2020-07,수입,토요타,RAV4,187
2020-07,수입,벤츠,GLE-Class,185
2020-07,수입,볼보,XC90,185
2020-07,국산,현대,벨로스터 N,183
2020-07,수입,BMW,X7,168
2020-07,수입,BMW,X4,167
2020-07,수입,볼보,XC60,166
2020-07,수입,지프,Renegade,159
2020-07,수입,포르쉐,Panamera,158
2020-07,수입,벤츠,EQC,151
2020-07,수입,BMW,6 Series,149
2020-07,수입,인피니티,QX50,147
2020-07,수입,미니,Countryman,142
2020-07,수입,아우디,Q5,141
2020-07,수입,미니,Clubman,134
2020-07,수입,볼보,XC40,134
2020-07,국산,르노코리아,트위지,126
2020-07,국산,르노코리아,SM3 Z.E.,124
2020-07,수입,랜드로버,Discovery Sport,116
2020-07,국산,현대,카운티,112
2020-07,수입,BMW,X1,111
2020-07,수입,렉서스,UX,101
2020-07,수입,BMW,4 Series,97
2020-07,수입,지프,Wrangler,97
2020-07,수입,BMW,7 Series,96
2020-07,수입,BMW,X6,96
2020-07,수입,아우디,A3,96
2020-07,국산,쉐보레,이쿼녹스,92
2020-07,수입,렉서스,RX,91
2020-07,수입,벤츠,AMG GT,89
2020-07,국산,기아,쏘울,83
2020-07,수입,BMW,1 Series,83
2020-07,수입,링컨,MKZ,81
2020-07,수입,벤츠,CLA-Class,80
2020-07,국산,현대,벨로스터,79
2020-07,국산,현대,쏠라티,78
2020-07,수입,지프,Grand Cherokee,76
2020-07,수입,포르쉐,Macan,73
2020-07,국산,쉐보레,볼트 EV,72
2020-07,수입,BMW,2 Series Active Tourer,70
2020-07,수입,아우디,A5,70
2020-07,수입,랜드로버,Range Rover Evoque,69
2020-07,수입,지프,Cherokee,65
2020-07,수입,혼다,Accord,65
2020-07,수입,미니,Convertible,64
2020-07,수입,포드,Mustang,64
2020-07,수입,아우디,A4,63
2020-07,수입,렉서스,NX,61
2020-07,수입,토요타,Prius,61
2020-07,수입,아우디,A8,56
2020-07,국산,기아,K3 GT,54
2020-07,수입,폭스바겐,Arteon,54
2020-07,수입,캐딜락,CT6,52
2020-07,수입,볼보,V90 Cross Country,51
2020-07,수입,포르쉐,911,51
2020-07,국산,기아,버스 (기아),49
2020-07,수입,테슬라,Model 3,49
2020-07,국산,현대,i30,48
2020-07,수입,푸조,2008,47
2020-07,수입,랜드로버,Range Rover,46
2020-07,수입,링컨,Continental,46
2020-07,수입,인피니티,QX60,46
2020-07,수입,푸조,508,42
2020-07,수입,BMW,X2,40
2020-07,수입,푸조,3008,38
2020-07,수입,혼다,CR-V,37
2020-07,수입,BMW,2 Series,36
2020-07,수입,벤츠,Maybach S-Class,36
2020-07,수입,토요타,Prius C,35
2020-07,수입,BMW,X3,34
2020-07,수입,랜드로버,Discovery,34
2020-07,수입,볼보,S90,34
2020-07,수입,아우디,Q8,34
2020-07,수입,토요타,Avalon,33
2020-07,수입,링컨,Nautilus,32
2020-07,수입,랜드로버,Range Rover Sport,31
2020-07,수입,캐딜락,XT5,30
2020-07,수입,캐딜락,XT6,30
2020-07,수입,폭스바겐,Touareg,30
2020-07,수입,마세라티,Levante,29
2020-07,수입,시트로엥,C5 Aircross,29
2020-07,수입,BMW,8 Series,27
2020-07,수입,BMW,Z4,27
2020-07,수입,마세라티,Ghibli,25
2020-07,수입,벤틀리,Bentayga,24
2020-07,수입,시트로엥,C3 Aircross,24
2020-07,수입,인피니티,Q50,22
2020-07,수입,재규어,E-Pace,22
2020-07,수입,캐딜락,Escalade,22
2020-07,수입,링컨,Aviator,21
2020-07,수입,푸조,5008,21
2020-07,수입,DS,DS3 Crossback,20
2020-07,수입,혼다,Odyssey,20
2020-07,수입,포드,Mondeo,17
2020-07,수입,벤틀리,Continental GT,16
2020-07,수입,랜드로버,Range Rover Velar,15
2020-07,수입,람보르기니,Urus,14
2020-07,수입,지프,Compass,13
2020-07,수입,BMW,X6 M,11
2020-07,수입,렉서스,LS,11
2020-07,수입,마세라티,Quattroporte,11
2020-07,수입,재규어,F-Pace,11
2020-07,수입,BMW,M4,10
2020-07,수입,테슬라,Model X,10
2020-07,수입,람보르기니,Huracan EVO,9
2020-07,수입,링컨,Corsair,9
2020-07,수입,푸조,508 SW,8
2020-07,수입,BMW,X3 M,7
2020-07,수입,렉서스,CT,7
2020-07,수입,토요타,Sienna,7
2020-07,수입,BMW,M5,6
2020-07,수입,BMW,M8,6
2020-07,수입,재규어,XJ,6
2020-07,수입,혼다,HR-V,6
2020-07,수입,롤스로이스,Cullinan,5
2020-07,수입,테슬라,Model S,5
2020-07,수입,BMW,X5 M,4
2020-07,수입,재규어,XF,4
2020-07,수입,토요타,86,4
2020-07,수입,BMW,M2,3
2020-07,수입,롤스로이스,Dawn,3
2020-07,수입,롤스로이스,Wraith,3
2020-07,수입,푸조,308,3
2020-07,수입,BMW,X4 M,2
2020-07,수입,BMW,i3,2
2020-07,수입,BMW,i8,2
2020-07,수입,렉서스,IS,2
2020-07,수입,재규어,XE,2
2020-07,수입,DS,DS7 Crossback,1
2020-07,수입,람보르기니,Aventador,1
2020-07,수입,렉서스,LC,1
2020-07,수입,롤스로이스,Ghost Series II,1
2020-07,수입,벤츠,GLS-Class,1
2020-07,수입,시트로엥,C4 Cactus,1
2020-07,수입,인피니티,Q60,1
2020-07,수입,토요타,Prius Prime,1
2020-07,수입,혼다,Civic Sport,1
2020-08,국산,현대,그랜저,10235
2020-08,국산,현대,포터2,7118
2020-08,국산,현대,싼타페,6224
2020-08,국산,기아,쏘렌토,6116
2020-08,국산,현대,아반떼,5792
2020-08,국산,기아,카니발,5622
2020-08,국산,현대,팰리세이드,4433
2020-08,국산,제네시스,G80,4100
2020-08,국산,기아,봉고 3,4018
2020-08,국산,기아,K5,3944
2020-08,국산,기아,모닝,3606
2020-08,국산,르노코리아,QM6,3317
2020-08,국산,기아,셀토스,3277
2020-08,국산,현대,쏘나타,3148
2020-08,수입,BMW,5 Series,2834
2020-08,국산,기아,레이,2518
2020-08,수입,벤츠,E-Class,2357
2020-08,국산,쉐보레,스파크,2244
2020-08,국산,기아,K7,2172
2020-08,국산,현대,그랜드 스타렉스,1951
2020-08,국산,KGM,티볼리,1901
2020-08,국산,제네시스,GV80,1810
2020-08,국산,쉐보레,트레일블레이저,1780
2020-08,국산,르노코리아,XM3,1717
2020-08,국산,KGM,렉스턴 스포츠,1679
2020-08,국산,현대,투싼,1664
2020-08,국산,현대,코나,1574
2020-08,국산,기아,K3,1571
2020-08,국산,기아,니로,1498
2020-08,국산,기아,스포티지,1472
2020-08,국산,현대,쏘나타 뉴 라이즈,1447
2020-08,국산,KGM,코란도,1426
2020-08,국산,현대,버스/트럭 (현대),1390
2020-08,국산,기아,모하비,1361
2020-08,수입,테슬라,Model 3,1248
2020-08,국산,KGM,렉스턴 스포츠 칸,1194
2020-08,국산,현대,베뉴,1029
2020-08,수입,벤츠,A-Class,870
2020-08,수입,벤츠,GLE-Class,751
2020-08,수입,BMW,3 Series,746
2020-08,수입,아우디,A6,745
2020-08,수입,BMW,X3,723
2020-08,국산,제네시스,G90,704
2020-08,국산,현대,넥쏘,675
2020-08,국산,KGM,G4 렉스턴,592
2020-08,수입,벤츠,G-Class,592
2020-08,국산,기아,K9,579
2020-08,수입,BMW,X4,572
2020-08,국산,르노코리아,SM6,562
2020-08,수입,미니,Hatch,537
2020-08,수입,BMW,X5,522
2020-08,수입,폭스바겐,Tiguan,453
2020-08,수입,렉서스,ES,452
2020-08,국산,제네시스,G70,448
2020-08,수입,벤츠,S-Class,438
2020-08,국산,쉐보레,트랙스,419
2020-08,수입,BMW,X7,407
2020-08,수입,BMW,X6,385
2020-08,국산,현대,마이티,368
2020-08,국산,쉐보레,말리부,364
2020-08,수입,포르쉐,Cayenne,362
2020-08,수입,포드,Explorer,360
2020-08,국산,기아,스토닉,355
2020-08,수입,미니,Clubman,330
2020-08,수입,벤츠,CLS-Class,325
2020-08,국산,쉐보레,트래버스,318
2020-08,수입,BMW,6 Series,312
2020-08,수입,폭스바겐,Touareg,294
2020-08,국산,쉐보레,라보,292
2020-08,국산,쉐보레,다마스,273
2020-08,국산,르노코리아,캡처,270
2020-08,국산,현대,아이오닉,264
2020-08,수입,아우디,A3,243
2020-08,수입,아우디,Q3,236
2020-08,수입,아우디,Q5,234
2020-08,수입,벤츠,C-Class,214
2020-08,국산,기아,스팅어,195
2020-08,수입,미니,Countryman,190
2020-08,수입,아우디,A7,188
2020-08,수입,토요타,Camry,184
2020-08,수입,아우디,e-tron,177
2020-08,수입,혼다,Accord,174
2020-08,수입,벤츠,CLA-Class,169
2020-08,수입,BMW,7 Series,150
2020-08,수입,지프,Renegade,144
2020-08,국산,르노코리아,마스터,142
2020-08,수입,BMW,1 Series,140
2020-08,수입,벤츠,GLC-Class,140
2020-08,수입,토요타,RAV4,135
2020-08,수입,폭스바겐,Arteon,134
2020-08,수입,지프,Wrangler,132
2020-08,수입,볼보,V60 Cross Country,124
2020-08,수입,아우디,Q7,117
2020-08,수입,지프,Grand Cherokee,103
2020-08,수입,BMW,4 Series,100
2020-08,국산,쉐보레,콜로라도,96
2020-08,수입,BMW,X1,89
2020-08,수입,렉서스,RX,87
2020-08,수입,볼보,S60,79
2020-08,수입,랜드로버,Discovery Sport,78
2020-08,수입,렉서스,NX,76
2020-08,수입,렉서스,UX,76
2020-08,수입,벤츠,Maybach S-Class,76
2020-08,수입,BMW,2 Series Active Tourer,73
2020-08,수입,링컨,MKZ,73
2020-08,국산,쉐보레,이쿼녹스,71
2020-08,국산,기아,쏘울,69
2020-08,수입,포르쉐,Panamera,68
2020-08,국산,현대,i30,66
2020-08,수입,푸조,2008,64
2020-08,수입,포드,Mustang,62
2020-08,국산,기아,K3 GT,60
2020-08,국산,현대,벨로스터,58
2020-08,수입,포르쉐,718 Boxster,57
2020-08,국산,현대,쏠라티,55
2020-08,수입,랜드로버,Range Rover Evoque,53
2020-08,수입,미니,Convertible,50
2020-08,수입,볼보,XC40,50
2020-08,수입,토요타,Prius,50
2020-08,국산,르노코리아,트위지,48
2020-08,수입,푸조,3008,48
2020-08,수입,랜드로버,Discovery,44
2020-08,수입,벤츠,AMG GT,44
2020-08,수입,벤츠,EQC,44
2020-08,수입,BMW,2 Series,42
2020-08,수입,아우디,A8,42
2020-08,수입,테슬라,Model X,42
2020-08,수입,푸조,508,42
2020-08,수입,푸조,e-208,42
2020-08,국산,쉐보레,볼트 EV,41
2020-08,수입,랜드로버,Range Rover,41
2020-08,국산,르노코리아,SM3 Z.E.,40
2020-08,국산,현대,벨로스터 N,37
2020-08,수입,볼보,V90 Cross Country,36
2020-08,수입,포르쉐,911,35
2020-08,수입,마세라티,Levante,34
2020-08,수입,혼다,CR-V,34
2020-08,수입,링컨,Continental,33
2020-08,수입,캐딜락,Escalade,33
2020-08,수입,마세라티,Ghibli,32
2020-08,수입,혼다,Odyssey,32
2020-08,국산,기아,버스 (기아),30
2020-08,수입,시트로엥,C5 Aircross,29
2020-08,수입,테슬라,Model S,29
2020-08,수입,아우디,Q8,28
2020-08,수입,포르쉐,Macan,28
2020-08,수입,BMW,X6 M,27
2020-08,수입,BMW,Z4,27
2020-08,수입,캐딜락,CT6,27
2020-08,수입,BMW,X2,26
2020-08,수입,람보르기니,Urus,26
2020-08,수입,랜드로버,Defender,26
2020-08,수입,랜드로버,Range Rover Sport,26
2020-08,수입,토요타,Avalon,24
2020-08,수입,지프,Cherokee,23
2020-08,수입,캐딜락,XT5,23
2020-08,수입,시트로엥,C3 Aircross,21
2020-08,수입,토요타,Prius C,21
2020-08,수입,인피니티,QX50,18
2020-08,수입,토요타,Sienna,18
2020-08,수입,볼보,XC60,16
2020-08,수입,볼보,XC90,16
2020-08,수입,재규어,E-Pace,16
2020-08,수입,푸조,5008,16
2020-08,수입,BMW,8 Series,15
2020-08,수입,링컨,Aviator,15
2020-08,수입,볼보,S90,15
2020-08,수입,재규어,F-Pace,15
2020-08,수입,재규어,XJ,15
2020-08,수입,포드,Mondeo,15
2020-08,수입,BMW,M4,14
2020-08,수입,BMW,M5,14
2020-08,수입,인피니티,QX60,14
2020-08,수입,벤틀리,Continental GT,13
2020-08,수입,랜드로버,Range Rover Velar,12
2020-08,수입,링컨,Corsair,12
2020-08,수입,BMW,X5 M,11
2020-08,수입,링컨,Nautilus,11
2020-08,수입,BMW,i3,10
2020-08,수입,벤츠,GLS-Class,9
2020-08,수입,벤틀리,Bentayga,9
2020-08,국산,르노코리아,조에,8
2020-08,수입,BMW,M2,8
2020-08,수입,DS,DS3 Crossback,8
2020-08,수입,롤스로이스,Cullinan,8
2020-08,수입,마세라티,Quattroporte,8
2020-08,수입,람보르기니,Huracan EVO,7
2020-08,수입,렉서스,LS,7
2020-08,수입,아우디,A5,7
2020-08,수입,지프,Compass,6
2020-08,수입,캐딜락,XT6,6
2020-08,수입,아우디,A4,5
2020-08,수입,렉서스,CT,4
2020-08,수입,롤스로이스,Wraith,4
2020-08,수입,포르쉐,718 Cayman,4
2020-08,수입,푸조,508 SW,4
2020-08,수입,롤스로이스,Dawn,3
2020-08,수입,재규어,XF,3
2020-08,수입,BMW,M8,2
2020-08,수입,BMW,X3 M,2
2020-08,수입,DS,DS7 Crossback,2
2020-08,수입,인피니티,Q50,2
2020-08,수입,인피니티,Q60,2
2020-08,수입,재규어,F-Type,2
2020-08,수입,지프,Gladiator,2
2020-08,수입,BMW,X4 M,1
2020-08,수입,렉서스,RC,1
2020-08,수입,롤스로이스,Ghost Series II,1
2020-08,수입,롤스로이스,Phantom,1
2020-08,수입,벤츠,SL-Class,1
2020-08,수입,재규어,I-Pace,1
2020-08,수입,재규어,XE,1
2020-08,수입,토요타,Prius Prime,1
2020-08,수입,혼다,Civic Sport,1
2020-09,국산,현대,그랜저,11590
2020-09,국산,기아,카니발,10130
2020-09,국산,기아,쏘렌토,9151
2020-09,국산,현대,아반떼,9136
2020-09,국산,현대,포터2,8995
2020-09,국산,기아,K5,7485
2020-09,국산,기아,봉고 3,6206
2020-09,국산,제네시스,G80,6040
2020-09,국산,현대,팰리세이드,5069
2020-09,국산,현대,싼타페,4520
2020-09,국산,기아,셀토스,3882
2020-09,국산,르노코리아,QM6,3187
2020-09,국산,현대,코나,3109
2020-09,국산,현대,쏘나타,3074
2020-09,국산,제네시스,GV80,2918
2020-09,국산,현대,그랜드 스타렉스,2820
2020-09,국산,쉐보레,스파크,2689
2020-09,수입,벤츠,E-Class,2511
2020-09,국산,기아,모닝,2437
2020-09,국산,기아,K7,2344
2020-09,국산,기아,레이,2294
2020-09,국산,현대,투싼,2196
2020-09,국산,KGM,티볼리,1905
2020-09,수입,테슬라,Model 3,1833
2020-09,국산,KGM,코란도,1792
2020-09,국산,르노코리아,XM3,1729
2020-09,국산,KGM,렉스턴 스포츠,1716
2020-09,국산,기아,니로,1661
2020-09,국산,기아,K3,1648
2020-09,국산,쉐보레,트레일블레이저,1593
2020-09,국산,현대,베뉴,1575
2020-09,국산,현대,버스/트럭 (현대),1562
2020-09,국산,현대,쏘나타 뉴 라이즈,1515
2020-09,국산,KGM,G4 렉스턴,1511
2020-09,국산,기아,모하비,1288
2020-09,국산,KGM,렉스턴 스포츠 칸,1284
2020-09,국산,기아,스포티지,1263
2020-09,수입,BMW,5 Series,1253
2020-09,수입,아우디,A6,1250
2020-09,수입,BMW,3 Series,1005
2020-09,국산,제네시스,G90,882
2020-09,수입,폭스바겐,Tiguan,644
2020-09,수입,BMW,X5,597
2020-09,수입,미니,Hatch,583
2020-09,수입,벤츠,A-Class,583
2020-09,국산,기아,K9,556
2020-09,수입,BMW,X3,532
2020-09,수입,포드,Explorer,530
2020-09,수입,벤츠,S-Class,525
2020-09,수입,벤츠,GLE-Class,506
2020-09,수입,벤츠,GLA-Class,467
2020-09,국산,기아,스팅어,466
2020-09,국산,현대,넥쏘,461
2020-09,국산,제네시스,G70,451
2020-09,수입,벤츠,C-Class,441
2020-09,수입,렉서스,ES,439
2020-09,국산,쉐보레,트랙스,426
2020-09,국산,현대,마이티,409
2020-09,국산,르노코리아,SM6,403
2020-09,수입,BMW,X6,353
2020-09,수입,볼보,S90,352
2020-09,수입,BMW,X4,348
2020-09,수입,지프,Wrangler,344
2020-09,국산,쉐보레,말리부,325
2020-09,수입,BMW,X7,306
2020-09,수입,아우디,Q3,305
2020-09,수입,아우디,Q5,305
2020-09,국산,쉐보레,트래버스,279
2020-09,수입,벤츠,GLB-Class,279
2020-09,국산,쉐보레,라보,262
2020-09,국산,기아,스토닉,258
2020-09,국산,쉐보레,다마스,258
2020-09,수입,볼보,V60 Cross Country,258
2020-09,수입,BMW,4 Series,243
2020-09,수입,미니,Clubman,241
2020-09,국산,현대,아이오닉,233
2020-09,국산,르노코리아,캡처,226
2020-09,수입,링컨,Aviator,220
2020-09,수입,아우디,A7,220
2020-09,수입,미니,Countryman,216
2020-09,국산,현대,벨로스터 N,212
2020-09,수입,벤츠,CLS-Class,212
2020-09,수입,토요타,Camry,211
2020-09,수입,포르쉐,Cayenne,207
2020-09,수입,볼보,XC40,182
2020-09,수입,폭스바겐,Arteon,174
2020-09,수입,지프,Renegade,173
2020-09,수입,지프,Cherokee,167
2020-09,수입,토요타,RAV4,157
2020-09,수입,혼다,Accord,156
2020-09,국산,르노코리아,마스터,152
2020-09,수입,아우디,A3,150
2020-09,수입,벤츠,CLA-Class,149
2020-09,수입,지프,Grand Cherokee,146
2020-09,수입,테슬라,Model X,142
2020-09,수입,BMW,6 Series,136
2020-09,수입,벤츠,G-Class,132
2020-09,국산,현대,카운티,130
2020-09,수입,아우디,Q2,129
2020-09,국산,르노코리아,조에,128
2020-09,국산,쉐보레,콜로라도,124
2020-09,수입,포드,Mustang,114
2020-09,수입,포르쉐,Macan,103
2020-09,수입,렉서스,RX,100
2020-09,수입,포르쉐,718 Boxster,93
2020-09,수입,BMW,X1,90
2020-09,수입,렉서스,UX,90
2020-09,국산,현대,벨로스터,86
2020-09,수입,링컨,MKZ,86
2020-09,수입,랜드로버,Defender,84
2020-09,수입,아우디,Q8,82
2020-09,수입,BMW,7 Series,81
2020-09,수입,랜드로버,Range Rover Evoque,81
2020-09,수입,테슬라,Model S,81
2020-09,수입,푸조,2008,80
2020-09,수입,BMW,1 Series,79
2020-09,국산,쉐보레,이쿼녹스,78
2020-09,국산,기아,쏘울,74
2020-09,국산,현대,i30,70
2020-09,국산,르노코리아,트위지,69
2020-09,수입,미니,Convertible,68
2020-09,수입,BMW,2 Series Active Tourer,65
2020-09,국산,쉐보레,볼트 EV,64
2020-09,수입,렉서스,NX,59
2020-09,수입,푸조,3008,58
2020-09,수입,토요타,Prius,56
2020-09,수입,혼다,CR-V,56
2020-09,수입,폭스바겐,Touareg,54
2020-09,수입,랜드로버,Discovery Sport,53
2020-09,수입,링컨,Corsair,51
2020-09,수입,벤츠,Maybach S-Class,51
2020-09,수입,랜드로버,Discovery,50
2020-09,국산,기아,K3 GT,45
2020-09,수입,토요타,Avalon,44
2020-09,수입,아우디,Q7,43
2020-09,수입,링컨,Continental,42
2020-09,수입,랜드로버,Range Rover,41
2020-09,국산,르노코리아,SM3 Z.E.,40
2020-09,수입,랜드로버,Range Rover Sport,37
2020-09,수입,포르쉐,Panamera,37
2020-09,수입,벤츠,GLC-Class,35
2020-09,수입,푸조,e-208,34
2020-09,수입,마세라티,Levante,31
2020-09,수입,혼다,Odyssey,31
2020-09,수입,벤츠,GLS-Class,29
2020-09,수입,BMW,8 Series,28
2020-09,수입,BMW,X2,28
2020-09,수입,아우디,A8,28
2020-09,수입,푸조,5008,28
2020-09,국산,현대,쏠라티,27
2020-09,수입,람보르기니,Urus,27
2020-09,수입,마세라티,Ghibli,26
2020-09,수입,캐딜락,CT5,26
2020-09,수입,토요타,Prius C,25
2020-09,국산,기아,버스 (기아),23
2020-09,수입,벤츠,EQC,23
2020-09,수입,캐딜락,Escalade,23
2020-09,수입,푸조,508,23
2020-09,수입,랜드로버,Range Rover Velar,22
2020-09,수입,캐딜락,CT6,22
2020-09,수입,지프,Gladiator,21
2020-09,수입,BMW,X3 M,20
2020-09,수입,BMW,X4 M,16
2020-09,수입,BMW,X6 M,16
2020-09,수입,포르쉐,718 Cayman,16
2020-09,수입,BMW,M4,15
2020-09,수입,벤츠,AMG GT,15
2020-09,수입,포드,Mondeo,15
2020-09,수입,포르쉐,911,15
2020-09,수입,BMW,X5 M,14
2020-09,수입,재규어,E-Pace,13
2020-09,수입,BMW,Z4,12
2020-09,수입,벤틀리,Continental GT,12
2020-09,수입,재규어,F-Pace,12
2020-09,수입,BMW,M5,11
2020-09,수입,BMW,i3,11
2020-09,수입,마세라티,Quattroporte,11
2020-09,수입,캐딜락,CT4,11
2020-09,수입,재규어,I-Pace,10
2020-09,수입,캐딜락,XT5,10
2020-09,수입,토요타,Sienna,10
2020-09,수입,DS,DS7 Crossback,9
2020-09,수입,렉서스,LS,9
2020-09,수입,BMW,2 Series,8
2020-09,수입,시트로엥,C4 Cactus,8
2020-09,수입,캐딜락,XT6,8
2020-09,수입,푸조,308,8
2020-09,수입,람보르기니,Huracan EVO,6
2020-09,수입,시트로엥,Grand C4 Spacetourer,6
2020-09,수입,아우디,A5,6
2020-09,수입,아우디,e-tron,6
2020-09,수입,토요타,Prius Prime,6
2020-09,수입,BMW,M8,5
2020-09,수입,시트로엥,C3 Aircross,5
2020-09,수입,롤스로이스,Wraith,4
2020-09,수입,링컨,Nautilus,4
2020-09,수입,아우디,A4,4
2020-09,수입,푸조,508 SW,4
2020-09,수입,BMW,M2,3
2020-09,수입,롤스로이스,Dawn,3
2020-09,수입,볼보,S60,3
2020-09,수입,볼보,V90 Cross Country,3
2020-09,수입,시트로엥,C5 Aircross,3
2020-09,수입,재규어,F-Type,3
2020-09,수입,렉서스,CT,2
2020-09,수입,렉서스,LC,2
2020-09,수입,롤스로이스,Cullinan,2
2020-09,수입,볼보,XC60,2
2020-09,수입,재규어,XF,2
2020-09,수입,지프,Compass,2
2020-09,수입,토요타,86,2
2020-09,수입,DS,DS3 Crossback,1
2020-09,수입,람보르기니,Aventador,1
2020-09,수입,롤스로이스,Phantom,1
2020-09,수입,볼보,XC90,1
2020-09,수입,인피니티,Q50,1
2020-09,수입,인피니티,QX50,1
2020-09,수입,재규어,XE,1
2020-09,수입,혼다,Civic Sport,1
2020-10,국산,기아,카니발,12093
2020-10,국산,현대,그랜저,10926
2020-10,국산,현대,포터2,8523
2020-10,국산,현대,아반떼,8316
2020-10,국산,기아,쏘렌토,7261
2020-10,국산,현대,팰리세이드,6514
2020-10,국산,기아,봉고 3,5911
2020-10,국산,기아,K5,5459
2020-10,국산,제네시스,G80,5268
2020-10,국산,르노코리아,QM6,4323
2020-10,국산,현대,싼타페,4003
2020-10,국산,현대,쏘나타,3928
2020-10,국산,기아,셀토스,3344
2020-10,국산,현대,그랜드 스타렉스,3254
2020-10,국산,현대,투싼,3063
2020-10,국산,제네시스,GV80,2743
2020-10,국산,기아,모닝,2593
2020-10,국산,쉐보레,스파크,2582
2020-10,국산,기아,레이,2501
2020-10,국산,르노코리아,XM3,2034
2020-10,국산,현대,버스/트럭 (현대),1922
2020-10,국산,기아,K7,1844
2020-10,수입,벤츠,E-Class,1827
2020-10,국산,현대,코나,1793
2020-10,국산,쉐보레,트레일블레이저,1774
2020-10,국산,KGM,렉스턴 스포츠,1770
2020-10,국산,현대,쏘나타 뉴 라이즈,1742
2020-10,수입,BMW,5 Series,1741
2020-10,국산,KGM,코란도,1687
2020-10,국산,KGM,티볼리,1558
2020-10,수입,아우디,A6,1537
2020-10,수입,폭스바겐,Tiguan,1530
2020-10,국산,기아,K3,1445
2020-10,국산,기아,스포티지,1425
2020-10,국산,기아,모하비,1370
2020-10,국산,기아,니로,1334
2020-10,수입,벤츠,GLC-Class,1236
2020-10,국산,KGM,렉스턴 스포츠 칸,1223
2020-10,수입,BMW,3 Series,1127
2020-10,수입,볼보,XC40,1018
2020-10,국산,현대,베뉴,1015
2020-10,국산,제네시스,G90,915
2020-10,수입,벤츠,GLB-Class,869
2020-10,국산,KGM,티볼리 에어,819
2020-10,국산,현대,넥쏘,640
2020-10,수입,벤츠,GLA-Class,585
2020-10,수입,벤츠,S-Class,580
2020-10,국산,기아,K9,567
2020-10,국산,KGM,G4 렉스턴,555
2020-10,수입,렉서스,ES,547
2020-10,국산,쉐보레,말리부,540
2020-10,국산,쉐보레,콜로라도,515
2020-10,국산,쉐보레,트랙스,505
2020-10,국산,기아,스팅어,480
2020-10,수입,BMW,X7,466
2020-10,수입,미니,Hatch,464
2020-10,수입,포드,Explorer,445
2020-10,수입,폭스바겐,Arteon,398
2020-10,국산,르노코리아,SM6,390
2020-10,수입,벤츠,A-Class,388
2020-10,수입,지프,Cherokee,383
2020-10,국산,쉐보레,라보,351
2020-10,수입,벤츠,GLE-Class,334
2020-10,수입,BMW,X5,323
2020-10,국산,쉐보레,트래버스,301
2020-10,국산,쉐보레,다마스,292
2020-10,수입,BMW,6 Series,292
2020-10,수입,지프,Renegade,283
2020-10,수입,BMW,X6,282
2020-10,수입,아우디,Q5,282
2020-10,수입,토요타,Camry,248
2020-10,수입,링컨,Aviator,243
2020-10,국산,현대,아이오닉,234
2020-10,국산,제네시스,G70,233
2020-10,국산,기아,스토닉,217
2020-10,수입,벤츠,C-Class,208
2020-10,수입,아우디,Q3,205
2020-10,국산,현대,마이티,203
2020-10,수입,토요타,RAV4,202
2020-10,수입,미니,Countryman,201
2020-10,수입,BMW,7 Series,198
2020-10,수입,혼다,Accord,191
2020-10,국산,르노코리아,캡처,189
2020-10,수입,아우디,A7,188
2020-10,수입,볼보,S60,178
2020-10,수입,BMW,X1,176
2020-10,수입,벤츠,CLA-Class,172
2020-10,수입,미니,Clubman,163
2020-10,수입,볼보,V60 Cross Country,159
2020-10,수입,지프,Grand Cherokee,157
2020-10,국산,쉐보레,이쿼녹스,150
2020-10,수입,링컨,Corsair,147
2020-10,수입,아우디,A4,146
2020-10,국산,현대,카운티,135
2020-10,수입,BMW,4 Series,133
2020-10,수입,벤츠,CLS-Class,131
2020-10,국산,현대,벨로스터 N,129
2020-10,국산,르노코리아,마스터,120
2020-10,수입,렉서스,NX,114
2020-10,수입,랜드로버,Discovery Sport,112
2020-10,수입,BMW,1 Series,107
2020-10,수입,렉서스,UX,101
2020-10,수입,렉서스,RX,98
2020-10,수입,포르쉐,Cayenne,93
2020-10,수입,아우디,A5,90
2020-10,수입,벤츠,AMG GT,88
2020-10,수입,푸조,2008,88
2020-10,수입,볼보,S90,85
2020-10,수입,벤츠,G-Class,84
2020-10,국산,현대,벨로스터,78
2020-10,국산,기아,쏘울,75
2020-10,수입,BMW,X3,75
2020-10,수입,혼다,CR-V,75
2020-10,수입,BMW,2 Series Active Tourer,70
2020-10,수입,포르쉐,911,67
2020-10,수입,미니,Convertible,62
2020-10,국산,기아,K3 GT,59
2020-10,수입,테슬라,Model 3,56
2020-10,국산,현대,쏠라티,55
2020-10,수입,토요타,Prius,55
2020-10,국산,쉐보레,볼트 EV,54
2020-10,수입,링컨,MKZ,54
2020-10,수입,BMW,2 Series,51
2020-10,수입,BMW,X4,50
2020-10,수입,랜드로버,Range Rover Evoque,50
2020-10,수입,캐딜락,CT5,50
2020-10,수입,캐딜락,CT6,50
2020-10,수입,랜드로버,Range Rover,49
2020-10,수입,지프,Compass,48
2020-10,수입,지프,Wrangler,48
2020-10,수입,랜드로버,Discovery,47
2020-10,수입,BMW,8 Series,45
2020-10,수입,혼다,Odyssey,45
2020-10,수입,BMW,Z4,43
2020-10,수입,BMW,X2,42
2020-10,수입,푸조,3008,39
2020-10,국산,현대,i30,37
2020-10,국산,르노코리아,조에,36
2020-10,수입,포르쉐,718 Boxster,36
2020-10,수입,포르쉐,Macan,36
2020-10,수입,아우디,A8,32
2020-10,국산,기아,버스 (기아),31
2020-10,수입,포드,Mondeo,30
2020-10,수입,벤츠,EQC,28
2020-10,수입,아우디,Q2,28
2020-10,국산,르노코리아,SM3 Z.E.,27
2020-10,수입,마세라티,Levante,26
2020-10,수입,벤츠,GLS-Class,26
2020-10,수입,람보르기니,Urus,24
2020-10,수입,푸조,5008,24
2020-10,수입,랜드로버,Range Rover Sport,23
2020-10,수입,테슬라,Model X,23
2020-10,수입,포드,Mustang,23
2020-10,국산,르노코리아,트위지,22
2020-10,수입,마세라티,Ghibli,21
2020-10,수입,캐딜락,Escalade,21
2020-10,수입,벤츠,Maybach S-Class,20
2020-10,수입,BMW,i3,19
2020-10,수입,BMW,M2,18
2020-10,수입,지프,Gladiator,18
2020-10,수입,재규어,F-Pace,17
2020-10,수입,캐딜락,XT5,16
2020-10,수입,토요타,Avalon,16
2020-10,수입,푸조,508,16
2020-10,수입,BMW,X6 M,15
2020-10,수입,벤틀리,Continental GT,15
2020-10,수입,캐딜락,CT4,14
2020-10,수입,랜드로버,Range Rover Velar,13
2020-10,수입,토요타,Prius C,13
2020-10,수입,시트로엥,C3 Aircross,12
2020-10,수입,재규어,E-Pace,12
2020-10,수입,BMW,M5,11
2020-10,수입,랜드로버,Defender,11
2020-10,수입,마세라티,Quattroporte,11
2020-10,수입,시트로엥,Grand C4 Spacetourer,11
2020-10,수입,롤스로이스,Cullinan,10
2020-10,수입,시트로엥,C5 Aircross,10
2020-10,수입,테슬라,Model S,10
2020-10,수입,토요타,Prius Prime,10
2020-10,수입,BMW,X5 M,9
2020-10,수입,볼보,V90 Cross Country,9
2020-10,수입,아우디,Q8,9
2020-10,수입,포르쉐,718 Cayman,9
2020-10,수입,BMW,M4,8
2020-10,수입,BMW,X4 M,8
2020-10,수입,DS,DS7 Crossback,8
2020-10,수입,아우디,Q7,8
2020-10,수입,렉서스,LS,7
2020-10,수입,링컨,Nautilus,7
2020-10,수입,재규어,XF,7
2020-10,수입,토요타,Sienna,7
2020-10,수입,포르쉐,Panamera,7
2020-10,수입,BMW,M8,6
2020-10,수입,재규어,XJ,6
2020-10,수입,BMW,X3 M,5
2020-10,수입,폭스바겐,Touareg,5
2020-10,수입,푸조,e-208,5
2020-10,수입,람보르기니,Huracan EVO,4
2020-10,수입,재규어,F-Type,3
2020-10,수입,캐딜락,XT6,3
2020-10,수입,푸조,308,3
2020-10,수입,푸조,508 SW,3
2020-10,수입,DS,DS3 Crossback,2
2020-10,수입,렉서스,CT,2
2020-10,수입,롤스로이스,Dawn,2
2020-10,수입,롤스로이스,Phantom,2
2020-10,수입,링컨,Continental,2
2020-10,수입,시트로엥,C4 Cactus,2
2020-10,수입,아우디,A3,2
2020-10,수입,재규어,XE,2
2020-10,수입,토요타,86,2
2020-10,수입,렉서스,IS,1
2020-10,수입,렉서스,LC,1
2020-10,수입,롤스로이스,Wraith,1
2020-11,국산,현대,그랜저,11648
2020-11,국산,기아,카니발,9823
2020-11,국산,현대,포터2,8062
2020-11,국산,현대,투싼,7490
2020-11,국산,현대,아반떼,7477
2020-11,국산,기아,K5,7343
2020-11,국산,기아,쏘렌토,7009
2020-11,국산,현대,팰리세이드,5706
2020-11,국산,기아,봉고 3,5180
2020-11,국산,현대,싼타페,5157
2020-11,국산,제네시스,G80,5019
2020-11,국산,르노코리아,QM6,3647
2020-11,국산,기아,셀토스,3547
2020-11,국산,현대,쏘나타,3531
2020-11,수입,벤츠,E-Class,3423
2020-11,국산,제네시스,GV80,3258
2020-11,국산,기아,K7,3253
2020-11,국산,현대,그랜드 스타렉스,3047
2020-11,국산,기아,모닝,3032
2020-11,국산,기아,레이,2759
2020-11,국산,르노코리아,XM3,2295
2020-11,국산,현대,코나,2217
2020-11,수입,BMW,5 Series,2214
2020-11,국산,현대,버스/트럭 (현대),2043
2020-11,국산,쉐보레,스파크,1987
2020-11,국산,기아,K3,1901
2020-11,국산,기아,니로,1888
2020-11,국산,KGM,렉스턴 스포츠,1784
2020-11,국산,KGM,티볼리,1783
2020-11,수입,폭스바겐,Tiguan,1767
2020-11,국산,KGM,코란도,1756
2020-11,국산,KGM,렉스턴,1725
2020-11,국산,기아,모하비,1671
2020-11,국산,기아,스포티지,1658
2020-11,수입,아우디,A6,1599
2020-11,국산,현대,쏘나타 뉴 라이즈,1507
2020-11,국산,쉐보레,트레일블레이저,1325
2020-11,국산,KGM,렉스턴 스포츠 칸,1243
2020-11,국산,현대,베뉴,1189
2020-11,국산,KGM,티볼리 에어,979
2020-11,국산,제네시스,G90,925
2020-11,수입,테슬라,Model 3,841
2020-11,수입,벤츠,CLS-Class,665
2020-11,수입,렉서스,ES,648
2020-11,국산,쉐보레,트랙스,632
2020-11,국산,쉐보레,콜로라도,604
2020-11,수입,BMW,3 Series,579
2020-11,수입,포드,Explorer,574
2020-11,국산,기아,K9,572
2020-11,국산,쉐보레,말리부,567
2020-11,국산,현대,아이오닉,540
2020-11,수입,벤츠,GLC-Class,532
2020-11,수입,폭스바겐,Jetta,529
2020-11,국산,쉐보레,라보,508
2020-11,국산,르노코리아,SM6,456
2020-11,국산,쉐보레,다마스,439
2020-11,수입,벤츠,GLB-Class,437
2020-11,수입,벤츠,GLE-Class,432
2020-11,수입,미니,Hatch,430
2020-11,수입,벤츠,CLA-Class,403
2020-11,수입,BMW,X7,393
2020-11,수입,BMW,X5,384
2020-11,수입,볼보,XC60,381
2020-11,수입,폭스바겐,Arteon,378
2020-11,수입,BMW,X4,370
2020-11,수입,지프,Renegade,369
2020-11,국산,기아,스팅어,366
2020-11,국산,현대,넥쏘,365
2020-11,수입,벤츠,S-Class,354
2020-11,수입,BMW,7 Series,352
2020-11,국산,제네시스,G70,350
2020-11,수입,아우디,Q5,350
2020-11,국산,기아,스토닉,341
2020-11,수입,벤츠,GLA-Class,338
2020-11,수입,포르쉐,Cayenne,332
2020-11,수입,BMW,X6,331
2020-11,수입,링컨,Aviator,319
2020-11,수입,아우디,Q3,316
2020-11,수입,볼보,S60,314
2020-11,국산,쉐보레,트래버스,312
2020-11,국산,르노코리아,캡처,301
2020-11,수입,토요타,Camry,294
2020-11,국산,르노코리아,마스터,293
2020-11,수입,지프,Wrangler,252
2020-11,수입,BMW,6 Series,251
2020-11,수입,토요타,RAV4,250
2020-11,국산,현대,마이티,248
2020-11,수입,미니,Countryman,247
2020-11,수입,미니,Clubman,207
2020-11,수입,벤츠,A-Class,200
2020-11,수입,혼다,Accord,194
2020-11,수입,아우디,A7,183
2020-11,수입,지프,Cherokee,182
2020-11,수입,볼보,S90,154
2020-11,수입,볼보,XC40,154
2020-11,수입,랜드로버,Discovery Sport,147
2020-11,국산,쉐보레,이쿼녹스,146
2020-11,수입,혼다,CR-V,141
2020-11,수입,지프,Gladiator,135
2020-11,수입,볼보,XC90,134
2020-11,수입,아우디,A4,130
2020-11,수입,벤츠,C-Class,129
2020-11,수입,랜드로버,Discovery,124
2020-11,수입,랜드로버,Defender,123
2020-11,국산,르노코리아,트위지,121
2020-11,수입,벤츠,EQC,113
2020-11,수입,렉서스,RX,111
2020-11,국산,기아,쏘울,109
2020-11,수입,BMW,2 Series,106
2020-11,수입,아우디,A8,106
2020-11,수입,포르쉐,911,105
2020-11,수입,아우디,A5,104
2020-11,수입,BMW,X3,102
2020-11,수입,링컨,Corsair,102
2020-11,국산,현대,벨로스터 N,99
2020-11,국산,현대,카운티,95
2020-11,수입,렉서스,UX,94
2020-11,수입,렉서스,NX,86
2020-11,국산,르노코리아,SM3 Z.E.,78
2020-11,수입,테슬라,Model X,78
2020-11,수입,푸조,3008,78
2020-11,수입,테슬라,Model S,74
2020-11,수입,푸조,508,74
2020-11,수입,볼보,V90 Cross Country,72
2020-11,수입,캐딜락,CT6,72
2020-11,수입,BMW,X1,69
2020-11,수입,재규어,XF,68
2020-11,수입,랜드로버,Range Rover Evoque,66
2020-11,수입,BMW,1 Series,65
2020-11,수입,혼다,Odyssey,65
2020-11,수입,BMW,2 Series Active Tourer,63
2020-11,수입,캐딜락,Escalade,62
2020-11,수입,BMW,4 Series,61
2020-11,수입,벤츠,GLS-Class,60
2020-11,수입,BMW,Z4,59
2020-11,수입,아우디,Q2,59
2020-11,수입,볼보,V60 Cross Country,58
2020-11,수입,푸조,5008,58
2020-11,수입,미니,Convertible,56
2020-11,수입,아우디,Q8,53
2020-11,수입,벤츠,AMG GT,50
2020-11,국산,기아,K3 GT,46
2020-11,국산,현대,쏠라티,45
2020-11,수입,마세라티,Levante,45
2020-11,수입,토요타,Prius,40
2020-11,수입,링컨,MKZ,39
2020-11,수입,푸조,2008,38
2020-11,수입,벤츠,G-Class,37
2020-11,수입,재규어,F-Pace,37
2020-11,국산,쉐보레,볼트 EV,36
2020-11,수입,랜드로버,Range Rover,34
2020-11,수입,포르쉐,718 Boxster,34
2020-11,수입,BMW,8 Series,31
2020-11,수입,BMW,i3,31
2020-11,수입,랜드로버,Range Rover Sport,31
2020-11,수입,포드,Mondeo,29
2020-11,국산,기아,버스 (기아),25
2020-11,수입,BMW,M2,25
2020-11,수입,랜드로버,Range Rover Velar,25
2020-11,수입,벤틀리,Continental GT,25
2020-11,수입,BMW,X3 M,24
2020-11,수입,토요타,Prius C,24
2020-11,수입,포르쉐,Macan,24
2020-11,수입,마세라티,Ghibli,23
2020-11,수입,지프,Grand Cherokee,23
2020-11,수입,푸조,e-208,23
2020-11,수입,람보르기니,Urus,21
2020-11,국산,르노코리아,조에,16
2020-11,수입,재규어,E-Pace,16
2020-11,국산,제네시스,GV70,15
2020-11,수입,포르쉐,718 Cayman,15
2020-11,수입,BMW,X4 M,14
2020-11,수입,지프,Compass,14
2020-11,수입,캐딜락,XT5,14
2020-11,수입,벤츠,Maybach S-Class,13
2020-11,수입,BMW,X2,12
2020-11,수입,혼다,Pilot,12
2020-11,수입,시트로엥,C3 Aircross,9
2020-11,수입,토요타,Prius Prime,9
2020-11,수입,BMW,M5,8
2020-11,수입,렉서스,LS,8
2020-11,수입,롤스로이스,Cullinan,8
2020-11,수입,마세라티,Quattroporte,8
2020-11,수입,재규어,XJ,7
2020-11,수입,캐딜락,XT6,7
2020-11,수입,시트로엥,Grand C4 Spacetourer,6
2020-11,수입,아우디,Q7,6
2020-11,수입,포르쉐,Panamera,6
2020-11,수입,포르쉐,Taycan,6
2020-11,수입,람보르기니,Huracan EVO,5
2020-11,수입,시트로엥,C5 Aircross,5
2020-11,수입,캐딜락,CT5,5
2020-11,수입,토요타,Avalon,5
2020-11,수입,DS,DS7 Crossback,4
2020-11,수입,렉서스,CT,4
2020-11,수입,롤스로이스,Ghost,4
2020-11,수입,재규어,I-Pace,4
2020-11,수입,재규어,XE,4
2020-11,수입,푸조,308,4
2020-11,수입,BMW,M4,3
2020-11,수입,BMW,X6 M,3
2020-11,수입,시트로엥,C4 Cactus,3
2020-11,수입,폭스바겐,Touareg,3
2020-11,국산,현대,i30,2
2020-11,수입,링컨,Nautilus,2
2020-11,수입,재규어,F-Type,2
2020-11,수입,BMW,M8,1
2020-11,수입,롤스로이스,Dawn,1
2020-11,수입,롤스로이스,Phantom,1
2020-11,수입,롤스로이스,Wraith,1
2020-11,수입,토요타,Sienna,1
2020-11,수입,푸조,508 SW,1
2020-11,수입,혼다,Civic Sport,1
2020-12,국산,현대,그랜저,9079
2020-12,국산,현대,아반떼,8368
2020-12,국산,현대,포터2,7262
2020-12,국산,기아,카니발,7077
2020-12,국산,현대,투싼,6947
2020-12,국산,제네시스,G80,6730
2020-12,국산,현대,팰리세이드,5969
2020-12,수입,벤츠,E-Class,5922
2020-12,국산,기아,쏘렌토,5383
2020-12,국산,현대,싼타페,5318
2020-12,국산,기아,K5,5032
2020-12,국산,르노코리아,QM6,4767
2020-12,국산,기아,봉고 3,4371
2020-12,국산,제네시스,GV80,3472
2020-12,국산,쉐보레,스파크,3334
2020-12,국산,현대,그랜드 스타렉스,3101
2020-12,국산,현대,쏘나타,2947
2020-12,국산,기아,모닝,2938
2020-12,국산,기아,레이,2634
2020-12,국산,쉐보레,트레일블레이저,2376
2020-12,국산,기아,셀토스,2316
2020-12,국산,르노코리아,XM3,2155
2020-12,수입,폭스바겐,Jetta,2096
2020-12,국산,기아,K7,1997
2020-12,국산,KGM,렉스턴,1851
2020-12,국산,현대,버스/트럭 (현대),1844
2020-12,국산,KGM,티볼리,1739
2020-12,국산,현대,코나,1710
2020-12,국산,기아,스포티지,1667
2020-12,국산,KGM,코란도,1529
2020-12,국산,현대,베뉴,1475
2020-12,수입,BMW,5 Series,1458
2020-12,국산,현대,쏘나타 뉴 라이즈,1415
2020-12,국산,KGM,렉스턴 스포츠,1381
2020-12,국산,기아,K3,1352
2020-12,국산,기아,니로,1286
2020-12,국산,기아,모하비,1268
2020-12,국산,제네시스,G70,1224
2020-12,수입,벤츠,GLC-Class,1108
2020-12,국산,KGM,렉스턴 스포츠 칸,1008
2020-12,수입,아우디,A6,965
2020-12,국산,KGM,티볼리 에어,941
2020-12,수입,렉서스,ES,913
2020-12,수입,BMW,3 Series,793
2020-12,국산,제네시스,G90,791
2020-12,수입,포드,Explorer,678
2020-12,국산,쉐보레,트랙스,666
2020-12,국산,쉐보레,라보,655
2020-12,국산,기아,K9,622
2020-12,국산,쉐보레,다마스,615
2020-12,국산,쉐보레,말리부,552
2020-12,국산,쉐보레,콜로라도,534
2020-12,국산,르노코리아,SM6,522
2020-12,수입,벤츠,CLS-Class,522
2020-12,수입,지프,Wrangler,514
2020-12,수입,벤츠,A-Class,506
2020-12,수입,미니,Hatch,490
2020-12,수입,볼보,XC60,453
2020-12,수입,토요타,RAV4,432
2020-12,수입,포르쉐,Cayenne,428
2020-12,수입,아우디,Q3,427
2020-12,수입,BMW,X5,424
2020-12,수입,BMW,X3,421
2020-12,수입,아우디,Q5,420
2020-12,수입,BMW,6 Series,363
2020-12,국산,기아,스토닉,360
2020-12,수입,BMW,X4,346
2020-12,국산,기아,스팅어,343
2020-12,수입,미니,Countryman,335
2020-12,국산,현대,넥쏘,333
2020-12,수입,BMW,2 Series Active Tourer,333
2020-12,수입,폭스바겐,Tiguan,327
2020-12,수입,벤츠,C-Class,316
2020-12,수입,벤츠,S-Class,316
2020-12,수입,BMW,X6,313
2020-12,수입,BMW,X1,296
2020-12,수입,BMW,7 Series,286
2020-12,수입,링컨,Aviator,281
2020-12,수입,아우디,Q8,277
2020-12,국산,르노코리아,마스터,266
2020-12,국산,쉐보레,트래버스,258
2020-12,수입,볼보,S60,258
2020-12,수입,BMW,X7,239
2020-12,수입,벤츠,GLA-Class,238
2020-12,수입,미니,Clubman,228
2020-12,수입,아우디,A7,227
2020-12,수입,벤츠,CLA-Class,220
2020-12,국산,쉐보레,이쿼녹스,217
2020-12,수입,BMW,1 Series,208
2020-12,수입,폭스바겐,Touareg,205
2020-12,수입,지프,Grand Cherokee,202
2020-12,수입,아우디,A4,196
2020-12,수입,아우디,Q7,196
2020-12,국산,현대,마이티,195
2020-12,수입,랜드로버,Defender,182
2020-12,국산,르노코리아,캡처,172
2020-12,수입,지프,Gladiator,171
2020-12,수입,렉서스,RX,170
2020-12,수입,아우디,A5,165
2020-12,수입,포르쉐,911,163
2020-12,수입,혼다,CR-V,162
2020-12,수입,볼보,XC90,154
2020-12,수입,볼보,S90,150
2020-12,수입,랜드로버,Discovery Sport,149
2020-12,수입,볼보,V60 Cross Country,148
2020-12,국산,기아,쏘울,142
2020-12,수입,테슬라,Model 3,137
2020-12,수입,벤츠,EQC,134
2020-12,수입,아우디,A8,123
2020-12,수입,렉서스,NX,122
2020-12,수입,벤츠,GLE-Class,122
2020-12,수입,아우디,Q2,113
2020-12,수입,렉서스,UX,112
2020-12,수입,볼보,XC40,110
2020-12,수입,랜드로버,Discovery,108
2020-12,수입,토요타,Camry,108
2020-12,수입,푸조,3008,103
2020-12,수입,혼다,Accord,92
2020-12,국산,르노코리아,SM3 Z.E.,91
2020-12,수입,마세라티,Levante,89
2020-12,수입,캐딜락,CT6,88
2020-12,수입,토요타,Prius,86
2020-12,국산,현대,카운티,85
2020-12,수입,폭스바겐,Arteon,85
2020-12,국산,제네시스,GV70,83
2020-12,수입,재규어,XF,83
2020-12,수입,볼보,V90 Cross Country,79
2020-12,수입,푸조,5008,76
2020-12,수입,시트로엥,C3 Aircross,70
2020-12,국산,현대,벨로스터 N,69
2020-12,수입,캐딜락,Escalade,69
2020-12,수입,랜드로버,Range Rover Evoque,68
2020-12,수입,벤츠,GLB-Class,64
2020-12,수입,마세라티,Ghibli,63
2020-12,수입,포드,Mustang,62
2020-12,수입,링컨,MKZ,58
2020-12,수입,푸조,2008,56
2020-12,수입,BMW,2 Series,53
2020-12,수입,테슬라,Model X,52
2020-12,수입,토요타,Avalon,51
2020-12,국산,현대,쏠라티,49
2020-12,수입,포드,Mondeo,48
2020-12,수입,랜드로버,Range Rover Velar,47
2020-12,수입,벤츠,AMG GT,44
2020-12,수입,벤틀리,Continental GT,43
2020-12,수입,포르쉐,Taycan,42
2020-12,수입,BMW,Z4,41
2020-12,국산,기아,K3 GT,40
2020-12,수입,마세라티,Quattroporte,40
2020-12,수입,미니,Convertible,40
2020-12,수입,랜드로버,Range Rover,39
2020-12,수입,푸조,508,39
2020-12,수입,BMW,X2,38
2020-12,수입,재규어,F-Pace,38
2020-12,수입,BMW,8 Series,37
2020-12,수입,지프,Renegade,37
2020-12,수입,테슬라,Model S,36
2020-12,수입,포르쉐,718 Boxster,35
2020-12,수입,지프,Cherokee,34
2020-12,국산,르노코리아,트위지,33
2020-12,수입,링컨,Corsair,33
2020-12,국산,기아,버스 (기아),29
2020-12,국산,쉐보레,볼트 EV,27
2020-12,수입,BMW,M2,27
2020-12,수입,재규어,E-Pace,26
2020-12,국산,쉐보레,카마로,24
2020-12,수입,랜드로버,Range Rover Sport,23
2020-12,수입,벤츠,GLS-Class,22
2020-12,국산,현대,아이오닉,21
2020-12,수입,BMW,4 Series,21
2020-12,수입,토요타,Prius Prime,20
2020-12,수입,포르쉐,718 Cayman,20
2020-12,수입,롤스로이스,Cullinan,17
2020-12,수입,시트로엥,C5 Aircross,16
2020-12,수입,폭스바겐,Passat GT,16
2020-12,수입,캐딜락,XT6,15
2020-12,수입,BMW,X4 M,13
2020-12,수입,DS,DS7 Crossback,13
2020-12,수입,람보르기니,Urus,13
2020-12,수입,캐딜락,XT5,13
2020-12,수입,캐딜락,CT5,12
2020-12,수입,토요타,Prius C,12
2020-12,수입,푸조,308,11
2020-12,수입,BMW,i3,10
2020-12,수입,DS,DS3 Crossback,10
2020-12,수입,렉서스,CT,10
2020-12,수입,람보르기니,Huracan EVO,9
2020-12,수입,렉서스,LS,9
2020-12,수입,벤츠,Maybach S-Class,8
2020-12,수입,혼다,Odyssey,8
2020-12,수입,BMW,X3 M,7
2020-12,수입,BMW,M8,6
2020-12,수입,시트로엥,C4 Cactus,6
2020-12,수입,포르쉐,Macan,6
2020-12,수입,BMW,M5,5
2020-12,수입,BMW,X5 M,5
2020-12,수입,롤스로이스,Ghost,5
2020-12,수입,링컨,Nautilus,5
2020-12,수입,재규어,I-Pace,5
2020-12,국산,르노코리아,조에,4
2020-12,수입,BMW,X6 M,4
2020-12,수입,벤츠,G-Class,4
2020-12,수입,시트로엥,Grand C4 Spacetourer,4
2020-12,수입,재규어,XJ,4
2020-12,수입,재규어,XE,3
2020-12,수입,포르쉐,Panamera,3
2020-12,수입,푸조,e-208,3
2020-12,수입,혼다,Pilot,3
2020-12,수입,BMW,M4,2
2020-12,수입,렉서스,LC,2
2020-12,수입,롤스로이스,Wraith,2
2020-12,수입,재규어,F-Type,2
2020-12,수입,캐딜락,CT4,2
2020-12,수입,푸조,508 SW,2
2020-12,국산,쉐보레,볼트 PHEV,1
2020-12,수입,렉서스,IS,1
2020-12,수입,롤스로이스,Dawn,1
2020-12,수입,지프,Compass,1
2020-12,수입,토요타,86,1
2021-01,국산,현대,그랜저,8081
2021-01,국산,기아,카니발,8043
2021-01,국산,현대,포터2,7952
2021-01,국산,기아,쏘렌토,7480
2021-01,국산,현대,투싼,6733
2021-01,국산,현대,아반떼,6552
2021-01,국산,제네시스,G80,5650
2021-01,국산,기아,K5,5440
2021-01,국산,기아,봉고 3,4405
2021-01,국산,현대,싼타페,4313
2021-01,국산,기아,셀토스,3982
2021-01,국산,현대,팰리세이드,3818
2021-01,수입,벤츠,E-Class,2760
2021-01,국산,기아,레이,2646
2021-01,국산,기아,모닝,2578
2021-01,국산,현대,쏘나타,2494
2021-01,국산,현대,그랜드 스타렉스,2290
2021-01,국산,제네시스,GV70,2287
2021-01,국산,쉐보레,스파크,2276
2021-01,국산,르노코리아,QM6,1975
2021-01,국산,제네시스,GV80,1965
2021-01,국산,현대,버스/트럭 (현대),1852
2021-01,수입,BMW,5 Series,1730
2021-01,국산,기아,K7,1709
2021-01,국산,기아,K3,1299
2021-01,국산,KGM,렉스턴 스포츠,1274
2021-01,국산,현대,코나,1196
2021-01,국산,쉐보레,트레일블레이저,1189
2021-01,국산,르노코리아,XM3,1150
2021-01,국산,기아,스포티지,1143
2021-01,국산,현대,쏘나타 뉴 라이즈,1118
2021-01,수입,아우디,A6,1096
2021-01,국산,현대,베뉴,1069
2021-01,국산,KGM,렉스턴,1026
2021-01,국산,KGM,렉스턴 스포츠 칸,1018
2021-01,국산,제네시스,G70,1001
2021-01,국산,KGM,티볼리,914
2021-01,국산,기아,모하비,896
2021-01,수입,벤츠,A-Class,832
2021-01,국산,KGM,코란도,797
2021-01,국산,기아,니로,764
2021-01,국산,KGM,티볼리 에어,619
2021-01,국산,제네시스,G90,594
2021-01,수입,BMW,3 Series,593
2021-01,수입,폭스바겐,Tiguan,565
2021-01,국산,쉐보레,라보,503
2021-01,국산,쉐보레,콜로라도,499
2021-01,수입,벤츠,GLC-Class,467
2021-01,수입,BMW,X5,466
2021-01,국산,쉐보레,다마스,441
2021-01,국산,기아,K9,433
2021-01,수입,BMW,X6,415
2021-01,수입,포르쉐,Cayenne,393
2021-01,수입,BMW,X1,388
2021-01,수입,포드,Explorer,385
2021-01,국산,쉐보레,말리부,373
2021-01,수입,폭스바겐,Arteon,348
2021-01,수입,벤츠,CLS-Class,345
2021-01,국산,쉐보레,트랙스,337
2021-01,수입,벤츠,GLB-Class,337
2021-01,국산,쉐보레,이쿼녹스,303
2021-01,수입,BMW,6 Series,303
2021-01,수입,BMW,X3,301
2021-01,수입,링컨,Aviator,294
2021-01,수입,볼보,XC60,293
2021-01,수입,BMW,7 Series,291
2021-01,수입,미니,Hatch,289
2021-01,국산,기아,스팅어,279
2021-01,수입,벤츠,G-Class,268
2021-01,수입,지프,Renegade,266
2021-01,수입,렉서스,ES,264
2021-01,국산,현대,마이티,263
2021-01,수입,BMW,1 Series,260
2021-01,수입,벤츠,C-Class,250
2021-01,수입,아우디,Q5,243
2021-01,수입,BMW,2 Series Active Tourer,232
2021-01,국산,르노코리아,SM6,221
2021-01,국산,기아,스토닉,216
2021-01,수입,미니,Countryman,211
2021-01,수입,BMW,X4,208
2021-01,수입,벤츠,GLS-Class,202
2021-01,수입,벤츠,S-Class,200
2021-01,수입,볼보,XC40,199
2021-01,수입,볼보,S60,197
2021-01,수입,볼보,S90,195
2021-01,수입,아우디,A4,188
2021-01,국산,쉐보레,트래버스,184
2021-01,수입,미니,Clubman,182
2021-01,수입,지프,Wrangler,173
2021-01,수입,토요타,Camry,173
2021-01,수입,아우디,A7,170
2021-01,수입,BMW,X7,165
2021-01,수입,아우디,A5,163
2021-01,수입,토요타,RAV4,162
2021-01,수입,폭스바겐,Touareg,150
2021-01,수입,BMW,2 Series,148
2021-01,국산,현대,넥쏘,142
2021-01,수입,볼보,V60 Cross Country,139
2021-01,수입,아우디,Q7,133
2021-01,수입,포르쉐,911,132
2021-01,수입,볼보,XC90,129
2021-01,수입,혼다,CR-V,128
2021-01,수입,벤츠,GLA-Class,120
2021-01,수입,아우디,Q8,120
2021-01,수입,폭스바겐,Passat GT,116
2021-01,수입,지프,Grand Cherokee,107
2021-01,수입,포르쉐,Taycan,105
2021-01,수입,랜드로버,Discovery Sport,104
2021-01,수입,랜드로버,Defender,101
2021-01,수입,링컨,Corsair,97
2021-01,국산,르노코리아,마스터,95
2021-01,국산,르노코리아,캡처,92
2021-01,국산,기아,쏘울,90
2021-01,수입,링컨,Nautilus,87
2021-01,수입,아우디,A8,87
2021-01,수입,BMW,X2,81
2021-01,수입,렉서스,UX,81
2021-01,수입,벤츠,CLA-Class,79
2021-01,수입,아우디,Q3,69
2021-01,수입,지프,Gladiator,69
2021-01,국산,현대,카운티,60
2021-01,수입,혼다,Accord,59
2021-01,수입,렉서스,RX,53
2021-01,수입,지프,Cherokee,53
2021-01,수입,랜드로버,Range Rover,49
2021-01,수입,포드,Mustang,49
2021-01,국산,기아,K3 GT,47
2021-01,수입,볼보,V90 Cross Country,46
2021-01,국산,현대,벨로스터 N,45
2021-01,수입,캐딜락,Escalade,45
2021-01,수입,폭스바겐,T-Roc,40
2021-01,수입,토요타,Prius,39
2021-01,수입,렉서스,NX,38
2021-01,수입,푸조,3008,37
2021-01,수입,BMW,4 Series,36
2021-01,수입,랜드로버,Range Rover Evoque,35
2021-01,수입,아우디,Q2,33
2021-01,수입,재규어,E-Pace,32
2021-01,국산,기아,버스 (기아),31
2021-01,수입,미니,Convertible,30
2021-01,수입,BMW,8 Series,29
2021-01,수입,포르쉐,Macan,28
2021-01,수입,랜드로버,Range Rover Velar,27
2021-01,국산,현대,쏠라티,25
2021-01,수입,벤틀리,Continental GT,25
2021-01,수입,푸조,5008,25
2021-01,수입,랜드로버,Discovery,24
2021-01,수입,벤츠,GLE-Class,23
2021-01,수입,마세라티,Levante,21
2021-01,수입,BMW,M5,20
2021-01,수입,BMW,Z4,20
2021-01,수입,벤츠,AMG GT,20
2021-01,수입,마세라티,Ghibli,19
2021-01,수입,랜드로버,Range Rover Sport,18
2021-01,수입,폭스바겐,Jetta,17
2021-01,수입,캐딜락,CT6,16
2021-01,수입,토요타,Prius C,14
2021-01,수입,람보르기니,Urus,13
2021-01,수입,벤츠,EQC,12
2021-01,수입,포르쉐,718 Cayman,12
2021-01,수입,시트로엥,C4 Cactus,11
2021-01,수입,재규어,F-Pace,11
2021-01,수입,푸조,2008,11
2021-01,수입,포르쉐,718 Boxster,10
2021-01,수입,재규어,F-Type,9
2021-01,수입,재규어,XF,9
2021-01,수입,캐딜락,CT5,9
2021-01,수입,토요타,Avalon,9
2021-01,수입,BMW,M2,8
2021-01,수입,BMW,X3 M,8
2021-01,수입,롤스로이스,Cullinan,8
2021-01,수입,링컨,MKZ,8
2021-01,수입,시트로엥,C3 Aircross,8
2021-01,수입,캐딜락,XT5,8
2021-01,수입,캐딜락,XT6,8
2021-01,수입,포드,Mondeo,8
2021-01,수입,DS,DS7 Crossback,7
2021-01,수입,테슬라,Model X,7
2021-01,수입,테슬라,Model Y,7
2021-01,수입,BMW,M8,6
2021-01,수입,람보르기니,Huracan EVO,6
2021-01,수입,렉서스,CT,6
2021-01,수입,롤스로이스,Ghost,6
2021-01,수입,BMW,X4 M,5
2021-01,수입,시트로엥,C5 Aircross,5
2021-01,수입,마세라티,Quattroporte,4
2021-01,수입,푸조,308,4
2021-01,수입,푸조,508,4
2021-01,수입,혼다,Pilot,4
2021-01,수입,BMW,i3,3
2021-01,수입,롤스로이스,Phantom,3
2021-01,수입,벤츠,Maybach S-Class,3
2021-01,수입,토요타,86,3
2021-01,수입,재규어,XJ,2
2021-01,수입,캐딜락,CT4,2
2021-01,수입,푸조,508 SW,2
2021-01,국산,르노코리아,조에,1
2021-01,국산,쉐보레,카마로,1
2021-01,국산,현대,i30,1
2021-01,수입,BMW,X5 M,1
2021-01,수입,DS,DS3 Crossback,1
2021-01,수입,렉서스,LS,1
2021-01,수입,롤스로이스,Dawn,1
2021-01,수입,롤스로이스,Wraith,1
2021-01,수입,테슬라,Model 3,1
2021-01,수입,테슬라,Model S,1
2021-01,수입,포르쉐,Panamera,1
2021-01,수입,혼다,Odyssey,1
2021-02,국산,현대,그랜저,8563
2021-02,국산,현대,포터2,7626
2021-02,국산,기아,카니발,6153
2021-02,국산,현대,투싼,5869
2021-02,국산,기아,K5,5547
2021-02,국산,현대,아반떼,5124
2021-02,국산,기아,봉고 3,5032
2021-02,국산,기아,쏘렌토,4945
2021-02,국산,현대,팰리세이드,4045
2021-02,국산,기아,셀토스,3585
2021-02,국산,현대,쏘나타,2932
2021-02,국산,현대,싼타페,2781
2021-02,국산,제네시스,G80,2714
2021-02,국산,기아,모닝,2691
2021-02,국산,제네시스,GV70,2686
2021-02,국산,기아,레이,2266
2021-02,국산,르노코리아,QM6,2121
2021-02,수입,벤츠,E-Class,1885
2021-02,국산,현대,버스/트럭 (현대),1826
2021-02,국산,쉐보레,스파크,1759
2021-02,수입,BMW,5 Series,1695
2021-02,국산,기아,K7,1528
2021-02,수입,아우디,A6,1483
2021-02,국산,현대,그랜드 스타렉스,1368
2021-02,국산,기아,스포티지,1366
2021-02,국산,기아,K3,1346
2021-02,국산,쉐보레,트레일블레이저,1285
2021-02,국산,현대,코나,1266
2021-02,국산,르노코리아,XM3,1256
2021-02,국산,현대,쏘나타 뉴 라이즈,1254
2021-02,국산,제네시스,GV80,1190
2021-02,국산,현대,베뉴,1099
2021-02,국산,기아,니로,1070
2021-02,수입,벤츠,GLB-Class,978
2021-02,국산,기아,모하비,975
2021-02,수입,BMW,3 Series,823
2021-02,수입,폭스바겐,Jetta,753
2021-02,수입,벤츠,GLE-Class,750
2021-02,국산,KGM,티볼리,630
2021-02,수입,벤츠,A-Class,598
2021-02,국산,KGM,코란도,595
2021-02,국산,현대,넥쏘,568
2021-02,수입,포르쉐,Cayenne,524
2021-02,수입,폭스바겐,Tiguan,485
2021-02,국산,쉐보레,라보,468
2021-02,수입,렉서스,ES,466
2021-02,국산,기아,K9,435
2021-02,국산,제네시스,G90,434
2021-02,국산,KGM,티볼리 에어,430
2021-02,수입,볼보,XC60,417
2021-02,국산,KGM,렉스턴,415
2021-02,수입,BMW,X1,393
2021-02,국산,기아,스팅어,378
2021-02,수입,BMW,X5,356
2021-02,수입,벤츠,GLC-Class,355
2021-02,국산,쉐보레,다마스,350
2021-02,국산,쉐보레,트랙스,349
2021-02,수입,미니,Hatch,349
2021-02,수입,벤츠,G-Class,317
2021-02,수입,BMW,6 Series,316
2021-02,수입,BMW,X3,310
2021-02,국산,KGM,렉스턴 스포츠 칸,309
2021-02,국산,제네시스,G70,297
2021-02,국산,KGM,렉스턴 스포츠,294
2021-02,수입,BMW,X7,287
2021-02,수입,BMW,X6,282
2021-02,수입,포드,Explorer,276
2021-02,국산,쉐보레,트래버스,274
2021-02,수입,BMW,2 Series,264
2021-02,수입,미니,Countryman,258
2021-02,수입,아우디,A7,258
2021-02,수입,미니,Clubman,257
2021-02,수입,폭스바겐,Arteon,251
2021-02,수입,벤츠,GLA-Class,242
2021-02,수입,BMW,7 Series,218
2021-02,국산,쉐보레,말리부,217
2021-02,국산,현대,마이티,216
2021-02,수입,BMW,1 Series,214
2021-02,수입,링컨,Aviator,202
2021-02,국산,르노코리아,SM6,182
2021-02,국산,쉐보레,이쿼녹스,182
2021-02,수입,볼보,S90,179
2021-02,수입,아우디,Q8,177
2021-02,수입,BMW,X4,176
2021-02,수입,벤츠,C-Class,167
2021-02,수입,벤츠,CLS-Class,166
2021-02,수입,볼보,S60,165
2021-02,국산,현대,카운티,164
2021-02,수입,볼보,XC40,163
2021-02,수입,토요타,RAV4,160
2021-02,국산,쉐보레,콜로라도,159
2021-02,수입,토요타,Camry,153
2021-02,국산,르노코리아,캡처,145
2021-02,국산,기아,스토닉,132
2021-02,수입,볼보,XC90,128
2021-02,수입,지프,Wrangler,121
2021-02,국산,르노코리아,마스터,120
2021-02,수입,포르쉐,Taycan,120
2021-02,수입,아우디,Q7,116
2021-02,수입,지프,Renegade,114
2021-02,수입,혼다,Accord,114
2021-02,수입,아우디,A4,113
2021-02,수입,포르쉐,Macan,112
2021-02,수입,벤츠,S-Class,110
2021-02,수입,폭스바겐,T-Roc,103
2021-02,수입,BMW,X2,101
2021-02,수입,폭스바겐,Touareg,101
2021-02,수입,포르쉐,911,97
2021-02,수입,볼보,V60 Cross Country,95
2021-02,수입,폭스바겐,Passat GT,90
2021-02,수입,아우디,A8,88
2021-02,수입,랜드로버,Discovery Sport,87
2021-02,수입,벤츠,GLS-Class,87
2021-02,수입,지프,Grand Cherokee,87
2021-02,수입,지프,Cherokee,84
2021-02,수입,렉서스,UX,77
2021-02,수입,렉서스,RX,72
2021-02,수입,아우디,A5,72
2021-02,국산,기아,쏘울,71
2021-02,수입,혼다,CR-V,71
2021-02,수입,BMW,4 Series,67
2021-02,수입,BMW,2 Series Active Tourer,61
2021-02,수입,포드,Mustang,61
2021-02,수입,랜드로버,Defender,58
2021-02,수입,볼보,V90 Cross Country,55
2021-02,수입,링컨,Nautilus,54
2021-02,수입,렉서스,NX,52
2021-02,수입,지프,Gladiator,51
2021-02,국산,르노코리아,조에,47
2021-02,수입,토요타,Prius,44
2021-02,국산,쉐보레,볼트 EV,43
2021-02,수입,랜드로버,Range Rover,43
2021-02,수입,랜드로버,Range Rover Velar,43
2021-02,수입,아우디,Q5,43
2021-02,수입,포르쉐,718 Boxster,43
2021-02,국산,현대,벨로스터 N,41
2021-02,국산,현대,쏠라티,38
2021-02,수입,링컨,Corsair,38
2021-02,수입,마세라티,Ghibli,37
2021-02,수입,토요타,Avalon,35
2021-02,수입,랜드로버,Range Rover Sport,34
2021-02,국산,기아,K3 GT,32
2021-02,국산,기아,버스 (기아),31
2021-02,수입,미니,Convertible,31
2021-02,국산,르노코리아,트위지,29
2021-02,수입,람보르기니,Urus,28
2021-02,수입,재규어,E-Pace,27
2021-02,수입,랜드로버,Range Rover Evoque,26
2021-02,수입,BMW,Z4,25
2021-02,수입,캐딜락,Escalade,25
2021-02,수입,벤츠,CLA-Class,24
2021-02,수입,혼다,Odyssey,22
2021-02,수입,마세라티,Levante,21
2021-02,수입,푸조,2008,20
2021-02,수입,푸조,3008,20
2021-02,수입,캐딜락,XT4,19
2021-02,수입,푸조,5008,18
2021-02,수입,토요타,Prius C,15
2021-02,수입,벤츠,AMG GT,14
2021-02,수입,테슬라,Model 3,14
2021-02,수입,BMW,8 Series,13
2021-02,수입,BMW,X3 M,13
2021-02,수입,BMW,X6 M,13
2021-02,수입,벤츠,EQC,13
2021-02,수입,재규어,F-Pace,13
2021-02,수입,포르쉐,718 Cayman,13
2021-02,수입,혼다,Pilot,13
2021-02,국산,쉐보레,카마로,12
2021-02,수입,BMW,i3,11
2021-02,수입,벤틀리,Continental GT,10
2021-02,수입,롤스로이스,Cullinan,8
2021-02,수입,재규어,F-Type,8
2021-02,수입,캐딜락,CT5,8
2021-02,수입,BMW,M2,7
2021-02,수입,DS,DS7 Crossback,7
2021-02,수입,렉서스,LS,7
2021-02,수입,마세라티,Quattroporte,7
2021-02,수입,아우디,R8,7
2021-02,수입,토요타,GR SUPRA,7
2021-02,수입,BMW,X5 M,6
2021-02,수입,롤스로이스,Ghost,6
2021-02,수입,재규어,XE,6
2021-02,수입,캐딜락,XT5,6
2021-02,수입,랜드로버,Discovery,5
2021-02,수입,시트로엥,C3 Aircross,5
2021-02,수입,시트로엥,C5 Aircross,5
2021-02,수입,푸조,e-208,5
2021-02,수입,BMW,X4 M,4
2021-02,수입,롤스로이스,Phantom,4
2021-02,수입,시트로엥,C4 Cactus,4
2021-02,수입,캐딜락,XT6,4
2021-02,수입,테슬라,Model X,4
2021-02,수입,푸조,308,4
2021-02,수입,푸조,508,4
2021-02,수입,BMW,M5,3
2021-02,수입,DS,DS3 Crossback,3
2021-02,수입,람보르기니,Huracan EVO,3
2021-02,수입,렉서스,CT,3
2021-02,수입,롤스로이스,Wraith,3
2021-02,수입,아우디,Q3,3
2021-02,수입,포르쉐,Panamera,3
2021-02,수입,BMW,M8,2
2021-02,수입,시트로엥,Grand C4 Spacetourer,2
2021-02,수입,아우디,Q2,2
2021-02,수입,재규어,XF,2
2021-02,수입,테슬라,Model S,2
2021-02,수입,포드,Ranger,2
2021-02,국산,현대,아이오닉,1
2021-02,수입,롤스로이스,Dawn,1
2021-02,수입,벤츠,Maybach S-Class,1
2021-02,수입,캐딜락,CT4,1
2021-03,국산,현대,포터2,11213
2021-03,국산,기아,카니발,9520
2021-03,국산,현대,그랜저,9217
2021-03,국산,현대,아반떼,8454
2021-03,국산,기아,쏘렌토,8357
2021-03,국산,기아,봉고 3,7598
2021-03,국산,기아,K5,6882
2021-03,국산,현대,팰리세이드,5897
2021-03,국산,제네시스,G80,5252
2021-03,국산,제네시스,GV70,5093
2021-03,국산,현대,투싼,4985
2021-03,국산,현대,싼타페,4274
2021-03,국산,현대,쏘나타,4227
2021-03,국산,기아,셀토스,3648
2021-03,국산,기아,모닝,3480
2021-03,수입,벤츠,E-Class,3346
2021-03,국산,르노코리아,QM6,3313
2021-03,수입,테슬라,Model 3,3186
2021-03,국산,기아,레이,2967
2021-03,국산,기아,K7,2474
2021-03,국산,제네시스,GV80,2470
2021-03,국산,현대,버스/트럭 (현대),2429
2021-03,국산,현대,코나,2175
2021-03,국산,쉐보레,트레일블레이저,2130
2021-03,국산,현대,쏘나타 뉴 라이즈,2006
2021-03,국산,현대,그랜드 스타렉스,1891
2021-03,국산,기아,K3,1787
2021-03,국산,쉐보레,스파크,1693
2021-03,국산,르노코리아,XM3,1688
2021-03,수입,BMW,5 Series,1567
2021-03,수입,아우디,A6,1486
2021-03,국산,기아,니로,1483
2021-03,국산,현대,베뉴,1441
2021-03,국산,기아,모하비,1189
2021-03,수입,벤츠,GLC-Class,1175
2021-03,국산,현대,넥쏘,934
2021-03,국산,KGM,티볼리,886
2021-03,국산,KGM,렉스턴 스포츠,884
2021-03,수입,BMW,3 Series,884
2021-03,국산,KGM,코란도,820
2021-03,국산,기아,스포티지,787
2021-03,국산,제네시스,G70,654
2021-03,수입,벤츠,GLB-Class,626
2021-03,수입,벤츠,CLS-Class,621
2021-03,국산,KGM,렉스턴 스포츠 칸,612
2021-03,국산,제네시스,G90,597
2021-03,국산,KGM,렉스턴,560
2021-03,수입,렉서스,ES,559
2021-03,국산,KGM,티볼리 에어,544
2021-03,수입,지프,Wrangler,513
2021-03,국산,쉐보레,라보,512
2021-03,수입,벤츠,GLE-Class,509
2021-03,수입,포르쉐,Cayenne,509
2021-03,수입,폭스바겐,Tiguan,504
2021-03,수입,벤츠,A-Class,495
2021-03,수입,미니,Hatch,492
2021-03,수입,포드,Explorer,456
2021-03,국산,기아,K9,450
2021-03,수입,BMW,X5,443
2021-03,국산,쉐보레,다마스,435
2021-03,수입,미니,Countryman,426
2021-03,수입,BMW,X3,423
2021-03,수입,폭스바겐,Jetta,404
2021-03,수입,지프,Renegade,394
2021-03,수입,아우디,A7,350
2021-03,수입,폭스바겐,Arteon,348
2021-03,국산,쉐보레,트랙스,342
2021-03,수입,BMW,6 Series,338
2021-03,수입,BMW,X7,337
2021-03,국산,르노코리아,SM6,321
2021-03,국산,기아,스팅어,312
2021-03,국산,현대,마이티,305
2021-03,국산,쉐보레,트래버스,303
2021-03,수입,지프,Cherokee,302
2021-03,국산,쉐보레,말리부,298
2021-03,수입,볼보,XC40,291
2021-03,수입,아우디,Q8,291
2021-03,수입,BMW,X6,284
2021-03,국산,쉐보레,콜로라도,282
2021-03,수입,지프,Grand Cherokee,267
2021-03,수입,BMW,2 Series,264
2021-03,수입,미니,Clubman,257
2021-03,수입,BMW,7 Series,254
2021-03,수입,BMW,1 Series,252
2021-03,수입,벤츠,GLA-Class,249
2021-03,수입,BMW,X4,246
2021-03,수입,볼보,S60,238
2021-03,수입,토요타,Camry,234
2021-03,수입,볼보,S90,218
2021-03,수입,폭스바겐,Passat GT,210
2021-03,수입,벤츠,G-Class,195
2021-03,수입,볼보,XC60,195
2021-03,수입,토요타,RAV4,192
2021-03,국산,현대,카운티,172
2021-03,수입,BMW,X1,167
2021-03,수입,볼보,V60 Cross Country,165
2021-03,수입,아우디,A4,163
2021-03,국산,르노코리아,캡처,162
2021-03,수입,아우디,Q7,158
2021-03,수입,링컨,Aviator,151
2021-03,수입,포르쉐,Taycan,149
2021-03,수입,폭스바겐,T-Roc,144
2021-03,수입,혼다,Accord,139
2021-03,수입,포르쉐,Panamera,138
2021-03,국산,쉐보레,볼트 EV,132
2021-03,수입,볼보,XC90,131
2021-03,수입,벤츠,C-Class,128
2021-03,수입,링컨,Nautilus,126
2021-03,수입,BMW,4 Series,124
2021-03,수입,BMW,2 Series Active Tourer,120
2021-03,수입,아우디,A5,109
2021-03,수입,아우디,A8,105
2021-03,수입,혼다,Odyssey,103
2021-03,국산,르노코리아,조에,102
2021-03,수입,푸조,2008,102
2021-03,수입,렉서스,UX,100
2021-03,수입,렉서스,RX,94
2021-03,수입,BMW,X2,92
2021-03,수입,랜드로버,Discovery Sport,91
2021-03,수입,혼다,CR-V,87
2021-03,수입,벤츠,EQC,80
2021-03,수입,포드,Mustang,79
2021-03,국산,현대,벨로스터 N,78
2021-03,수입,지프,Gladiator,78
2021-03,수입,벤츠,GLS-Class,77
2021-03,수입,렉서스,NX,73
2021-03,수입,포르쉐,718 Boxster,69
2021-03,수입,랜드로버,Defender,68
2021-03,수입,링컨,Corsair,67
2021-03,수입,푸조,3008,67
2021-03,수입,벤츠,S-Class,65
2021-03,수입,포르쉐,Macan,58
2021-03,수입,푸조,5008,57
2021-03,국산,르노코리아,마스터,56
2021-03,수입,토요타,Prius,56
2021-03,국산,르노코리아,트위지,53
2021-03,수입,미니,Convertible,49
2021-03,국산,현대,쏠라티,46
2021-03,수입,아우디,e-tron,44
2021-03,수입,랜드로버,Range Rover,43
2021-03,수입,푸조,e-208,41
2021-03,수입,BMW,Z4,40
2021-03,수입,랜드로버,Range Rover Velar,40
2021-03,수입,BMW,M2,39
2021-03,수입,포르쉐,911,38
2021-03,국산,기아,버스 (기아),37
2021-03,수입,마세라티,Levante,37
2021-03,국산,기아,K3 GT,36
2021-03,수입,랜드로버,Range Rover Sport,35
2021-03,수입,캐딜락,CT5,35
2021-03,수입,토요타,Avalon,34
2021-03,수입,캐딜락,Escalade,32
2021-03,수입,BMW,i3,31
2021-03,수입,마세라티,Ghibli,31
2021-03,수입,BMW,8 Series,30
2021-03,수입,렉서스,LS,29
2021-03,수입,람보르기니,Urus,28
2021-03,수입,캐딜락,XT4,25
2021-03,수입,재규어,E-Pace,23
2021-03,수입,캐딜락,XT5,22
2021-03,수입,포르쉐,718 Cayman,19
2021-03,수입,BMW,M5,18
2021-03,수입,벤츠,AMG GT,18
2021-03,수입,벤틀리,Flying Spur,18
2021-03,수입,폭스바겐,Touareg,18
2021-03,수입,아우디,Q5,17
2021-03,국산,쉐보레,이쿼녹스,15
2021-03,수입,토요타,Prius C,15
2021-03,수입,BMW,X6 M,14
2021-03,수입,포드,Expedition,14
2021-03,수입,BMW,X3 M,13
2021-03,수입,마세라티,Quattroporte,13
2021-03,수입,볼보,V90 Cross Country,13
2021-03,수입,DS,DS7 Crossback,12
2021-03,수입,시트로엥,C3 Aircross,12
2021-03,수입,BMW,X5 M,10
2021-03,수입,아우디,R8,10
2021-03,수입,재규어,XE,10
2021-03,수입,토요타,GR SUPRA,9
2021-03,수입,BMW,X4 M,8
2021-03,수입,랜드로버,Range Rover Evoque,8
2021-03,수입,포드,Ranger,8
2021-03,국산,쉐보레,카마로,7
2021-03,수입,BMW,M3,7
2021-03,수입,랜드로버,Discovery,7
2021-03,수입,벤츠,CLA-Class,7
2021-03,수입,시트로엥,Grand C4 Spacetourer,7
2021-03,수입,재규어,F-Pace,7
2021-03,수입,재규어,F-Type,7
2021-03,수입,캐딜락,XT6,7
2021-03,수입,푸조,508,7
2021-03,수입,BMW,M4,6
2021-03,수입,벤츠,Maybach S-Class,6
2021-03,수입,테슬라,Model X,6
2021-03,수입,롤스로이스,Ghost,5
2021-03,수입,링컨,Navigator,5
2021-03,수입,시트로엥,C5 Aircross,5
2021-03,국산,기아,쏘울,4
2021-03,수입,DS,DS3 Crossback,4
2021-03,수입,롤스로이스,Wraith,4
2021-03,수입,재규어,I-Pace,4
2021-03,수입,푸조,308,4
2021-03,수입,혼다,Pilot,4
2021-03,수입,람보르기니,Huracan EVO,3
2021-03,수입,아우디,Q2,3
2021-03,수입,재규어,XF,3
2021-03,수입,지프,Compass,3
2021-03,수입,캐딜락,CT4,3
2021-03,수입,렉서스,CT,2
2021-03,수입,렉서스,LC,2
2021-03,수입,롤스로이스,Phantom,2
2021-03,수입,벤틀리,Continental GT,2
2021-03,수입,시트로엥,C4 Cactus,2
2021-03,수입,테슬라,Model S,2
2021-03,수입,BMW,M8,1
2021-03,수입,렉서스,IS,1
2021-03,수입,롤스로이스,Dawn,1
2021-03,수입,아우디,Q3,1
2021-03,수입,토요타,86,1
2021-03,수입,푸조,508 SW,1
2021-04,국산,현대,그랜저,9684
2021-04,국산,현대,포터2,9182
2021-04,국산,기아,카니발,8670
2021-04,국산,현대,아반떼,7422
2021-04,국산,기아,봉고 3,6835
2021-04,국산,기아,K5,6607
2021-04,국산,기아,쏘렌토,6228
2021-04,국산,제네시스,G80,6009
2021-04,국산,현대,팰리세이드,5777
2021-04,국산,현대,쏘나타,5140
2021-04,국산,기아,K8,4587
2021-04,국산,현대,투싼,4478
2021-04,국산,제네시스,GV70,4161
2021-04,국산,현대,싼타페,4096
2021-04,국산,기아,레이,3808
2021-04,국산,기아,셀토스,3491
2021-04,국산,르노코리아,QM6,3409
2021-04,국산,기아,모닝,3348
2021-04,수입,벤츠,E-Class,3174
2021-04,국산,현대,버스/트럭 (현대),2514
2021-04,국산,기아,K3,2464
2021-04,국산,제네시스,GV80,2321
2021-04,국산,쉐보레,트레일블레이저,2020
2021-04,국산,현대,쏘나타 뉴 라이즈,1928
2021-04,수입,BMW,5 Series,1863
2021-04,국산,쉐보레,스파크,1678
2021-04,국산,현대,코나,1494
2021-04,국산,르노코리아,XM3,1443
2021-04,국산,기아,모하비,1333
2021-04,국산,기아,니로,1318
2021-04,국산,현대,넥쏘,1265
2021-04,국산,현대,베뉴,1224
2021-04,수입,벤츠,GLE-Class,1207
2021-04,국산,현대,그랜드 스타렉스,1200
2021-04,국산,기아,스포티지,1167
2021-04,국산,KGM,렉스턴 스포츠,782
2021-04,국산,제네시스,G90,774
2021-04,수입,벤츠,S-Class,724
2021-04,수입,아우디,A6,719
2021-04,수입,BMW,3 Series,713
2021-04,수입,벤츠,GLC-Class,713
2021-04,국산,KGM,렉스턴 스포츠 칸,638
2021-04,국산,KGM,티볼리,627
2021-04,국산,제네시스,G70,625
2021-04,수입,폭스바겐,Tiguan,539
2021-04,수입,BMW,X3,531
2021-04,수입,렉서스,ES,531
2021-04,수입,BMW,X5,525
2021-04,수입,미니,Hatch,522
2021-04,수입,벤츠,CLS-Class,519
2021-04,수입,포드,Explorer,513
2021-04,수입,포르쉐,Cayenne,482
2021-04,수입,벤츠,A-Class,478
2021-04,국산,KGM,코란도,475
2021-04,수입,벤츠,GLB-Class,463
2021-04,국산,기아,K7,430
2021-04,수입,BMW,X4,413
2021-04,국산,기아,K9,412
2021-04,국산,KGM,티볼리 에어,406
2021-04,국산,쉐보레,다마스,404
2021-04,수입,BMW,X6,399
2021-04,국산,KGM,렉스턴,390
2021-04,국산,현대,마이티,387
2021-04,수입,BMW,X7,381
2021-04,국산,쉐보레,트래버스,372
2021-04,국산,기아,스팅어,364
2021-04,수입,벤츠,AMG GT,362
2021-04,국산,쉐보레,트랙스,342
2021-04,수입,BMW,6 Series,306
2021-04,수입,볼보,S90,293
2021-04,수입,벤츠,C-Class,287
2021-04,수입,지프,Renegade,285
2021-04,수입,볼보,XC40,278
2021-04,수입,미니,Countryman,277
2021-04,국산,쉐보레,말리부,256
2021-04,국산,르노코리아,SM6,250
2021-04,수입,지프,Cherokee,244
2021-04,수입,미니,Clubman,239
2021-04,수입,지프,Wrangler,232
2021-04,수입,폭스바겐,Passat GT,230
2021-04,수입,볼보,XC60,229
2021-04,수입,BMW,7 Series,223
2021-04,수입,포드,Ranger,214
2021-04,국산,쉐보레,콜로라도,204
2021-04,국산,현대,카운티,186
2021-04,수입,BMW,X1,184
2021-04,수입,링컨,Aviator,180
2021-04,수입,지프,Grand Cherokee,178
2021-04,수입,벤츠,G-Class,164
2021-04,수입,볼보,V60 Cross Country,160
2021-04,수입,포르쉐,Panamera,159
2021-04,국산,현대,스타리아,158
2021-04,수입,토요타,RAV4,154
2021-04,국산,르노코리아,캡처,153
2021-04,수입,볼보,S60,145
2021-04,수입,토요타,Sienna,145
2021-04,수입,벤츠,GLA-Class,143
2021-04,수입,아우디,Q8,141
2021-04,수입,BMW,1 Series,137
2021-04,수입,벤츠,EQC,137
2021-04,국산,쉐보레,볼트 EV,133
2021-04,수입,폭스바겐,T-Roc,131
2021-04,수입,폭스바겐,Arteon,124
2021-04,수입,포르쉐,Taycan,119
2021-04,수입,BMW,4 Series,118
2021-04,국산,현대,아이오닉 5,114
2021-04,수입,아우디,A7,114
2021-04,수입,볼보,XC90,108
2021-04,수입,링컨,Nautilus,106
2021-04,수입,링컨,Corsair,102
2021-04,수입,토요타,Camry,102
2021-04,수입,포드,Mustang,100
2021-04,수입,혼다,CR-V,97
2021-04,국산,르노코리아,트위지,96
2021-04,수입,아우디,A4,92
2021-04,수입,렉서스,RX,91
2021-04,수입,토요타,Prius,91
2021-04,수입,렉서스,UX,88
2021-04,수입,아우디,Q7,84
2021-04,수입,혼다,Accord,80
2021-04,수입,포드,Expedition,75
2021-04,수입,푸조,2008,73
2021-04,수입,아우디,A8,72
2021-04,수입,포르쉐,Macan,69
2021-04,수입,렉서스,NX,68
2021-04,수입,포르쉐,718 Boxster,68
2021-04,국산,르노코리아,조에,66
2021-04,수입,아우디,A5,64
2021-04,수입,테슬라,Model 3,64
2021-04,수입,포르쉐,911,63
2021-04,수입,지프,Gladiator,62
2021-04,수입,링컨,Navigator,58
2021-04,수입,폭스바겐,Jetta,55
2021-04,수입,BMW,2 Series,54
2021-04,수입,푸조,5008,54
2021-04,수입,벤츠,GLS-Class,53
2021-04,수입,혼다,Odyssey,53
2021-04,수입,랜드로버,Range Rover Evoque,52
2021-04,수입,푸조,3008,52
2021-04,수입,볼보,V90 Cross Country,50
2021-04,국산,르노코리아,마스터,49
2021-04,국산,쉐보레,이쿼녹스,47
2021-04,수입,BMW,2 Series Active Tourer,45
2021-04,수입,BMW,X2,43
2021-04,수입,마세라티,Levante,43
2021-04,국산,현대,벨로스터 N,42
2021-04,수입,BMW,Z4,42
2021-04,수입,렉서스,LS,42
2021-04,국산,기아,버스 (기아),39
2021-04,국산,현대,쏠라티,38
2021-04,수입,BMW,8 Series,34
2021-04,수입,랜드로버,Range Rover,32
2021-04,국산,기아,K3 GT,27
2021-04,수입,아우디,e-tron,26
2021-04,수입,람보르기니,Urus,25
2021-04,수입,랜드로버,Range Rover Sport,24
2021-04,수입,캐딜락,XT5,24
2021-04,수입,BMW,M3,22
2021-04,수입,벤틀리,Flying Spur,22
2021-04,수입,시트로엥,C3 Aircross,21
2021-04,수입,마세라티,Ghibli,19
2021-04,수입,푸조,e-208,19
2021-04,수입,포르쉐,718 Cayman,18
2021-04,수입,BMW,M4,16
2021-04,수입,캐딜락,CT4,16
2021-04,수입,BMW,i3,15
2021-04,수입,재규어,I-Pace,15
2021-04,수입,벤틀리,Continental GT,14
2021-04,수입,토요타,Avalon,14
2021-04,수입,미니,Convertible,13
2021-04,수입,푸조,308,13
2021-04,수입,람보르기니,Huracan EVO,12
2021-04,수입,롤스로이스,Ghost,12
2021-04,수입,마세라티,Quattroporte,12
2021-04,수입,캐딜락,XT4,12
2021-04,수입,토요타,Prius C,12
2021-04,수입,DS,DS7 Crossback,11
2021-04,국산,쉐보레,카마로,10
2021-04,수입,BMW,X5 M,10
2021-04,수입,푸조,508,10
2021-04,수입,BMW,X4 M,9
2021-04,수입,DS,DS3 Crossback,9
2021-04,수입,시트로엥,C5 Aircross,9
2021-04,수입,재규어,F-Type,9
2021-04,수입,캐딜락,CT5,9
2021-04,수입,캐딜락,XT6,9
2021-04,수입,테슬라,Model Y,9
2021-04,수입,BMW,X6 M,8
2021-04,수입,랜드로버,Range Rover Velar,8
2021-04,수입,BMW,M2,7
2021-04,수입,BMW,X3 M,7
2021-04,수입,롤스로이스,Cullinan,7
2021-04,수입,시트로엥,Grand C4 Spacetourer,7
2021-04,수입,캐딜락,Escalade,6
2021-04,수입,아우디,R8,5
2021-04,수입,혼다,Pilot,5
2021-04,국산,쉐보레,라보,4
2021-04,수입,BMW,M5,4
2021-04,수입,BMW,M8,4
2021-04,수입,렉서스,LC,4
2021-04,수입,재규어,E-Pace,4
2021-04,수입,토요타,GR SUPRA,4
2021-04,수입,랜드로버,Discovery Sport,3
2021-04,수입,롤스로이스,Dawn,3
2021-04,수입,벤츠,CLA-Class,3
2021-04,수입,벤츠,Maybach S-Class,3
2021-04,수입,렉서스,CT,2
2021-04,수입,롤스로이스,Wraith,2
2021-04,수입,아우디,Q5,2
2021-04,수입,테슬라,Model S,2
2021-04,수입,링컨,MKZ,1
2021-04,수입,아우디,Q3,1
2021-04,수입,테슬라,Model X,1
2021-04,수입,토요타,86,1
2021-04,수입,폭스바겐,Touareg,1
2021-05,국산,현대,그랜저,7802
2021-05,국산,기아,카니발,7219
2021-05,국산,현대,포터2,6930
2021-05,국산,기아,쏘렌토,6883
2021-05,국산,현대,아반떼,6697
2021-05,국산,기아,K5,6034
2021-05,국산,제네시스,G80,5584
2021-05,국산,기아,K8,5564
2021-05,국산,현대,팰리세이드,5040
2021-05,국산,기아,봉고 3,4697
2021-05,국산,제네시스,GV70,4336
2021-05,국산,현대,쏘나타,4053
2021-05,국산,기아,레이,3608
2021-05,국산,현대,싼타페,3479
2021-05,수입,테슬라,Model Y,3328
2021-05,국산,현대,스타리아,3232
2021-05,국산,기아,셀토스,3175
2021-05,국산,기아,K3,3147
2021-05,국산,르노코리아,QM6,3081
2021-05,국산,현대,투싼,2988
2021-05,국산,기아,모닝,2967
2021-05,수입,벤츠,E-Class,2387
2021-05,국산,현대,버스/트럭 (현대),2212
2021-05,수입,BMW,5 Series,2122
2021-05,국산,현대,아이오닉 5,1919
2021-05,국산,기아,니로,1741
2021-05,수입,벤츠,S-Class,1656
2021-05,국산,쉐보레,스파크,1647
2021-05,국산,제네시스,GV80,1531
2021-05,국산,쉐보레,트레일블레이저,1338
2021-05,국산,기아,모하비,1243
2021-05,국산,KGM,렉스턴 스포츠 칸,1173
2021-05,국산,현대,쏘나타 뉴 라이즈,1078
2021-05,국산,KGM,렉스턴 스포츠,1062
2021-05,국산,현대,베뉴,1001
2021-05,국산,르노코리아,XM3,984
2021-05,국산,제네시스,G70,918
2021-05,국산,KGM,티볼리,876
2021-05,국산,기아,스포티지,836
2021-05,국산,현대,코나,798
2021-05,국산,KGM,코란도,765
2021-05,수입,폭스바겐,Jetta,759
2021-05,국산,현대,넥쏘,756
2021-05,수입,렉서스,ES,699
2021-05,수입,벤츠,GLE-Class,685
2021-05,국산,제네시스,G90,662
2021-05,수입,벤츠,GLC-Class,655
2021-05,수입,BMW,3 Series,604
2021-05,수입,미니,Hatch,565
2021-05,국산,KGM,렉스턴,555
2021-05,수입,BMW,X5,535
2021-05,수입,BMW,X7,529
2021-05,국산,KGM,티볼리 에어,525
2021-05,국산,기아,K9,504
2021-05,수입,BMW,X3,478
2021-05,수입,BMW,X6,412
2021-05,수입,포드,Explorer,412
2021-05,국산,현대,마이티,363
2021-05,수입,지프,Renegade,352
2021-05,국산,쉐보레,트랙스,351
2021-05,국산,쉐보레,다마스,344
2021-05,국산,현대,그랜드 스타렉스,344
2021-05,수입,포르쉐,Cayenne,341
2021-05,수입,벤츠,CLS-Class,334
2021-05,수입,BMW,7 Series,328
2021-05,수입,벤츠,A-Class,323
2021-05,수입,벤츠,C-Class,323
2021-05,수입,BMW,X4,319
2021-05,수입,BMW,6 Series,313
2021-05,수입,벤츠,GLB-Class,313
2021-05,국산,쉐보레,볼트 EV,307
2021-05,국산,쉐보레,트래버스,298
2021-05,수입,미니,Clubman,289
2021-05,수입,지프,Wrangler,282
2021-05,수입,볼보,XC40,279
2021-05,수입,볼보,XC60,267
2021-05,수입,벤츠,AMG GT,265
2021-05,수입,볼보,S90,255
2021-05,국산,기아,스팅어,252
2021-05,수입,지프,Cherokee,248
2021-05,수입,미니,Countryman,239
2021-05,국산,쉐보레,말리부,236
2021-05,수입,토요타,Sienna,224
2021-05,국산,르노코리아,SM6,222
2021-05,수입,벤츠,GLA-Class,214
2021-05,수입,벤츠,GLS-Class,214
2021-05,국산,현대,카운티,207
2021-05,수입,폭스바겐,T-Roc,184
2021-05,수입,폭스바겐,Tiguan,182
2021-05,수입,혼다,Accord,182
2021-05,수입,폭스바겐,Passat GT,180
2021-05,수입,포르쉐,911,170
2021-05,수입,혼다,CR-V,168
2021-05,수입,볼보,V60 Cross Country,162
2021-05,수입,토요타,Camry,162
2021-05,수입,포르쉐,Taycan,162
2021-05,수입,BMW,4 Series,161
2021-05,수입,아우디,A7,159
2021-05,수입,지프,Grand Cherokee,157
2021-05,국산,르노코리아,캡처,149
2021-05,수입,링컨,Aviator,147
2021-05,수입,BMW,1 Series,145
2021-05,수입,볼보,S60,130
2021-05,수입,벤츠,CLA-Class,129
2021-05,수입,토요타,RAV4,129
2021-05,수입,테슬라,Model 3,126
2021-05,수입,포드,Ranger,125
2021-05,수입,볼보,XC90,123
2021-05,수입,포르쉐,Panamera,117
2021-05,수입,렉서스,RX,111
2021-05,국산,르노코리아,조에,103
2021-05,수입,벤츠,G-Class,101
2021-05,국산,현대,벨로스터 N,93
2021-05,수입,렉서스,UX,91
2021-05,수입,렉서스,NX,80
2021-05,수입,토요타,Prius,75
2021-05,수입,포드,Mustang,75
2021-05,수입,링컨,Corsair,72
2021-05,수입,푸조,3008,70
2021-05,수입,벤츠,EQC,67
2021-05,국산,쉐보레,콜로라도,64
2021-05,국산,르노코리아,마스터,57
2021-05,수입,링컨,Nautilus,55
2021-05,수입,지프,Gladiator,54
2021-05,수입,폭스바겐,Arteon,51
2021-05,수입,푸조,2008,51
2021-05,수입,볼보,V90 Cross Country,48
2021-05,수입,혼다,Odyssey,48
2021-05,수입,BMW,X1,47
2021-05,수입,BMW,Z4,47
2021-05,수입,마세라티,Levante,47
2021-05,수입,포드,Expedition,43
2021-05,수입,푸조,5008,42
2021-05,국산,르노코리아,트위지,39
2021-05,수입,BMW,8 Series,39
2021-05,수입,랜드로버,Range Rover,39
2021-05,수입,벤틀리,Flying Spur,39
2021-05,수입,랜드로버,Range Rover Sport,38
2021-05,수입,링컨,Navigator,38
2021-05,수입,아우디,A5,35
2021-05,국산,현대,쏠라티,33
2021-05,수입,BMW,X6 M,31
2021-05,국산,기아,버스 (기아),30
2021-05,수입,BMW,M5,30
2021-05,수입,포르쉐,718 Boxster,27
2021-05,수입,람보르기니,Urus,25
2021-05,수입,캐딜락,CT5,25
2021-05,수입,BMW,2 Series,23
2021-05,수입,토요타,Avalon,22
2021-05,수입,포르쉐,Macan,22
2021-05,수입,벤츠,Maybach GLS,21
2021-05,수입,푸조,e-208,20
2021-05,수입,렉서스,LS,19
2021-05,수입,아우디,A4,18
2021-05,수입,BMW,X5 M,17
2021-05,수입,지프,Compass,17
2021-05,수입,캐딜락,XT5,17
2021-05,수입,BMW,M2,15
2021-05,수입,캐딜락,CT4,15
2021-05,수입,BMW,M3,14
2021-05,수입,랜드로버,Range Rover Evoque,14
2021-05,수입,BMW,M4,13
2021-05,수입,BMW,X4 M,13
2021-05,수입,벤틀리,Continental GT,12
2021-05,국산,쉐보레,카마로,11
2021-05,수입,마세라티,Quattroporte,10
2021-05,수입,아우디,R8,10
2021-05,수입,캐딜락,XT6,10
2021-05,수입,토요타,Prius C,10
2021-05,수입,BMW,X3 M,9
2021-05,수입,롤스로이스,Ghost,8
2021-05,수입,마세라티,Ghibli,8
2021-05,수입,시트로엥,C3 Aircross,8
2021-05,수입,시트로엥,C5 Aircross,8
2021-05,수입,포르쉐,718 Cayman,8
2021-05,수입,롤스로이스,Cullinan,7
2021-05,수입,아우디,e-tron,7
2021-05,수입,캐딜락,XT4,7
2021-05,수입,테슬라,Model S,7
2021-05,수입,푸조,508,7
2021-05,수입,랜드로버,Range Rover Velar,6
2021-05,수입,시트로엥,Grand C4 Spacetourer,6
2021-05,수입,BMW,i3,5
2021-05,수입,람보르기니,Huracan EVO,5
2021-05,수입,벤틀리,Bentayga,5
2021-05,수입,BMW,2 Series Active Tourer,4
2021-05,수입,BMW,X2,4
2021-05,수입,DS,DS3 Crossback,4
2021-05,수입,DS,DS7 Crossback,4
2021-05,수입,롤스로이스,Wraith,4
2021-05,수입,시트로엥,C4 Cactus,4
2021-05,수입,토요타,GR SUPRA,4
2021-05,수입,혼다,Pilot,4
2021-05,수입,렉서스,LC,3
2021-05,수입,롤스로이스,Dawn,3
2021-05,수입,벤츠,Maybach S-Class,3
2021-05,수입,재규어,F-Type,3
2021-05,수입,재규어,I-Pace,3
2021-05,수입,푸조,508 SW,3
2021-05,수입,람보르기니,Aventador,2
2021-05,수입,렉서스,RC,2
2021-05,수입,미니,Convertible,2
2021-05,수입,재규어,E-Pace,2
2021-05,수입,폭스바겐,Touareg,2
2021-05,국산,기아,K7,1
2021-05,국산,쉐보레,이쿼녹스,1
2021-05,수입,렉서스,CT,1
2021-05,수입,렉서스,IS,1
2021-05,수입,롤스로이스,Phantom,1
2021-05,수입,푸조,308,1
2021-06,국산,현대,그랜저,9483
2021-06,국산,현대,포터2,9208
2021-06,국산,기아,카니발,6689
2021-06,국산,기아,봉고 3,6151
2021-06,국산,기아,쏘렌토,6081
2021-06,국산,현대,아반떼,5973
2021-06,국산,기아,K5,5835
2021-06,국산,기아,K8,5473
2021-06,국산,제네시스,G80,5357
2021-06,국산,현대,팰리세이드,4964
2021-06,국산,현대,스타리아,4304
2021-06,국산,제네시스,GV70,4138
2021-06,국산,기아,셀토스,4071
2021-06,국산,현대,쏘나타,3774
2021-06,국산,현대,아이오닉 5,3667
2021-06,국산,르노코리아,QM6,3537
2021-06,국산,기아,모닝,3349
2021-06,국산,현대,투싼,3338
2021-06,국산,기아,레이,3223
2021-06,국산,기아,K3,3042
2021-06,수입,테슬라,Model 3,2884
2021-06,국산,현대,싼타페,2780
2021-06,국산,쉐보레,트레일블레이저,2671
2021-06,국산,현대,쏘나타 뉴 라이즈,2353
2021-06,국산,기아,니로,2312
2021-06,국산,현대,버스/트럭 (현대),2120
2021-06,국산,제네시스,GV80,2070
2021-06,수입,BMW,5 Series,2021
2021-06,수입,테슬라,Model Y,1972
2021-06,수입,벤츠,S-Class,1671
2021-06,국산,쉐보레,스파크,1603
2021-06,국산,르노코리아,XM3,1565
2021-06,국산,KGM,렉스턴 스포츠 칸,1455
2021-06,국산,현대,베뉴,1418
2021-06,국산,KGM,렉스턴 스포츠,1352
2021-06,국산,기아,스포티지,1187
2021-06,수입,벤츠,E-Class,1181
2021-06,국산,KGM,티볼리,1080
2021-06,수입,폭스바겐,T-Roc,1029
2021-06,국산,제네시스,G70,942
2021-06,국산,기아,모하비,932
2021-06,국산,KGM,코란도,923
2021-06,수입,아우디,A6,802
2021-06,수입,BMW,3 Series,772
2021-06,국산,현대,넥쏘,751
2021-06,수입,렉서스,ES,659
2021-06,수입,벤츠,C-Class,649
2021-06,국산,현대,코나,639
2021-06,국산,기아,K9,614
2021-06,수입,벤츠,GLB-Class,600
2021-06,수입,벤츠,GLE-Class,598
2021-06,수입,미니,Hatch,577
2021-06,수입,BMW,X5,494
2021-06,국산,KGM,티볼리 에어,493
2021-06,수입,BMW,X3,491
2021-06,수입,포드,Explorer,468
2021-06,수입,BMW,X7,457
2021-06,수입,폭스바겐,Jetta,430
2021-06,수입,BMW,7 Series,424
2021-06,국산,KGM,렉스턴,421
2021-06,수입,벤츠,A-Class,406
2021-06,국산,제네시스,G90,398
2021-06,수입,볼보,S90,397
2021-06,수입,벤츠,GLC-Class,373
2021-06,수입,BMW,X6,369
2021-06,수입,미니,Clubman,351
2021-06,국산,쉐보레,말리부,349
2021-06,수입,지프,Cherokee,348
2021-06,수입,지프,Wrangler,340
2021-06,수입,포르쉐,Cayenne,330
2021-06,수입,벤츠,CLS-Class,329
2021-06,국산,쉐보레,볼트 EV,327
2021-06,국산,현대,마이티,327
2021-06,수입,벤츠,CLA-Class,302
2021-06,수입,볼보,XC40,298
2021-06,수입,볼보,XC60,296
2021-06,수입,BMW,X4,293
2021-06,국산,쉐보레,트랙스,285
2021-06,국산,쉐보레,트래버스,283
2021-06,수입,아우디,Q8,271
2021-06,국산,기아,스팅어,269
2021-06,수입,미니,Countryman,266
2021-06,수입,지프,Grand Cherokee,261
2021-06,수입,포르쉐,Taycan,257
2021-06,수입,BMW,4 Series,242
2021-06,수입,벤츠,AMG GT,223
2021-06,수입,토요타,RAV4,216
2021-06,국산,현대,카운티,211
2021-06,국산,쉐보레,콜로라도,201
2021-06,수입,벤츠,GLS-Class,198
2021-06,수입,BMW,6 Series,197
2021-06,수입,토요타,Sienna,191
2021-06,국산,르노코리아,SM6,190
2021-06,수입,토요타,Camry,186
2021-06,수입,아우디,A7,181
2021-06,수입,폭스바겐,Passat GT,176
2021-06,수입,볼보,V60 Cross Country,171
2021-06,수입,포르쉐,911,171
2021-06,수입,벤츠,GLA-Class,161
2021-06,국산,르노코리아,캡처,155
2021-06,수입,혼다,Accord,154
2021-06,수입,BMW,X1,149
2021-06,수입,렉서스,RX,140
2021-06,수입,혼다,CR-V,140
2021-06,수입,포드,Ranger,136
2021-06,수입,볼보,XC90,133
2021-06,수입,BMW,1 Series,129
2021-06,수입,아우디,Q5,123
2021-06,수입,아우디,A8,121
2021-06,수입,BMW,2 Series,113
2021-06,수입,아우디,A4,111
2021-06,수입,볼보,S60,110
2021-06,수입,렉서스,UX,106
2021-06,수입,렉서스,NX,105
2021-06,수입,아우디,Q7,105
2021-06,수입,지프,Gladiator,103
2021-06,수입,링컨,Corsair,101
2021-06,국산,르노코리아,조에,100
2021-06,국산,현대,그랜드 스타렉스,99
2021-06,수입,랜드로버,Discovery Sport,94
2021-06,수입,포르쉐,Panamera,85
2021-06,수입,아우디,A5,76
2021-06,수입,링컨,Aviator,74
2021-06,수입,BMW,Z4,70
2021-06,수입,토요타,Prius,70
2021-06,수입,BMW,2 Series Active Tourer,65
2021-06,수입,지프,Renegade,64
2021-06,수입,푸조,2008,64
2021-06,수입,푸조,5008,64
2021-06,수입,벤츠,G-Class,63
2021-06,수입,포드,Mustang,61
2021-06,수입,랜드로버,Range Rover Evoque,60
2021-06,수입,포르쉐,718 Boxster,60
2021-06,수입,푸조,3008,60
2021-06,국산,기아,버스 (기아),52
2021-06,수입,링컨,Navigator,52
2021-06,수입,포르쉐,Macan,51
2021-06,수입,아우디,e-tron,49
2021-06,국산,현대,벨로스터 N,47
2021-06,국산,르노코리아,마스터,46
2021-06,국산,현대,쏠라티,46
2021-06,수입,BMW,8 Series,46
2021-06,수입,랜드로버,Defender,46
2021-06,수입,볼보,V90 Cross Country,46
2021-06,수입,BMW,X2,42
2021-06,수입,렉서스,LS,36
2021-06,수입,벤틀리,Flying Spur,34
2021-06,수입,마세라티,Levante,33
2021-06,수입,벤츠,EQC,28
2021-06,수입,마세라티,Quattroporte,26
2021-06,수입,토요타,Avalon,26
2021-06,수입,폭스바겐,Arteon,26
2021-06,수입,벤츠,Maybach S-Class,25
2021-06,수입,캐딜락,XT5,24
2021-06,수입,포드,Expedition,24
2021-06,수입,랜드로버,Range Rover,23
2021-06,수입,랜드로버,Range Rover Sport,22
2021-06,수입,캐딜락,CT5,22
2021-06,수입,람보르기니,Urus,21
2021-06,수입,벤츠,Maybach GLS,21
2021-06,수입,벤틀리,Bentayga,21
2021-06,수입,BMW,M5,20
2021-06,수입,BMW,M3,19
2021-06,수입,재규어,F-Pace,19
2021-06,수입,지프,Compass,18
2021-06,국산,르노코리아,트위지,17
2021-06,수입,BMW,X4 M,17
2021-06,수입,마세라티,Ghibli,17
2021-06,수입,토요타,Prius C,17
2021-06,수입,푸조,e-208,16
2021-06,수입,BMW,M4,15
2021-06,수입,BMW,X5 M,15
2021-06,국산,쉐보레,다마스,14
2021-06,수입,BMW,X6 M,13
2021-06,수입,포르쉐,718 Cayman,13
2021-06,수입,푸조,508,13
2021-06,수입,BMW,i3,11
2021-06,수입,캐딜락,XT4,11
2021-06,수입,캐딜락,XT6,11
2021-06,수입,푸조,308,11
2021-06,수입,DS,DS7 Crossback,10
2021-06,수입,롤스로이스,Ghost,10
2021-06,수입,링컨,Nautilus,10
2021-06,수입,시트로엥,Grand C4 Spacetourer,10
2021-06,수입,BMW,M2,9
2021-06,수입,아우디,R8,9
2021-06,수입,랜드로버,Range Rover Velar,8
2021-06,수입,혼다,Pilot,8
2021-06,국산,쉐보레,카마로,7
2021-06,수입,람보르기니,Huracan EVO,7
2021-06,수입,롤스로이스,Cullinan,7
2021-06,수입,캐딜락,CT4,7
2021-06,수입,BMW,X3 M,6
2021-06,수입,벤틀리,Continental GT,6
2021-06,수입,폭스바겐,Tiguan,6
2021-06,수입,DS,DS3 Crossback,5
2021-06,수입,랜드로버,Discovery,5
2021-06,수입,시트로엥,C5 Aircross,5
2021-06,수입,재규어,F-Type,5
2021-06,수입,렉서스,CT,4
2021-06,수입,렉서스,LC,4
2021-06,수입,롤스로이스,Dawn,4
2021-06,수입,시트로엥,C3 Aircross,4
2021-06,수입,토요타,GR SUPRA,4
2021-06,수입,BMW,M8,3
2021-06,수입,미니,Convertible,3
2021-06,수입,테슬라,Model S,3
2021-06,수입,혼다,Odyssey,3
2021-06,수입,람보르기니,Aventador,2
2021-06,수입,롤스로이스,Phantom,2
2021-06,수입,캐딜락,Escalade,2
2021-06,수입,렉서스,IS,1
2021-06,수입,롤스로이스,Wraith,1
2021-06,수입,테슬라,Model X,1
2021-07,국산,현대,포터2,8804
2021-07,국산,기아,쏘렌토,6339
2021-07,국산,기아,K8,6009
2021-07,국산,기아,K5,5777
2021-07,국산,기아,카니발,5632
2021-07,국산,현대,아반떼,5357
2021-07,국산,기아,봉고 3,5339
2021-07,국산,현대,그랜저,5247
2021-07,국산,제네시스,G80,5028
2021-07,국산,현대,팰리세이드,4695
2021-07,국산,현대,싼타페,4452
2021-07,국산,현대,스타리아,4018
2021-07,국산,현대,투싼,3972
2021-07,국산,제네시스,GV70,3792
2021-07,국산,현대,아이오닉 5,3447
2021-07,국산,기아,레이,3325
2021-07,국산,르노코리아,QM6,3189
2021-07,국산,기아,셀토스,3152
2021-07,국산,기아,K3,3147
2021-07,국산,기아,스포티지,3079
2021-07,국산,현대,쏘나타,2885
2021-07,국산,기아,모닝,2767
2021-07,수입,벤츠,E-Class,2567
2021-07,국산,제네시스,GV80,2159
2021-07,국산,쉐보레,트레일블레이저,1991
2021-07,수입,BMW,5 Series,1601
2021-07,국산,쉐보레,스파크,1571
2021-07,국산,KGM,렉스턴 스포츠,1515
2021-07,국산,기아,니로,1502
2021-07,국산,현대,버스/트럭 (현대),1411
2021-07,수입,벤츠,S-Class,1371
2021-07,국산,KGM,렉스턴 스포츠 칸,1313
2021-07,수입,아우디,A6,1281
2021-07,국산,르노코리아,XM3,1280
2021-07,국산,KGM,티볼리,1244
2021-07,국산,기아,모하비,971
2021-07,수입,BMW,3 Series,834
2021-07,국산,현대,쏘나타 뉴 라이즈,827
2021-07,국산,기아,K9,798
2021-07,국산,현대,베뉴,754
2021-07,국산,KGM,코란도,751
2021-07,국산,현대,코나,696
2021-07,수입,렉서스,ES,678
2021-07,국산,제네시스,G70,616
2021-07,국산,현대,마이티,616
2021-07,국산,쉐보레,콜로라도,548
2021-07,수입,BMW,6 Series,514
2021-07,수입,BMW,X5,503
2021-07,국산,현대,넥쏘,490
2021-07,국산,KGM,티볼리 에어,472
2021-07,수입,폭스바겐,Tiguan,440
2021-07,수입,미니,Hatch,425
2021-07,수입,BMW,X7,423
2021-07,수입,벤츠,GLE-Class,419
2021-07,수입,BMW,X6,407
2021-07,수입,폭스바겐,Jetta,397
2021-07,수입,지프,Wrangler,392
2021-07,수입,벤츠,A-Class,386
2021-07,수입,벤츠,C-Class,367
2021-07,국산,KGM,렉스턴,357
2021-07,국산,제네시스,G90,355
2021-07,수입,아우디,Q5,313
2021-07,수입,볼보,S90,311
2021-07,국산,쉐보레,트래버스,308
2021-07,수입,벤츠,CLS-Class,299
2021-07,수입,벤츠,EQA,281
2021-07,국산,기아,스팅어,277
2021-07,국산,쉐보레,말리부,277
2021-07,수입,BMW,4 Series,276
2021-07,수입,BMW,X3,264
2021-07,수입,벤츠,CLA-Class,259
2021-07,수입,아우디,Q8,257
2021-07,수입,벤츠,G-Class,254
2021-07,수입,볼보,XC60,246
2021-07,수입,벤츠,GLC-Class,238
2021-07,수입,미니,Clubman,236
2021-07,수입,볼보,XC40,231
2021-07,수입,포르쉐,Cayenne,229
2021-07,수입,토요타,Sienna,228
2021-07,수입,지프,Renegade,213
2021-07,수입,벤츠,AMG GT,204
2021-07,수입,BMW,X1,203
2021-07,국산,르노코리아,SM6,202
2021-07,수입,BMW,1 Series,197
2021-07,수입,토요타,RAV4,189
2021-07,수입,BMW,X4,185
2021-07,수입,토요타,Camry,185
2021-07,수입,BMW,7 Series,179
2021-07,수입,아우디,A4,179
2021-07,수입,포르쉐,Macan,170
2021-07,수입,혼다,Accord,166
2021-07,수입,아우디,A7,164
2021-07,수입,아우디,A8,164
2021-07,수입,지프,Grand Cherokee,161
2021-07,수입,볼보,V60 Cross Country,154
2021-07,수입,BMW,2 Series,151
2021-07,수입,벤츠,Maybach S-Class,151
2021-07,수입,포르쉐,Panamera,150
2021-07,수입,혼다,CR-V,148
2021-07,수입,미니,Countryman,144
2021-07,국산,현대,카운티,138
2021-07,수입,렉서스,RX,137
2021-07,수입,지프,Cherokee,137
2021-07,수입,포드,Explorer,133
2021-07,수입,볼보,XC90,126
2021-07,수입,아우디,Q7,126
2021-07,수입,렉서스,UX,121
2021-07,수입,포드,Ranger,120
2021-07,수입,링컨,Corsair,118
2021-07,국산,르노코리아,조에,117
2021-07,수입,벤츠,GLS-Class,116
2021-07,국산,쉐보레,트랙스,114
2021-07,수입,벤츠,GLB-Class,105
2021-07,국산,르노코리아,캡처,101
2021-07,수입,포르쉐,911,99
2021-07,수입,지프,Gladiator,89
2021-07,수입,랜드로버,Defender,82
2021-07,수입,렉서스,NX,71
2021-07,국산,쉐보레,볼트 EV,69
2021-07,수입,아우디,A5,66
2021-07,수입,폭스바겐,T-Roc,66
2021-07,수입,미니,Convertible,65
2021-07,수입,아우디,e-tron,64
2021-07,수입,랜드로버,Discovery Sport,60
2021-07,국산,르노코리아,마스터,57
2021-07,수입,BMW,8 Series,57
2021-07,수입,푸조,2008,57
2021-07,수입,토요타,Prius,51
2021-07,수입,BMW,X2,49
2021-07,수입,벤츠,GLA-Class,49
2021-07,수입,볼보,S60,48
2021-07,국산,기아,버스 (기아),47
2021-07,수입,푸조,5008,47
2021-07,수입,캐딜락,Escalade,44
2021-07,수입,BMW,Z4,38
2021-07,수입,랜드로버,Discovery,38
2021-07,수입,마세라티,Levante,37
2021-07,수입,볼보,V90 Cross Country,37
2021-07,국산,현대,쏠라티,36
2021-07,수입,포드,Mustang,34
2021-07,수입,폭스바겐,Passat GT,34
2021-07,수입,푸조,3008,30
2021-07,국산,현대,벨로스터 N,29
2021-07,국산,현대,아반떼 N,29
2021-07,수입,람보르기니,Urus,29
2021-07,수입,링컨,Navigator,28
2021-07,수입,BMW,M3,26
2021-07,수입,푸조,e-208,24
2021-07,수입,벤틀리,Flying Spur,23
2021-07,수입,BMW,M4,22
2021-07,수입,토요타,Avalon,21
2021-07,수입,포르쉐,Taycan,21
2021-07,수입,벤틀리,Bentayga,20
2021-07,수입,포르쉐,718 Boxster,20
2021-07,수입,BMW,M5,19
2021-07,수입,BMW,X6 M,19
2021-07,수입,랜드로버,Range Rover Evoque,19
2021-07,수입,마세라티,Ghibli,18
2021-07,수입,아우디,R8,17
2021-07,수입,테슬라,Model 3,17
2021-07,수입,렉서스,LS,16
2021-07,수입,DS,DS7 Crossback,15
2021-07,수입,롤스로이스,Ghost,15
2021-07,수입,링컨,Aviator,15
2021-07,수입,BMW,X5 M,14
2021-07,수입,랜드로버,Range Rover,14
2021-07,수입,랜드로버,Range Rover Velar,14
2021-07,수입,벤츠,Maybach GLS,14
2021-07,수입,시트로엥,C3 Aircross,14
2021-07,수입,토요타,Prius C,14
2021-07,수입,포드,Expedition,13
2021-07,국산,르노코리아,트위지,12
2021-07,수입,BMW,X3 M,12
2021-07,수입,랜드로버,Range Rover Sport,12
2021-07,수입,혼다,Pilot,12
2021-07,수입,BMW,M2,11
2021-07,수입,BMW,X4 M,11
2021-07,수입,지프,Compass,11
2021-07,수입,캐딜락,XT5,11
2021-07,수입,캐딜락,CT5,10
2021-07,수입,포르쉐,718 Cayman,10
2021-07,수입,시트로엥,Grand C4 Spacetourer,9
2021-07,수입,재규어,F-Type,8
2021-07,수입,캐딜락,CT4,8
2021-07,국산,쉐보레,카마로,7
2021-07,수입,마세라티,Quattroporte,7
2021-07,수입,시트로엥,C4 Cactus,7
2021-07,수입,시트로엥,C5 Aircross,7
2021-07,수입,재규어,F-Pace,6
2021-07,수입,푸조,308,6
2021-07,수입,푸조,508,6
2021-07,수입,BMW,i3,5
2021-07,수입,DS,DS3 Crossback,5
2021-07,수입,캐딜락,XT6,5
2021-07,수입,테슬라,Model Y,5
2021-07,수입,람보르기니,Huracan EVO,4
2021-07,수입,벤틀리,Continental GT,4
2021-07,수입,폭스바겐,Arteon,4
2021-07,국산,현대,코나 N,3
2021-07,수입,링컨,Nautilus,3
2021-07,수입,벤츠,EQC,3
2021-07,수입,토요타,GR SUPRA,3
2021-07,수입,렉서스,LC,2
2021-07,수입,롤스로이스,Cullinan,2
2021-07,수입,롤스로이스,Phantom,2
2021-07,국산,쉐보레,이쿼녹스,1
2021-07,수입,BMW,2 Series Active Tourer,1
2021-07,수입,BMW,M8,1
2021-07,수입,람보르기니,Aventador,1
2021-07,수입,렉서스,CT,1
2021-07,수입,렉서스,RC,1
2021-07,수입,롤스로이스,Dawn,1
2021-07,수입,아우디,A3,1
2021-07,수입,푸조,508 SW,1
2021-07,수입,혼다,Odyssey,1
2021-08,국산,현대,포터2,7424
2021-08,국산,기아,스포티지,6571
2021-08,국산,기아,카니발,5611
2021-08,국산,기아,K5,4368
2021-08,국산,현대,아반떼,4335
2021-08,국산,현대,팰리세이드,4011
2021-08,국산,기아,쏘렌토,3974
2021-08,국산,현대,쏘나타,3836
2021-08,국산,현대,투싼,3821
2021-08,국산,기아,봉고 3,3793
2021-08,국산,제네시스,G80,3718
2021-08,국산,현대,그랜저,3685
2021-08,국산,현대,스타리아,3563
2021-08,국산,현대,아이오닉 5,3337
2021-08,국산,현대,싼타페,3322
2021-08,국산,기아,K8,3170
2021-08,수입,벤츠,E-Class,3132
2021-08,국산,르노코리아,QM6,3067
2021-08,국산,기아,셀토스,2724
2021-08,국산,제네시스,GV70,2575
2021-08,국산,쉐보레,트레일블레이저,2089
2021-08,국산,기아,EV6,1910
2021-08,국산,기아,니로,1900
2021-08,국산,기아,K3,1829
2021-08,국산,기아,레이,1814
2021-08,국산,기아,모닝,1782
2021-08,수입,테슬라,Model Y,1550
2021-08,국산,쉐보레,스파크,1519
2021-08,국산,제네시스,GV80,1231
2021-08,국산,KGM,렉스턴 스포츠,1216
2021-08,국산,현대,버스/트럭 (현대),1151
2021-08,국산,르노코리아,XM3,1114
2021-08,국산,KGM,렉스턴 스포츠 칸,1097
2021-08,수입,BMW,5 Series,1026
2021-08,수입,폭스바겐,Tiguan,1014
2021-08,국산,현대,베뉴,965
2021-08,국산,KGM,티볼리,946
2021-08,수입,테슬라,Model 3,880
2021-08,국산,현대,쏘나타 뉴 라이즈,850
2021-08,국산,현대,코나,828
2021-08,국산,현대,마이티,761
2021-08,국산,KGM,코란도,731
2021-08,수입,벤츠,S-Class,690
2021-08,국산,쉐보레,콜로라도,689
2021-08,국산,기아,K9,672
2021-08,수입,BMW,3 Series,672
2021-08,국산,기아,모하비,665
2021-08,수입,벤츠,GLB-Class,625
2021-08,국산,제네시스,G70,580
2021-08,수입,렉서스,ES,573
2021-08,수입,미니,Hatch,561
2021-08,국산,현대,넥쏘,556
2021-08,수입,BMW,X3,531
2021-08,수입,BMW,X5,514
2021-08,국산,KGM,티볼리 에어,505
2021-08,수입,BMW,X4,443
2021-08,수입,BMW,1 Series,418
2021-08,수입,벤츠,A-Class,376
2021-08,수입,BMW,X7,372
2021-08,국산,KGM,렉스턴,366
2021-08,수입,벤츠,GLE-Class,353
2021-08,수입,포르쉐,Cayenne,349
2021-08,수입,BMW,2 Series,315
2021-08,수입,BMW,X6,304
2021-08,수입,폭스바겐,Jetta,291
2021-08,수입,볼보,XC60,285
2021-08,수입,벤츠,GLC-Class,279
2021-08,수입,아우디,A6,277
2021-08,수입,아우디,Q8,277
2021-08,수입,볼보,S90,272
2021-08,수입,아우디,Q5,266
2021-08,수입,벤츠,CLS-Class,256
2021-08,수입,포드,Explorer,251
2021-08,국산,쉐보레,트래버스,247
2021-08,수입,벤츠,C-Class,242
2021-08,수입,미니,Clubman,212
2021-08,수입,혼다,Accord,211
2021-08,국산,기아,스팅어,203
2021-08,국산,제네시스,G90,203
2021-08,수입,토요타,Camry,198
2021-08,수입,혼다,CR-V,197
2021-08,수입,BMW,6 Series,195
2021-08,수입,벤츠,CLA-Class,191
2021-08,수입,지프,Wrangler,187
2021-08,수입,볼보,XC40,183
2021-08,수입,토요타,RAV4,181
2021-08,수입,아우디,Q7,178
2021-08,국산,쉐보레,말리부,174
2021-08,국산,르노코리아,SM6,168
2021-08,수입,미니,Countryman,160
2021-08,수입,벤츠,AMG GT,158
2021-08,수입,볼보,XC90,145
2021-08,수입,렉서스,RX,143
2021-08,수입,벤츠,Maybach S-Class,141
2021-08,수입,아우디,A8,130
2021-08,수입,랜드로버,Defender,126
2021-08,수입,볼보,V60 Cross Country,124
2021-08,수입,링컨,Aviator,123
2021-08,국산,현대,아반떼 N,112
2021-08,수입,볼보,S60,110
2021-08,국산,르노코리아,캡처,109
2021-08,수입,렉서스,UX,108
2021-08,수입,벤츠,EQA,106
2021-08,수입,혼다,Odyssey,103
2021-08,수입,링컨,Corsair,102
2021-08,수입,BMW,4 Series,101
2021-08,국산,르노코리아,조에,100
2021-08,수입,포르쉐,Taycan,93
2021-08,수입,렉서스,NX,91
2021-08,수입,캐딜락,Escalade,91
2021-08,수입,포르쉐,Panamera,89
2021-08,수입,푸조,2008,81
2021-08,수입,벤츠,GLA-Class,80
2021-08,수입,지프,Gladiator,76
2021-08,수입,BMW,Z4,75
2021-08,수입,아우디,A4,75
2021-08,수입,BMW,7 Series,74
2021-08,수입,아우디,e-tron,68
2021-08,수입,랜드로버,Range Rover Velar,66
2021-08,수입,지프,Renegade,63
2021-08,수입,지프,Grand Cherokee,57
2021-08,국산,현대,카운티,56
2021-08,수입,벤츠,GLS-Class,56
2021-08,국산,현대,코나 N,54
2021-08,수입,포르쉐,911,51
2021-08,수입,토요타,Prius,48
2021-08,수입,포르쉐,718 Boxster,45
2021-08,수입,벤츠,G-Class,41
2021-08,수입,포드,Ranger,41
2021-08,수입,마세라티,Levante,40
2021-08,국산,현대,쏠라티,38
2021-08,수입,푸조,5008,38
2021-08,수입,미니,Convertible,36
2021-08,수입,아우디,A7,36
2021-08,수입,지프,Cherokee,35
2021-08,수입,푸조,3008,34
2021-08,수입,볼보,V90 Cross Country,33
2021-08,수입,아우디,A5,32
2021-08,수입,푸조,e-208,32
2021-08,국산,르노코리아,마스터,31
2021-08,수입,람보르기니,Urus,31
2021-08,수입,랜드로버,Discovery Sport,31
2021-08,수입,랜드로버,Range Rover Evoque,29
2021-08,수입,BMW,8 Series,28
2021-08,수입,마세라티,Ghibli,28
2021-08,수입,포드,Mustang,27
2021-08,수입,BMW,M3,26
2021-08,수입,랜드로버,Discovery,25
2021-08,수입,링컨,Navigator,23
2021-08,수입,벤틀리,Bentayga,23
2021-08,국산,현대,벨로스터 N,22
2021-08,수입,BMW,M5,22
2021-08,수입,BMW,X1,22
2021-08,수입,벤틀리,Flying Spur,21
2021-08,수입,BMW,M4,20
2021-08,수입,포르쉐,Macan,19
2021-08,수입,재규어,F-Pace,18
2021-08,국산,기아,버스 (기아),17
2021-08,수입,토요타,Prius C,17
2021-08,국산,르노코리아,트위지,15
2021-08,수입,DS,DS3 Crossback,15
2021-08,수입,렉서스,LS,14
2021-08,수입,캐딜락,CT5,14
2021-08,국산,쉐보레,트랙스,12
2021-08,수입,BMW,X2,12
2021-08,수입,BMW,X4 M,12
2021-08,수입,BMW,X5 M,12
2021-08,수입,마세라티,Quattroporte,12
2021-08,수입,시트로엥,C3 Aircross,12
2021-08,수입,토요타,Sienna,12
2021-08,수입,포르쉐,718 Cayman,11
2021-08,수입,지프,Compass,10
2021-08,수입,캐딜락,XT5,10
2021-08,수입,토요타,Avalon,10
2021-08,수입,롤스로이스,Ghost,9
2021-08,수입,벤틀리,Continental GT,9
2021-08,수입,캐딜락,XT6,9
2021-08,수입,DS,DS7 Crossback,8
2021-08,수입,벤츠,Maybach GLS,8
2021-08,수입,푸조,308,8
2021-08,국산,쉐보레,카마로,7
2021-08,수입,BMW,X3 M,7
2021-08,수입,BMW,X6 M,7
2021-08,수입,시트로엥,C5 Aircross,7
2021-08,수입,캐딜락,CT4,7
2021-08,수입,포드,Expedition,7
2021-08,수입,혼다,Pilot,7
2021-08,수입,롤스로이스,Cullinan,6
2021-08,수입,시트로엥,C4 Cactus,6
2021-08,수입,푸조,508,6
2021-08,국산,쉐보레,볼트 EV,5
2021-08,수입,람보르기니,Huracan EVO,5
2021-08,수입,시트로엥,Grand C4 Spacetourer,5
2021-08,수입,BMW,M8,4
2021-08,수입,랜드로버,Range Rover Sport,4
2021-08,수입,푸조,508 SW,4
2021-08,국산,쉐보레,이쿼녹스,3
2021-08,수입,랜드로버,Range Rover,3
2021-08,수입,렉서스,LC,2
2021-08,수입,롤스로이스,Phantom,2
2021-08,수입,아우디,R8,2
2021-08,수입,BMW,2 Series Active Tourer,1
2021-08,수입,BMW,i3,1
2021-08,수입,렉서스,CT,1
2021-08,수입,렉서스,IS,1
2021-08,수입,링컨,Nautilus,1
2021-08,수입,재규어,F-Type,1
2021-08,수입,캐딜락,XT4,1
2021-08,수입,테슬라,Model X,1
2021-08,수입,토요타,GR SUPRA,1
2021-09,국산,현대,포터2,4916
2021-09,국산,현대,아반떼,4677
2021-09,국산,기아,스포티지,4386
2021-09,국산,제네시스,G80,3892
2021-09,국산,기아,쏘렌토,3820
2021-09,국산,기아,봉고 3,3597
2021-09,국산,현대,쏘나타,3575
2021-09,국산,기아,카니발,3437
2021-09,국산,현대,팰리세이드,3290
2021-09,국산,현대,그랜저,3216
2021-09,국산,기아,K8,3188
2021-09,국산,기아,레이,3030
2021-09,국산,현대,아이오닉 5,2983
2021-09,국산,현대,스타리아,2903
2021-09,국산,르노코리아,QM6,2833
2021-09,국산,기아,EV6,2654
2021-09,국산,기아,셀토스,2630
2021-09,국산,현대,싼타페,2189
2021-09,국산,기아,K3,2130
2021-09,국산,현대,투싼,2093
2021-09,국산,기아,K5,1998
2021-09,국산,기아,모닝,1937
2021-09,수입,벤츠,E-Class,1859
2021-09,국산,제네시스,GV70,1805
2021-09,국산,기아,니로,1765
2021-09,수입,테슬라,Model Y,1594
2021-09,국산,쉐보레,트레일블레이저,1582
2021-09,국산,현대,쏘나타 뉴 라이즈,1428
2021-09,수입,벤츠,GLC-Class,1381
2021-09,국산,제네시스,GV80,1290
2021-09,국산,쉐보레,스파크,1287
2021-09,국산,르노코리아,XM3,1168
2021-09,국산,현대,베뉴,1163
2021-09,국산,KGM,렉스턴 스포츠,1127
2021-09,국산,현대,버스/트럭 (현대),1007
2021-09,국산,현대,넥쏘,939
2021-09,국산,KGM,렉스턴 스포츠 칸,934
2021-09,수입,BMW,5 Series,854
2021-09,수입,BMW,X3,653
2021-09,국산,KGM,티볼리,652
2021-09,수입,테슬라,Model 3,612
2021-09,수입,BMW,X4,605
2021-09,국산,현대,마이티,586
2021-09,국산,쉐보레,콜로라도,579
2021-09,국산,기아,K9,559
2021-09,수입,BMW,3 Series,549
2021-09,국산,현대,아반떼 N,540
2021-09,수입,벤츠,GLE-Class,537
2021-09,국산,KGM,코란도,536
2021-09,수입,미니,Hatch,529
2021-09,국산,기아,모하비,528
2021-09,수입,벤츠,GLB-Class,511
2021-09,수입,BMW,X5,476
2021-09,수입,렉서스,ES,461
2021-09,수입,폭스바겐,Tiguan,454
2021-09,수입,벤츠,A-Class,403
2021-09,수입,벤츠,S-Class,393
2021-09,수입,BMW,X6,386
2021-09,국산,제네시스,G70,385
2021-09,수입,볼보,S90,379
2021-09,수입,폭스바겐,Jetta,363
2021-09,국산,현대,코나,336
2021-09,국산,KGM,티볼리 에어,319
2021-09,수입,아우디,A6,307
2021-09,수입,BMW,X7,300
2021-09,국산,KGM,렉스턴,291
2021-09,수입,지프,Renegade,291
2021-09,국산,쉐보레,트래버스,279
2021-09,수입,벤츠,CLA-Class,266
2021-09,국산,제네시스,G90,261
2021-09,수입,혼다,CR-V,260
2021-09,수입,아우디,Q8,237
2021-09,수입,아우디,Q5,234
2021-09,수입,BMW,6 Series,227
2021-09,수입,BMW,2 Series,224
2021-09,수입,BMW,1 Series,219
2021-09,수입,혼다,Accord,216
2021-09,수입,미니,Countryman,214
2021-09,국산,현대,캐스퍼,208
2021-09,수입,볼보,XC90,205
2021-09,수입,벤츠,CLS-Class,198
2021-09,수입,벤츠,AMG GT,189
2021-09,수입,아우디,Q7,184
2021-09,수입,볼보,S60,183
2021-09,수입,지프,Wrangler,174
2021-09,수입,볼보,XC60,170
2021-09,수입,포드,Ranger,163
2021-09,수입,포르쉐,Panamera,163
2021-09,수입,볼보,V60 Cross Country,161
2021-09,수입,미니,Clubman,154
2021-09,국산,르노코리아,SM6,153
2021-09,수입,랜드로버,Defender,142
2021-09,수입,BMW,7 Series,141
2021-09,수입,토요타,RAV4,131
2021-09,수입,볼보,XC40,128
2021-09,국산,기아,스팅어,127
2021-09,국산,쉐보레,말리부,127
2021-09,수입,벤츠,G-Class,120
2021-09,수입,벤츠,GLS-Class,117
2021-09,수입,아우디,e-tron,111
2021-09,수입,토요타,Camry,109
2021-09,수입,벤츠,C-Class,99
2021-09,수입,포르쉐,Taycan,93
2021-09,국산,르노코리아,마스터,92
2021-09,수입,푸조,2008,91
2021-09,국산,르노코리아,캡처,86
2021-09,수입,포르쉐,Cayenne,86
2021-09,수입,벤츠,Maybach S-Class,85
2021-09,수입,토요타,Prius,83
2021-09,수입,BMW,4 Series,81
2021-09,수입,링컨,Corsair,81
2021-09,수입,링컨,Aviator,77
2021-09,수입,렉서스,RX,75
2021-09,수입,토요타,Sienna,75
2021-09,국산,현대,카운티,74
2021-09,수입,지프,Gladiator,74
2021-09,수입,포드,Mustang,70
2021-09,수입,미니,Convertible,64
2021-09,수입,포드,Explorer,63
2021-09,수입,포르쉐,911,57
2021-09,수입,랜드로버,Discovery Sport,55
2021-09,수입,벤츠,GLA-Class,55
2021-09,수입,아우디,A8,55
2021-09,수입,렉서스,UX,51
2021-09,국산,르노코리아,조에,49
2021-09,국산,현대,쏠라티,49
2021-09,수입,포르쉐,Macan,49
2021-09,수입,BMW,X1,48
2021-09,수입,캐딜락,Escalade,48
2021-09,수입,BMW,Z4,47
2021-09,수입,랜드로버,Range Rover Evoque,42
2021-09,국산,현대,벨로스터 N,41
2021-09,수입,포르쉐,718 Boxster,38
2021-09,수입,렉서스,NX,34
2021-09,수입,푸조,5008,34
2021-09,수입,벤틀리,Flying Spur,33
2021-09,수입,볼보,V90 Cross Country,33
2021-09,수입,람보르기니,Urus,32
2021-09,수입,혼다,Odyssey,31
2021-09,수입,마세라티,Levante,30
2021-09,수입,푸조,3008,30
2021-09,수입,푸조,e-208,30
2021-09,수입,BMW,M3,28
2021-09,수입,BMW,8 Series,26
2021-09,수입,랜드로버,Discovery,25
2021-09,수입,시트로엥,Grand C4 Spacetourer,25
2021-09,수입,DS,DS3 Crossback,23
2021-09,수입,푸조,508,22
2021-09,수입,랜드로버,Range Rover Velar,21
2021-09,수입,렉서스,LS,21
2021-09,수입,지프,Grand Cherokee,21
2021-09,수입,토요타,Avalon,21
2021-09,국산,르노코리아,트위지,20
2021-09,수입,벤틀리,Bentayga,20
2021-09,수입,지프,Cherokee,20
2021-09,수입,캐딜락,XT5,17
2021-09,수입,토요타,Prius C,17
2021-09,국산,기아,버스 (기아),16
2021-09,수입,BMW,X5 M,16
2021-09,수입,롤스로이스,Ghost,16
2021-09,수입,벤츠,EQA,16
2021-09,수입,벤츠,Maybach GLS,15
2021-09,수입,캐딜락,CT4,15
2021-09,수입,시트로엥,C3 Aircross,14
2021-09,수입,BMW,M4,13
2021-09,수입,마세라티,Ghibli,13
2021-09,수입,벤틀리,Continental GT,12
2021-09,수입,지프,Compass,12
2021-09,수입,캐딜락,CT5,12
2021-09,국산,현대,코나 N,11
2021-09,수입,BMW,X2,11
2021-09,수입,아우디,A4,11
2021-09,국산,쉐보레,카마로,10
2021-09,수입,BMW,X6 M,10
2021-09,수입,BMW,M5,9
2021-09,수입,BMW,X3 M,9
2021-09,수입,시트로엥,C5 Aircross,9
2021-09,수입,재규어,F-Pace,9
2021-09,수입,BMW,X4 M,8
2021-09,수입,DS,DS7 Crossback,8
2021-09,수입,캐딜락,XT6,8
2021-09,수입,마세라티,Quattroporte,7
2021-09,국산,쉐보레,트랙스,6
2021-09,수입,링컨,Navigator,6
2021-09,수입,시트로엥,C4 Cactus,6
2021-09,수입,아우디,R8,6
2021-09,수입,혼다,Pilot,6
2021-09,수입,재규어,XF,5
2021-09,수입,푸조,308,5
2021-09,수입,푸조,508 SW,5
2021-09,수입,포르쉐,718 Cayman,4
2021-09,수입,아우디,A7,3
2021-09,수입,BMW,M8,2
2021-09,수입,BMW,i3,2
2021-09,수입,람보르기니,Huracan EVO,2
2021-09,수입,롤스로이스,Wraith,2
2021-09,수입,아우디,A5,2
2021-09,수입,재규어,F-Type,2
2021-09,국산,쉐보레,다마스,1
2021-09,국산,쉐보레,단종모델 (기타),1
2021-09,수입,랜드로버,Range Rover,1
2021-09,수입,렉서스,CT,1
2021-09,수입,렉서스,IS,1
2021-09,수입,롤스로이스,Cullinan,1
2021-09,수입,롤스로이스,Dawn,1
2021-09,수입,벤츠,EQC,1
2021-10,국산,현대,그랜저,9448
2021-10,국산,제네시스,G80,6119
2021-10,국산,기아,쏘렌토,5363
2021-10,국산,기아,스포티지,4258
2021-10,국산,기아,K8,4180
2021-10,국산,현대,포터2,4042
2021-10,국산,현대,쏘나타,4020
2021-10,국산,기아,봉고 3,3788
2021-10,국산,현대,아이오닉 5,3783
2021-10,국산,기아,카니발,3515
2021-10,국산,현대,싼타페,3494
2021-10,국산,르노코리아,QM6,3487
2021-10,국산,기아,레이,3399
2021-10,국산,현대,아반떼,3205
2021-10,국산,현대,투싼,2911
2021-10,국산,제네시스,GV70,2892
2021-10,국산,현대,스타리아,2775
2021-10,국산,기아,EV6,2762
2021-10,국산,현대,팰리세이드,2582
2021-10,국산,현대,캐스퍼,2506
2021-10,국산,기아,셀토스,2429
2021-10,국산,현대,쏘나타 뉴 라이즈,2116
2021-10,국산,기아,K5,1936
2021-10,국산,기아,니로,1896
2021-10,국산,제네시스,GV80,1828
2021-10,국산,기아,K3,1526
2021-10,국산,기아,모닝,1369
2021-10,국산,현대,버스/트럭 (현대),1292
2021-10,수입,아우디,A6,1276
2021-10,수입,BMW,5 Series,1262
2021-10,국산,쉐보레,스파크,1074
2021-10,국산,현대,베뉴,1003
2021-10,수입,벤츠,GLE-Class,953
2021-10,국산,현대,넥쏘,940
2021-10,국산,현대,코나,912
2021-10,국산,KGM,렉스턴 스포츠,883
2021-10,국산,현대,마이티,839
2021-10,국산,르노코리아,XM3,792
2021-10,국산,KGM,렉스턴 스포츠 칸,787
2021-10,수입,벤츠,S-Class,780
2021-10,국산,쉐보레,트레일블레이저,697
2021-10,국산,KGM,티볼리,649
2021-10,수입,폭스바겐,Jetta,633
2021-10,수입,벤츠,E-Class,622
2021-10,국산,기아,모하비,588
2021-10,국산,기아,K9,546
2021-10,수입,렉서스,ES,526
2021-10,수입,BMW,X3,492
2021-10,국산,KGM,코란도,477
2021-10,수입,BMW,3 Series,472
2021-10,수입,볼보,XC60,442
2021-10,수입,BMW,X5,428
2021-10,수입,BMW,X4,382
2021-10,국산,제네시스,G70,372
2021-10,수입,지프,Wrangler,366
2021-10,수입,벤츠,GLB-Class,348
2021-10,국산,르노코리아,SM6,343
2021-10,수입,미니,Hatch,333
2021-10,수입,포드,Explorer,330
2021-10,국산,KGM,렉스턴,328
2021-10,수입,볼보,S60,321
2021-10,수입,아우디,e-tron,321
2021-10,수입,BMW,6 Series,311
2021-10,국산,쉐보레,트래버스,310
2021-10,국산,르노코리아,마스터,297
2021-10,수입,벤츠,GLC-Class,282
2021-10,수입,BMW,X7,279
2021-10,수입,BMW,X6,275
2021-10,수입,혼다,Accord,275
2021-10,국산,제네시스,G90,270
2021-10,국산,쉐보레,말리부,256
2021-10,수입,BMW,7 Series,241
2021-10,국산,기아,스팅어,240
2021-10,수입,아우디,A4,239
2021-10,수입,혼다,CR-V,222
2021-10,수입,포르쉐,Panamera,209
2021-10,수입,아우디,Q8,205
2021-10,수입,아우디,Q5,194
2021-10,수입,토요타,Sienna,184
2021-10,수입,아우디,Q7,182
2021-10,수입,미니,Countryman,181
2021-10,수입,BMW,1 Series,179
2021-10,수입,미니,Clubman,174
2021-10,국산,현대,아반떼 N,163
2021-10,국산,KGM,티볼리 에어,155
2021-10,수입,토요타,RAV4,154
2021-10,국산,쉐보레,콜로라도,146
2021-10,수입,볼보,V60 Cross Country,139
2021-10,수입,볼보,XC90,128
2021-10,수입,벤츠,AMG GT,124
2021-10,수입,포르쉐,Macan,124
2021-10,수입,BMW,X1,118
2021-10,수입,링컨,Aviator,118
2021-10,수입,랜드로버,Discovery Sport,115
2021-10,국산,현대,카운티,109
2021-10,수입,벤츠,CLA-Class,109
2021-10,수입,푸조,2008,109
2021-10,수입,지프,Grand Cherokee,108
2021-10,수입,지프,Cherokee,100
2021-10,수입,BMW,4 Series,98
2021-10,수입,지프,Renegade,94
2021-10,수입,아우디,A8,93
2021-10,수입,랜드로버,Defender,91
2021-10,수입,포드,Mustang,87
2021-10,수입,BMW,2 Series,86
2021-10,수입,폭스바겐,Tiguan,86
2021-10,수입,토요타,Camry,79
2021-10,수입,지프,Gladiator,78
2021-10,수입,벤츠,CLS-Class,74
2021-10,수입,벤츠,GLS-Class,73
2021-10,수입,포드,Expedition,70
2021-10,수입,벤츠,C-Class,67
2021-10,수입,포르쉐,Cayenne,66
2021-10,국산,현대,코나 N,63
2021-10,수입,아우디,A5,63
2021-10,수입,아우디,A7,63
2021-10,수입,벤츠,A-Class,62
2021-10,국산,현대,쏠라티,56
2021-10,수입,포르쉐,Taycan,56
2021-10,수입,링컨,Corsair,55
2021-10,수입,캐딜락,Escalade,55
2021-10,수입,볼보,S90,53
2021-10,수입,벤츠,GLA-Class,52
2021-10,국산,제네시스,GV60,47
2021-10,수입,BMW,8 Series,46
2021-10,수입,BMW,Z4,46
2021-10,수입,렉서스,RX,46
2021-10,수입,토요타,Avalon,46
2021-10,국산,기아,버스 (기아),41
2021-10,수입,토요타,Prius,41
2021-10,수입,벤츠,Maybach S-Class,40
2021-10,국산,르노코리아,조에,39
2021-10,수입,렉서스,UX,39
2021-10,수입,푸조,3008,38
2021-10,수입,볼보,V90 Cross Country,37
2021-10,국산,르노코리아,캡처,36
2021-10,수입,푸조,e-208,35
2021-10,수입,DS,DS3 Crossback,34
2021-10,수입,포르쉐,911,34
2021-10,수입,푸조,5008,34
2021-10,수입,랜드로버,Range Rover Evoque,32
2021-10,수입,마세라티,Levante,31
2021-10,수입,시트로엥,C3 Aircross,30
2021-10,수입,람보르기니,Urus,29
2021-10,수입,랜드로버,Range Rover,29
2021-10,수입,혼다,Pilot,27
2021-10,국산,현대,벨로스터 N,26
2021-10,수입,랜드로버,Discovery,25
2021-10,수입,랜드로버,Range Rover Sport,25
2021-10,수입,푸조,508,24
2021-10,수입,렉서스,LS,23
2021-10,수입,포르쉐,718 Boxster,23
2021-10,수입,렉서스,NX,22
2021-10,수입,BMW,X2,21
2021-10,수입,링컨,Navigator,21
2021-10,수입,벤츠,G-Class,19
2021-10,수입,토요타,Prius C,17
2021-10,수입,BMW,M5,16
2021-10,수입,마세라티,Ghibli,16
2021-10,수입,시트로엥,Grand C4 Spacetourer,16
2021-10,수입,BMW,M3,15
2021-10,수입,포드,Ranger,15
2021-10,수입,미니,Convertible,13
2021-10,수입,BMW,M4,12
2021-10,수입,BMW,X4 M,12
2021-10,수입,캐딜락,CT5,12
2021-10,수입,롤스로이스,Ghost,11
2021-10,수입,벤틀리,Flying Spur,11
2021-10,수입,시트로엥,C5 Aircross,11
2021-10,수입,캐딜락,XT5,11
2021-10,국산,쉐보레,카마로,10
2021-10,수입,BMW,X3 M,10
2021-10,수입,BMW,X5 M,10
2021-10,수입,DS,DS7 Crossback,10
2021-10,수입,랜드로버,Range Rover Velar,10
2021-10,수입,마세라티,Quattroporte,10
2021-10,수입,벤츠,EQA,9
2021-10,수입,벤츠,Maybach GLS,9
2021-10,수입,캐딜락,XT6,9
2021-10,국산,르노코리아,트위지,8
2021-10,수입,BMW,X6 M,7
2021-10,수입,BMW,M8,6
2021-10,수입,푸조,308,6
2021-10,수입,볼보,XC40,5
2021-10,수입,재규어,F-Pace,5
2021-10,수입,캐딜락,CT4,5
2021-10,수입,지프,Compass,4
2021-10,수입,푸조,508 SW,4
2021-10,수입,벤틀리,Bentayga,3
2021-10,수입,벤틀리,Continental GT,3
2021-10,수입,시트로엥,C4 Cactus,3
2021-10,수입,아우디,R8,3
2021-10,수입,테슬라,Model 3,3
2021-10,수입,람보르기니,Aventador,2
2021-10,수입,람보르기니,Huracan EVO,2
2021-10,수입,혼다,Odyssey,2
2021-10,국산,기아,K7,1
2021-10,수입,롤스로이스,Phantom,1
2021-10,수입,링컨,Nautilus,1
2021-10,수입,재규어,F-Type,1
2021-10,수입,재규어,XF,1
2021-11,국산,기아,스포티지,7540
2021-11,국산,현대,포터2,7288
2021-11,국산,현대,그랜저,6918
2021-11,국산,기아,봉고 3,6049
2021-11,국산,현대,아반떼,5348
2021-11,국산,기아,쏘렌토,4903
2021-11,국산,현대,쏘나타,4849
2021-11,국산,현대,팰리세이드,4503
2021-11,국산,기아,K5,4483
2021-11,국산,기아,K8,4417
2021-11,국산,현대,캐스퍼,3965
2021-11,국산,제네시스,G80,3946
2021-11,국산,현대,투싼,3861
2021-11,국산,르노코리아,QM6,3748
2021-11,국산,기아,카니발,3395
2021-11,국산,제네시스,GV70,3379
2021-11,국산,제네시스,GV80,3233
2021-11,국산,현대,스타리아,3031
2021-11,국산,기아,레이,3028
2021-11,국산,기아,셀토스,3012
2021-11,국산,현대,싼타페,2895
2021-11,국산,기아,K3,2342
2021-11,국산,현대,아이오닉 5,2228
2021-11,국산,기아,EV6,2202
2021-11,국산,기아,모닝,1941
2021-11,국산,르노코리아,XM3,1645
2021-11,국산,KGM,렉스턴 스포츠,1618
2021-11,국산,KGM,렉스턴 스포츠 칸,1541
2021-11,국산,기아,니로,1438
2021-11,국산,KGM,티볼리,1340
2021-11,국산,현대,버스/트럭 (현대),1334
2021-11,수입,아우디,A6,1225
2021-11,국산,현대,베뉴,1194
2021-11,국산,쉐보레,스파크,1120
2021-11,수입,테슬라,Model 3,1106
2021-11,수입,벤츠,S-Class,960
2021-11,수입,BMW,5 Series,876
2021-11,국산,현대,넥쏘,865
2021-11,국산,현대,마이티,808
2021-11,국산,KGM,코란도,803
2021-11,수입,렉서스,ES,698
2021-11,수입,BMW,3 Series,630
2021-11,국산,쉐보레,트레일블레이저,628
2021-11,수입,벤츠,GLE-Class,621
2021-11,수입,포드,Explorer,601
2021-11,국산,제네시스,G70,552
2021-11,국산,현대,코나,532
2021-11,국산,기아,모하비,529
2021-11,국산,KGM,티볼리 에어,507
2021-11,수입,볼보,XC40,497
2021-11,국산,KGM,렉스턴,468
2021-11,국산,기아,K9,453
2021-11,국산,르노코리아,SM6,433
2021-11,수입,테슬라,Model Y,421
2021-11,수입,벤츠,E-Class,420
2021-11,수입,BMW,X5,410
2021-11,수입,아우디,e-tron,408
2021-11,수입,아우디,A4,407
2021-11,국산,제네시스,GV60,406
2021-11,수입,폭스바겐,Jetta,395
2021-11,수입,폭스바겐,Tiguan,384
2021-11,수입,혼다,Accord,351
2021-11,수입,BMW,X7,348
2021-11,수입,BMW,X6,334
2021-11,국산,현대,쏘나타 뉴 라이즈,330
2021-11,국산,쉐보레,말리부,326
2021-11,국산,쉐보레,트래버스,318
2021-11,수입,미니,Hatch,317
2021-11,수입,BMW,X4,292
2021-11,수입,볼보,S90,288
2021-11,수입,미니,Countryman,248
2021-11,수입,벤츠,CLA-Class,242
2021-11,국산,기아,스팅어,241
2021-11,국산,제네시스,G90,240
2021-11,수입,토요타,RAV4,238
2021-11,수입,BMW,4 Series,233
2021-11,국산,르노코리아,마스터,231
2021-11,수입,지프,Renegade,231
2021-11,수입,BMW,X3,220
2021-11,수입,아우디,Q5,196
2021-11,수입,볼보,XC60,191
2021-11,수입,링컨,Aviator,189
2021-11,수입,벤츠,GLB-Class,188
2021-11,수입,지프,Wrangler,185
2021-11,수입,벤츠,AMG GT,184
2021-11,수입,벤츠,EQA,174
2021-11,수입,아우디,Q7,174
2021-11,수입,벤츠,CLS-Class,169
2021-11,국산,쉐보레,트랙스,161
2021-11,수입,랜드로버,Discovery Sport,157
2021-11,수입,토요타,Sienna,146
2021-11,수입,미니,Clubman,145
2021-11,수입,BMW,7 Series,142
2021-11,수입,토요타,Camry,141
2021-11,수입,BMW,X1,135
2021-11,국산,현대,카운티,132
2021-11,수입,볼보,S60,132
2021-11,수입,폭스바겐,T-Roc,131
2021-11,수입,벤츠,GLS-Class,129
2021-11,수입,링컨,Corsair,128
2021-11,수입,포르쉐,Cayenne,126
2021-11,수입,벤츠,G-Class,123
2021-11,수입,볼보,V60 Cross Country,123
2021-11,수입,BMW,1 Series,121
2021-11,수입,벤츠,C-Class,117
2021-11,수입,벤츠,GLC-Class,112
2021-11,수입,BMW,6 Series,111
2021-11,수입,아우디,A5,102
2021-11,수입,포르쉐,Panamera,102
2021-11,수입,포드,Ranger,98
2021-11,수입,지프,Grand Cherokee,96
2021-11,수입,혼다,CR-V,94
2021-11,국산,현대,아반떼 N,93
2021-11,수입,렉서스,UX,88
2021-11,수입,아우디,Q8,86
2021-11,수입,지프,Gladiator,83
2021-11,수입,포르쉐,911,75
2021-11,국산,기아,버스 (기아),69
2021-11,수입,렉서스,RX,68
2021-11,수입,포르쉐,Taycan,68
2021-11,국산,현대,쏠라티,65
2021-11,국산,현대,코나 N,63
2021-11,수입,랜드로버,Range Rover Evoque,60
2021-11,국산,쉐보레,콜로라도,59
2021-11,수입,벤틀리,Flying Spur,59
2021-11,수입,BMW,iX,58
2021-11,수입,포드,Mustang,58
2021-11,수입,마세라티,Levante,56
2021-11,수입,볼보,XC90,56
2021-11,수입,지프,Cherokee,54
2021-11,수입,푸조,2008,54
2021-11,수입,푸조,3008,53
2021-11,수입,포르쉐,718 Boxster,49
2021-11,수입,BMW,2 Series,48
2021-11,수입,아우디,A8,48
2021-11,수입,BMW,8 Series,47
2021-11,수입,토요타,Avalon,44
2021-11,수입,포드,Expedition,44
2021-11,국산,르노코리아,캡처,42
2021-11,수입,혼다,Pilot,39
2021-11,수입,랜드로버,Range Rover Sport,37
2021-11,수입,랜드로버,Range Rover,35
2021-11,수입,벤츠,A-Class,35
2021-11,수입,BMW,Z4,33
2021-11,수입,벤츠,Maybach S-Class,33
2021-11,수입,랜드로버,Defender,32
2021-11,수입,아우디,A7,32
2021-11,수입,BMW,X2,31
2021-11,수입,볼보,V90 Cross Country,30
2021-11,수입,토요타,Prius,30
2021-11,수입,벤츠,GLA-Class,29
2021-11,수입,미니,Convertible,28
2021-11,수입,푸조,5008,25
2021-11,국산,르노코리아,조에,24
2021-11,수입,캐딜락,Escalade,24
2021-11,수입,푸조,508,24
2021-11,수입,벤틀리,Bentayga,22
2021-11,수입,링컨,Navigator,19
2021-11,수입,푸조,508 SW,19
2021-11,수입,BMW,M3,18
2021-11,수입,BMW,M4,18
2021-11,수입,시트로엥,Grand C4 Spacetourer,18
2021-11,수입,랜드로버,Discovery,17
2021-11,수입,마세라티,Ghibli,16
2021-11,수입,포르쉐,Macan,15
2021-11,수입,캐딜락,XT6,14
2021-11,국산,현대,벨로스터 N,13
2021-11,수입,BMW,X5 M,13
2021-11,수입,랜드로버,Range Rover Velar,13
2021-11,수입,벤틀리,Continental GT,13
2021-11,수입,BMW,M5,12
2021-11,수입,BMW,X6 M,11
2021-11,수입,푸조,e-208,11
2021-11,수입,BMW,iX3,10
2021-11,수입,DS,DS7 Crossback,10
2021-11,수입,BMW,i3,9
2021-11,수입,렉서스,LS,9
2021-11,수입,포르쉐,718 Cayman,9
2021-11,수입,롤스로이스,Ghost,8
2021-11,수입,시트로엥,C5 Aircross,8
2021-11,수입,재규어,F-Type,8
2021-11,수입,벤츠,Maybach GLS,7
2021-11,국산,르노코리아,트위지,6
2021-11,수입,BMW,X4 M,6
2021-11,수입,재규어,F-Pace,6
2021-11,수입,캐딜락,XT5,6
2021-11,국산,쉐보레,카마로,5
2021-11,수입,람보르기니,Huracan EVO,4
2021-11,수입,롤스로이스,Cullinan,4
2021-11,수입,마세라티,Quattroporte,4
2021-11,수입,시트로엥,C4 Cactus,4
2021-11,수입,아우디,R8,4
2021-11,수입,BMW,M8,3
2021-11,수입,렉서스,NX,3
2021-11,수입,롤스로이스,Wraith,3
2021-11,수입,BMW,X3 M,2
2021-11,수입,DS,DS3 Crossback,2
2021-11,수입,람보르기니,Urus,2
2021-11,수입,롤스로이스,Dawn,2
2021-11,수입,벤츠,EQS,2
2021-11,수입,푸조,308,2
2021-11,수입,롤스로이스,Phantom,1
2021-11,수입,시트로엥,C3 Aircross,1
2021-11,수입,재규어,XF,1
2021-11,수입,지프,Compass,1
2021-11,수입,토요타,Prius C,1
2021-12,국산,현대,그랜저,7740
2021-12,국산,현대,포터2,7633
2021-12,국산,기아,스포티지,7442
2021-12,국산,현대,아반떼,6767
2021-12,국산,제네시스,G80,6194
2021-12,국산,기아,카니발,5619
2021-12,국산,기아,쏘렌토,5561
2021-12,국산,기아,K5,4592
2021-12,국산,기아,봉고 3,4553
2021-12,국산,기아,셀토스,4191
2021-12,국산,현대,캐스퍼,4127
2021-12,국산,현대,쏘나타,4048
2021-12,국산,기아,K8,4011
2021-12,국산,르노코리아,QM6,3987
2021-12,국산,제네시스,GV70,3850
2021-12,국산,현대,팰리세이드,3716
2021-12,국산,현대,싼타페,3525
2021-12,국산,현대,투싼,3327
2021-12,국산,제네시스,GV80,3303
2021-12,국산,기아,레이,2842
2021-12,수입,벤츠,E-Class,2776
2021-12,국산,르노코리아,XM3,2450
2021-12,수입,아우디,A6,2429
2021-12,국산,기아,모닝,2321
2021-12,국산,현대,스타리아,2256
2021-12,국산,기아,K3,2204
2021-12,국산,현대,쏘나타 뉴 라이즈,1988
2021-12,수입,벤츠,S-Class,1820
2021-12,국산,기아,EV6,1495
2021-12,국산,KGM,렉스턴 스포츠,1488
2021-12,국산,KGM,렉스턴 스포츠 칸,1441
2021-12,국산,KGM,티볼리,1350
2021-12,국산,기아,니로,1315
2021-12,국산,현대,아이오닉 5,1193
2021-12,국산,현대,버스/트럭 (현대),1165
2021-12,국산,현대,베뉴,1165
2021-12,국산,현대,코나,1136
2021-12,수입,BMW,5 Series,1130
2021-12,국산,기아,모하비,1020
2021-12,국산,KGM,코란도,795
2021-12,수입,포드,Explorer,771
2021-12,국산,쉐보레,스파크,748
2021-12,국산,현대,마이티,748
2021-12,국산,제네시스,GV60,737
2021-12,국산,쉐보레,트레일블레이저,666
2021-12,수입,렉서스,ES,632
2021-12,수입,아우디,A4,594
2021-12,국산,르노코리아,SM6,513
2021-12,국산,제네시스,G70,487
2021-12,수입,BMW,X5,444
2021-12,수입,BMW,3 Series,433
2021-12,수입,지프,Grand Cherokee,423
2021-12,수입,BMW,X3,398
2021-12,수입,아우디,e-tron,375
2021-12,수입,볼보,S90,373
2021-12,국산,KGM,렉스턴,370
2021-12,국산,KGM,티볼리 에어,366
2021-12,수입,볼보,XC60,351
2021-12,수입,벤츠,G-Class,346
2021-12,수입,미니,Hatch,344
2021-12,수입,지프,Renegade,341
2021-12,수입,BMW,X7,332
2021-12,국산,기아,K9,329
2021-12,국산,쉐보레,콜로라도,324
2021-12,수입,BMW,X4,323
2021-12,수입,폭스바겐,T-Roc,321
2021-12,국산,쉐보레,트래버스,307
2021-12,국산,제네시스,G90,301
2021-12,수입,벤츠,EQA,300
2021-12,수입,폭스바겐,Jetta,297
2021-12,국산,현대,넥쏘,296
2021-12,수입,아우디,A5,291
2021-12,수입,BMW,6 Series,275
2021-12,수입,벤츠,GLC-Class,251
2021-12,국산,쉐보레,트랙스,241
2021-12,국산,기아,스팅어,225
2021-12,국산,쉐보레,말리부,223
2021-12,수입,아우디,A7,221
2021-12,수입,볼보,V60 Cross Country,217
2021-12,수입,토요타,Camry,208
2021-12,수입,링컨,Aviator,205
2021-12,수입,볼보,XC40,203
2021-12,수입,벤츠,Maybach S-Class,200
2021-12,수입,벤츠,GLE-Class,197
2021-12,수입,폭스바겐,Tiguan,192
2021-12,수입,미니,Countryman,190
2021-12,수입,토요타,RAV4,189
2021-12,국산,현대,아반떼 N,188
2021-12,수입,혼다,Accord,188
2021-12,수입,미니,Clubman,173
2021-12,수입,BMW,7 Series,171
2021-12,수입,BMW,X6,162
2021-12,수입,지프,Wrangler,162
2021-12,국산,르노코리아,마스터,159
2021-12,수입,벤츠,CLA-Class,154
2021-12,수입,링컨,Corsair,152
2021-12,수입,아우디,Q7,146
2021-12,수입,지프,Gladiator,139
2021-12,수입,벤츠,EQS,134
2021-12,수입,볼보,S60,130
2021-12,수입,벤츠,A-Class,128
2021-12,수입,벤츠,GLB-Class,125
2021-12,수입,아우디,Q5,124
2021-12,수입,벤츠,CLS-Class,119
2021-12,수입,BMW,iX3,118
2021-12,국산,현대,카운티,116
2021-12,수입,볼보,XC90,114
2021-12,수입,폭스바겐,Passat GT,110
2021-12,수입,혼다,CR-V,86
2021-12,수입,BMW,iX,82
2021-12,수입,아우디,e-tron GT,80
2021-12,수입,BMW,4 Series,78
2021-12,수입,BMW,1 Series,76
2021-12,수입,랜드로버,Discovery Sport,74
2021-12,수입,마세라티,Levante,74
2021-12,수입,푸조,3008,74
2021-12,수입,랜드로버,Defender,70
2021-12,국산,기아,버스 (기아),68
2021-12,수입,랜드로버,Range Rover Evoque,64
2021-12,수입,포르쉐,Panamera,64
2021-12,수입,벤츠,GLA-Class,63
2021-12,수입,아우디,A8,63
2021-12,수입,포드,Ranger,63
2021-12,수입,렉서스,UX,56
2021-12,수입,포르쉐,718 Boxster,54
2021-12,수입,포르쉐,Taycan,53
2021-12,수입,벤츠,AMG GT,52
2021-12,수입,푸조,5008,52
2021-12,수입,토요타,Sienna,51
2021-12,수입,포드,Mustang,48
2021-12,수입,아우디,Q8,46
2021-12,수입,토요타,Prius,46
2021-12,수입,렉서스,RX,45
2021-12,수입,푸조,2008,43
2021-12,국산,현대,코나 N,42
2021-12,수입,벤츠,GLS-Class,40
2021-12,수입,BMW,2 Series,39
2021-12,수입,포르쉐,Cayenne,39
2021-12,수입,벤츠,C-Class,38
2021-12,수입,랜드로버,Discovery,37
2021-12,수입,링컨,Navigator,36
2021-12,수입,BMW,X1,34
2021-12,수입,지프,Cherokee,34
2021-12,국산,현대,벨로스터 N,33
2021-12,국산,현대,쏠라티,31
2021-12,수입,푸조,508,31
2021-12,수입,볼보,V90 Cross Country,30
2021-12,수입,포드,Expedition,30
2021-12,수입,BMW,8 Series,29
2021-12,수입,미니,Convertible,28
2021-12,수입,포르쉐,911,27
2021-12,국산,르노코리아,조에,26
2021-12,수입,재규어,F-Pace,26
2021-12,수입,혼다,Pilot,26
2021-12,수입,랜드로버,Range Rover Velar,25
2021-12,수입,렉서스,LS,25
2021-12,국산,르노코리아,캡처,24
2021-12,수입,람보르기니,Urus,24
2021-12,수입,마세라티,Ghibli,24
2021-12,수입,랜드로버,Range Rover,23
2021-12,수입,BMW,M3,22
2021-12,수입,랜드로버,Range Rover Sport,20
2021-12,수입,BMW,X2,18
2021-12,수입,BMW,Z4,16
2021-12,수입,시트로엥,Grand C4 Spacetourer,16
2021-12,수입,캐딜락,XT6,16
2021-12,수입,마세라티,Quattroporte,14
2021-12,수입,토요타,Avalon,14
2021-12,수입,포르쉐,Macan,14
2021-12,수입,캐딜락,Escalade,13
2021-12,수입,포르쉐,718 Cayman,13
2021-12,수입,벤틀리,Continental GT,11
2021-12,수입,시트로엥,C5 Aircross,11
2021-12,수입,BMW,M4,10
2021-12,수입,BMW,X6 M,10
2021-12,수입,벤틀리,Flying Spur,10
2021-12,수입,푸조,e-208,10
2021-12,수입,벤츠,Maybach GLS,9
2021-12,수입,롤스로이스,Cullinan,8
2021-12,수입,재규어,F-Type,8
2021-12,수입,BMW,X5 M,7
2021-12,국산,쉐보레,카마로,6
2021-12,수입,BMW,M8,6
2021-12,수입,DS,DS7 Crossback,6
2021-12,수입,BMW,M5,5
2021-12,수입,BMW,X3 M,5
2021-12,수입,BMW,X4 M,5
2021-12,수입,BMW,i3,5
2021-12,수입,테슬라,Model 3,5
2021-12,수입,테슬라,Model Y,5
2021-12,수입,람보르기니,Huracan EVO,4
2021-12,수입,캐딜락,CT5,4
2021-12,국산,르노코리아,트위지,3
2021-12,국산,쉐보레,단종모델 (말리부 2.4),3
2021-12,수입,롤스로이스,Ghost,3
2021-12,수입,시트로엥,C4 Cactus,3
2021-12,수입,캐딜락,XT5,3
2021-12,수입,푸조,508 SW,3
2021-12,수입,람보르기니,Aventador,2
2021-12,수입,롤스로이스,Phantom,2
2021-12,수입,아우디,Q2,2
2021-12,수입,아우디,R8,2
2021-12,수입,캐딜락,XT4,2
2021-12,수입,푸조,308,2
2021-12,국산,기아,스토닉,1
2021-12,국산,쉐보레,이쿼녹스,1
2021-12,수입,롤스로이스,Dawn,1
2021-12,수입,링컨,Nautilus,1
2021-12,수입,벤틀리,Bentayga,1
2021-12,수입,캐딜락,CT4,1
2021-12,수입,토요타,Prius C,1
2022-01,국산,제네시스,G80,5501
2022-01,국산,현대,포터2,5443
2022-01,국산,현대,아반떼,5099
2022-01,국산,기아,쏘렌토,5066
2022-01,국산,기아,봉고 3,4643
2022-01,국산,기아,스포티지,4455
2022-01,국산,현대,팰리세이드,4302
2022-01,국산,기아,카니발,4114
2022-01,국산,현대,캐스퍼,3948
2022-01,국산,현대,투싼,3619
2022-01,국산,기아,레이,3598
2022-01,국산,기아,셀토스,3468
2022-01,국산,기아,K5,3342
2022-01,국산,르노코리아,QM6,2865
2022-01,국산,현대,스타리아,2810
2022-01,국산,기아,K8,2566
2022-01,국산,제네시스,GV70,2410
2022-01,국산,현대,싼타페,2159
2022-01,수입,BMW,5 Series,1997
2022-01,국산,현대,쏘나타,1895
2022-01,수입,벤츠,E-Class,1884
2022-01,국산,제네시스,GV80,1876
2022-01,국산,현대,그랜저,1806
2022-01,국산,기아,K3,1792
2022-01,국산,기아,모닝,1534
2022-01,국산,KGM,렉스턴 스포츠 칸,1495
2022-01,국산,KGM,렉스턴 스포츠,1483
2022-01,국산,르노코리아,XM3,1418
2022-01,국산,기아,니로,1224
2022-01,국산,현대,버스/트럭 (현대),1090
2022-01,수입,벤츠,S-Class,927
2022-01,국산,현대,베뉴,925
2022-01,국산,KGM,티볼리,858
2022-01,국산,쉐보레,트레일블레이저,709
2022-01,국산,현대,마이티,681
2022-01,수입,BMW,3 Series,550
2022-01,국산,KGM,코란도,536
2022-01,국산,제네시스,G70,533
2022-01,수입,BMW,X5,505
2022-01,수입,포드,Explorer,503
2022-01,국산,기아,K9,487
2022-01,국산,현대,코나,453
2022-01,수입,아우디,A6,423
2022-01,수입,렉서스,ES,407
2022-01,국산,기아,모하비,406
2022-01,수입,BMW,X7,405
2022-01,수입,미니,Hatch,384
2022-01,국산,현대,아이오닉 5,376
2022-01,수입,BMW,X3,353
2022-01,국산,현대,아반떼 N,338
2022-01,수입,폭스바겐,Jetta,332
2022-01,수입,BMW,6 Series,329
2022-01,국산,쉐보레,콜로라도,320
2022-01,국산,현대,넥쏘,319
2022-01,수입,볼보,XC60,309
2022-01,수입,BMW,X4,279
2022-01,수입,폭스바겐,Tiguan,274
2022-01,수입,아우디,A4,272
2022-01,수입,폭스바겐,T-Roc,264
2022-01,수입,미니,Countryman,254
2022-01,수입,볼보,S90,244
2022-01,국산,KGM,티볼리 에어,237
2022-01,국산,KGM,렉스턴,227
2022-01,수입,지프,Renegade,216
2022-01,수입,BMW,X1,215
2022-01,수입,포르쉐,Cayenne,208
2022-01,수입,BMW,7 Series,194
2022-01,수입,아우디,A7,178
2022-01,국산,제네시스,GV60,177
2022-01,국산,기아,스팅어,166
2022-01,수입,벤츠,Maybach S-Class,152
2022-01,수입,혼다,Accord,151
2022-01,국산,쉐보레,말리부,148
2022-01,수입,폭스바겐,Arteon,148
2022-01,수입,토요타,Camry,147
2022-01,수입,BMW,1 Series,145
2022-01,수입,미니,Clubman,142
2022-01,수입,볼보,XC40,142
2022-01,국산,현대,쏘나타 뉴 라이즈,141
2022-01,수입,볼보,S60,138
2022-01,수입,포르쉐,Taycan,138
2022-01,국산,현대,카운티,134
2022-01,수입,벤츠,GLE-Class,132
2022-01,수입,볼보,XC90,132
2022-01,수입,포르쉐,Panamera,130
2022-01,수입,폭스바겐,Golf,129
2022-01,국산,르노코리아,SM6,124
2022-01,수입,지프,Grand Cherokee,120
2022-01,수입,포르쉐,911,117
2022-01,국산,기아,EV6,115
2022-01,국산,쉐보레,트랙스,110
2022-01,수입,BMW,4 Series,108
2022-01,수입,아우디,Q7,96
2022-01,수입,링컨,Aviator,93
2022-01,수입,BMW,2 Series,87
2022-01,수입,아우디,Q8,85
2022-01,수입,벤츠,EQA,84
2022-01,수입,토요타,Sienna,82
2022-01,국산,제네시스,G90,78
2022-01,수입,지프,Cherokee,78
2022-01,수입,BMW,X6,76
2022-01,수입,포르쉐,718 Boxster,75
2022-01,수입,랜드로버,Defender,74
2022-01,수입,아우디,Q5,74
2022-01,수입,혼다,Odyssey,71
2022-01,국산,르노코리아,마스터,66
2022-01,수입,폭스바겐,Passat GT,66
2022-01,수입,혼다,CR-V,65
2022-01,수입,벤츠,GLS-Class,63
2022-01,국산,기아,버스 (기아),62
2022-01,수입,BMW,iX3,61
2022-01,수입,아우디,A8,61
2022-01,수입,푸조,3008,58
2022-01,수입,지프,Gladiator,57
2022-01,수입,BMW,iX,55
2022-01,수입,랜드로버,Range Rover Evoque,54
2022-01,수입,포드,Mustang,54
2022-01,수입,벤츠,EQC,50
2022-01,수입,랜드로버,Discovery Sport,47
2022-01,수입,링컨,Corsair,46
2022-01,수입,렉서스,RX,45
2022-01,수입,벤츠,EQS,45
2022-01,수입,랜드로버,Discovery,43
2022-01,수입,푸조,5008,41
2022-01,국산,현대,쏠라티,40
2022-01,수입,토요타,Prius,40
2022-01,수입,미니,Convertible,39
2022-01,수입,BMW,Z4,36
2022-01,수입,렉서스,UX,36
2022-01,수입,BMW,8 Series,34
2022-01,수입,BMW,M3,34
2022-01,수입,벤츠,GLC-Class,33
2022-01,수입,토요타,Avalon,33
2022-01,수입,아우디,e-tron,31
2022-01,수입,포드,Ranger,31
2022-01,수입,마세라티,Levante,27
2022-01,수입,지프,Wrangler,27
2022-01,국산,현대,코나 N,26
2022-01,수입,BMW,M4,26
2022-01,국산,쉐보레,트래버스,25
2022-01,국산,쉐보레,스파크,23
2022-01,수입,랜드로버,Range Rover Velar,23
2022-01,수입,볼보,V60 Cross Country,23
2022-01,수입,아우디,A5,23
2022-01,국산,현대,벨로스터 N,21
2022-01,수입,폴스타,Polestar 2,20
2022-01,수입,렉서스,LS,19
2022-01,수입,랜드로버,Range Rover Sport,18
2022-01,수입,아우디,e-tron GT,18
2022-01,수입,랜드로버,Range Rover,17
2022-01,수입,롤스로이스,Cullinan,17
2022-01,수입,링컨,Navigator,17
2022-01,수입,벤틀리,Continental GT,17
2022-01,수입,포드,Expedition,17
2022-01,수입,벤츠,AMG GT,16
2022-01,수입,볼보,V90 Cross Country,16
2022-01,수입,BMW,X2,15
2022-01,수입,재규어,F-Pace,15
2022-01,수입,캐딜락,XT4,14
2022-01,수입,시트로엥,Grand C4 Spacetourer,13
2022-01,수입,BMW,M5,11
2022-01,수입,마세라티,Ghibli,11
2022-01,수입,캐딜락,XT6,11
2022-01,수입,벤틀리,Flying Spur,10
2022-01,국산,쉐보레,카마로,9
2022-01,수입,BMW,X6 M,9
2022-01,수입,람보르기니,Urus,9
2022-01,수입,BMW,X3 M,8
2022-01,수입,벤틀리,Bentayga,8
2022-01,수입,아우디,R8,8
2022-01,수입,혼다,Pilot,8
2022-01,수입,BMW,X5 M,7
2022-01,수입,람보르기니,Huracan EVO,7
2022-01,수입,BMW,X4 M,6
2022-01,수입,캐딜락,CT4,6
2022-01,수입,포르쉐,718 Cayman,6
2022-01,수입,푸조,508,6
2022-01,수입,BMW,M8,5
2022-01,수입,DS,DS7 Crossback,5
2022-01,수입,렉서스,LC,5
2022-01,수입,벤츠,A-Class,5
2022-01,수입,시트로엥,C5 Aircross,5
2022-01,수입,캐딜락,Escalade,5
2022-01,국산,르노코리아,조에,4
2022-01,수입,푸조,2008,4
2022-01,수입,롤스로이스,Ghost,3
2022-01,수입,롤스로이스,Phantom,3
2022-01,수입,벤츠,CLA-Class,3
2022-01,수입,벤츠,CLS-Class,3
2022-01,수입,벤츠,Maybach GLS,3
2022-01,수입,포르쉐,Macan,3
2022-01,수입,DS,DS3 Crossback,2
2022-01,수입,마세라티,Quattroporte,2
2022-01,수입,벤츠,C-Class,2
2022-01,수입,벤츠,G-Class,2
2022-01,수입,토요타,RAV4,2
2022-01,수입,렉서스,RC,1
2022-01,수입,벤츠,GLB-Class,1
2022-01,수입,시트로엥,C4 Cactus,1
2022-01,수입,캐딜락,CT5,1
2022-01,수입,테슬라,Model Y,1
2022-01,수입,푸조,308,1
2022-02,국산,현대,포터2,7995
2022-02,국산,기아,봉고 3,6377
2022-02,국산,기아,쏘렌토,4776
2022-02,국산,제네시스,G80,4655
2022-02,국산,현대,그랜저,4490
2022-02,국산,현대,아이오닉 5,3995
2022-02,국산,현대,팰리세이드,3900
2022-02,국산,기아,스포티지,3781
2022-02,국산,기아,셀토스,3538
2022-02,국산,현대,아반떼,3365
2022-02,국산,현대,캐스퍼,3304
2022-02,국산,기아,레이,3218
2022-02,국산,기아,카니발,3127
2022-02,국산,현대,쏘나타,2977
2022-02,국산,기아,K8,2932
2022-02,국산,현대,투싼,2684
2022-02,수입,벤츠,E-Class,2671
2022-02,국산,제네시스,GV70,2592
2022-02,국산,기아,니로,2569
2022-02,국산,기아,K5,2562
2022-02,국산,르노코리아,QM6,2142
2022-02,국산,현대,스타리아,2057
2022-02,수입,BMW,5 Series,1902
2022-02,국산,제네시스,GV80,1782
2022-02,국산,기아,EV6,1706
2022-02,국산,기아,모닝,1700
2022-02,국산,현대,싼타페,1680
2022-02,국산,기아,K3,1573
2022-02,수입,벤츠,S-Class,1436
2022-02,국산,KGM,렉스턴 스포츠,1285
2022-02,국산,KGM,렉스턴 스포츠 칸,1280
2022-02,국산,현대,쏘나타 뉴 라이즈,1199
2022-02,국산,제네시스,G90,1073
2022-02,국산,르노코리아,XM3,1062
2022-02,국산,쉐보레,트레일블레이저,1041
2022-02,국산,현대,버스/트럭 (현대),953
2022-02,국산,기아,모하비,950
2022-02,국산,현대,코나,892
2022-02,국산,KGM,티볼리,810
2022-02,국산,현대,넥쏘,650
2022-02,국산,쉐보레,스파크,622
2022-02,국산,현대,마이티,616
2022-02,국산,현대,베뉴,615
2022-02,국산,KGM,코란도,607
2022-02,국산,제네시스,G70,565
2022-02,국산,기아,K9,537
2022-02,수입,BMW,X5,514
2022-02,수입,벤츠,CLA-Class,481
2022-02,국산,쉐보레,콜로라도,432
2022-02,수입,포르쉐,Cayenne,429
2022-02,수입,BMW,X6,420
2022-02,수입,BMW,3 Series,419
2022-02,수입,벤츠,A-Class,413
2022-02,수입,BMW,X7,396
2022-02,수입,렉서스,ES,373
2022-02,수입,아우디,A6,371
2022-02,국산,제네시스,GV60,349
2022-02,수입,BMW,X4,337
2022-02,국산,현대,아반떼 N,332
2022-02,수입,BMW,X3,327
2022-02,수입,BMW,6 Series,326
2022-02,수입,폭스바겐,Jetta,314
2022-02,수입,벤츠,GLE-Class,301
2022-02,수입,미니,Hatch,290
2022-02,수입,볼보,XC60,285
2022-02,국산,KGM,렉스턴,283
2022-02,국산,르노코리아,SM6,283
2022-02,국산,KGM,티볼리 에어,275
2022-02,수입,폭스바겐,T-Roc,259
2022-02,수입,폭스바겐,Tiguan,249
2022-02,수입,미니,Countryman,231
2022-02,수입,BMW,X1,223
2022-02,수입,지프,Renegade,211
2022-02,수입,테슬라,Model 3,203
2022-02,수입,벤츠,Maybach S-Class,200
2022-02,수입,아우디,Q5,199
2022-02,수입,링컨,Aviator,198
2022-02,수입,아우디,Q8,198
2022-02,수입,BMW,7 Series,188
2022-02,수입,볼보,S60,185
2022-02,국산,현대,카운티,169
2022-02,국산,기아,스팅어,164
2022-02,수입,아우디,A7,163
2022-02,국산,쉐보레,트랙스,157
2022-02,수입,포르쉐,Taycan,157
2022-02,수입,벤츠,GLC-Class,154
2022-02,수입,폭스바겐,Golf,153
2022-02,수입,볼보,XC40,151
2022-02,수입,미니,Clubman,147
2022-02,수입,BMW,4 Series,139
2022-02,수입,볼보,S90,138
2022-02,수입,토요타,Camry,138
2022-02,수입,볼보,XC90,131
2022-02,국산,르노코리아,조에,127
2022-02,수입,아우디,A8,126
2022-02,수입,혼다,CR-V,121
2022-02,국산,쉐보레,말리부,118
2022-02,수입,BMW,2 Series,110
2022-02,수입,지프,Grand Cherokee,109
2022-02,수입,혼다,Accord,103
2022-02,수입,아우디,Q7,99
2022-02,수입,BMW,1 Series,97
2022-02,수입,벤츠,GLB-Class,91
2022-02,수입,볼보,V60 Cross Country,88
2022-02,수입,포드,Explorer,81
2022-02,수입,토요타,Sienna,80
2022-02,수입,폭스바겐,Arteon,78
2022-02,수입,렉서스,RX,77
2022-02,수입,푸조,3008,77
2022-02,국산,르노코리아,마스터,73
2022-02,수입,지프,Gladiator,70
2022-02,수입,벤츠,EQA,67
2022-02,수입,포르쉐,Panamera,65
2022-02,국산,현대,쏠라티,64
2022-02,수입,BMW,iX3,63
2022-02,국산,쉐보레,트래버스,61
2022-02,수입,포르쉐,911,61
2022-02,수입,벤츠,GLS-Class,60
2022-02,수입,포르쉐,718 Boxster,59
2022-02,수입,볼보,V90 Cross Country,56
2022-02,수입,폭스바겐,Passat GT,55
2022-02,국산,기아,버스 (기아),50
2022-02,수입,랜드로버,Discovery Sport,46
2022-02,수입,벤츠,EQS,43
2022-02,수입,푸조,5008,41
2022-02,수입,랜드로버,Defender,40
2022-02,수입,푸조,2008,40
2022-02,수입,랜드로버,Discovery,37
2022-02,수입,랜드로버,Range Rover Evoque,37
2022-02,수입,미니,Convertible,37
2022-02,수입,포드,Ranger,37
2022-02,수입,벤츠,EQC,35
2022-02,수입,BMW,X2,33
2022-02,수입,지프,Cherokee,33
2022-02,수입,아우디,e-tron,32
2022-02,수입,혼다,Odyssey,32
2022-02,국산,르노코리아,트위지,31
2022-02,국산,현대,코나 N,31
2022-02,수입,마세라티,Levante,29
2022-02,수입,포드,Mustang,29
2022-02,수입,토요타,Prius,28
2022-02,수입,포드,Expedition,28
2022-02,수입,BMW,M4,27
2022-02,수입,미니,Electric,27
2022-02,수입,토요타,Avalon,27
2022-02,국산,현대,벨로스터 N,26
2022-02,수입,벤틀리,Flying Spur,25
2022-02,수입,BMW,iX,24
2022-02,수입,랜드로버,Range Rover,20
2022-02,수입,BMW,Z4,19
2022-02,수입,아우디,A4,19
2022-02,수입,푸조,508,19
2022-02,수입,렉서스,LS,18
2022-02,수입,링컨,Navigator,18
2022-02,수입,지프,Wrangler,18
2022-02,국산,쉐보레,카마로,16
2022-02,수입,BMW,M3,16
2022-02,수입,람보르기니,Urus,16
2022-02,수입,롤스로이스,Ghost,15
2022-02,수입,마세라티,Ghibli,15
2022-02,수입,BMW,i3,14
2022-02,수입,BMW,8 Series,12
2022-02,수입,BMW,X3 M,12
2022-02,수입,아우디,R8,12
2022-02,수입,재규어,F-Pace,11
2022-02,수입,BMW,X4 M,10
2022-02,수입,BMW,X6 M,10
2022-02,수입,볼보,XC40 Recharge,10
2022-02,수입,BMW,M5,9
2022-02,수입,벤츠,CLS-Class,9
2022-02,수입,DS,DS7 Crossback,8
2022-02,수입,롤스로이스,Cullinan,8
2022-02,수입,BMW,X5 M,7
2022-02,수입,마세라티,Quattroporte,7
2022-02,수입,벤틀리,Continental GT,7
2022-02,수입,캐딜락,CT4,7
2022-02,수입,랜드로버,Range Rover Sport,6
2022-02,수입,렉서스,UX,6
2022-02,수입,포르쉐,718 Cayman,6
2022-02,수입,아우디,e-tron GT,5
2022-02,수입,재규어,XF,5
2022-02,수입,포드,Bronco,5
2022-02,수입,랜드로버,Range Rover Velar,4
2022-02,수입,링컨,Corsair,4
2022-02,수입,벤츠,AMG GT,4
2022-02,수입,시트로엥,C5 Aircross,4
2022-02,수입,캐딜락,Escalade,4
2022-02,수입,토요타,Prius Prime,4
2022-02,수입,푸조,e-208,4
2022-02,수입,벤틀리,Bentayga,3
2022-02,수입,볼보,C40 Recharge,3
2022-02,수입,시트로엥,Grand C4 Spacetourer,3
2022-02,수입,아우디,A5,3
2022-02,수입,캐딜락,XT5,3
2022-02,수입,BMW,M8,2
2022-02,수입,벤츠,C-Class,2
2022-02,수입,벤츠,GLA-Class,2
2022-02,수입,캐딜락,CT5,2
2022-02,수입,캐딜락,XT4,2
2022-02,수입,캐딜락,XT6,2
2022-02,수입,테슬라,Model Y,2
2022-02,수입,토요타,RAV4,2
2022-02,수입,푸조,508 SW,2
2022-02,수입,람보르기니,Huracan EVO,1
2022-02,수입,마세라티,MC20,1
2022-02,수입,벤츠,Maybach GLS,1
2022-02,수입,재규어,F-Type,1
2022-03,국산,현대,그랜저,6663
2022-03,국산,기아,쏘렌토,5435
2022-03,국산,기아,스포티지,4919
2022-03,국산,현대,포터2,4708
2022-03,국산,기아,봉고 3,4649
2022-03,국산,현대,팰리세이드,4501
2022-03,국산,기아,셀토스,4266
2022-03,국산,기아,카니발,4065
2022-03,국산,제네시스,G80,3967
2022-03,국산,현대,캐스퍼,3725
2022-03,국산,기아,레이,3566
2022-03,국산,기아,모닝,3559
2022-03,국산,현대,아반떼,3490
2022-03,국산,현대,쏘나타,3263
2022-03,국산,현대,아이오닉 5,3208
2022-03,수입,벤츠,E-Class,2915
2022-03,국산,현대,투싼,2740
2022-03,국산,기아,K8,2722
2022-03,국산,기아,EV6,2689
2022-03,국산,기아,K5,2642
2022-03,수입,테슬라,Model 3,2495
2022-03,국산,기아,니로,2413
2022-03,국산,르노코리아,QM6,2411
2022-03,국산,현대,스타리아,2096
2022-03,국산,기아,K3,2020
2022-03,국산,제네시스,GV80,1959
2022-03,국산,제네시스,GV70,1907
2022-03,국산,제네시스,G90,1897
2022-03,국산,현대,싼타페,1860
2022-03,국산,쉐보레,트레일블레이저,1750
2022-03,수입,BMW,5 Series,1532
2022-03,국산,르노코리아,XM3,1524
2022-03,국산,KGM,렉스턴 스포츠,1493
2022-03,국산,현대,버스/트럭 (현대),1400
2022-03,국산,KGM,렉스턴 스포츠 칸,1292
2022-03,국산,쉐보레,스파크,1280
2022-03,수입,벤츠,GLE-Class,1247
2022-03,수입,벤츠,S-Class,1204
2022-03,국산,KGM,티볼리,1077
2022-03,국산,현대,쏘나타 뉴 라이즈,1054
2022-03,국산,기아,K9,1001
2022-03,수입,BMW,3 Series,931
2022-03,국산,기아,모하비,852
2022-03,국산,현대,마이티,781
2022-03,수입,BMW,X5,743
2022-03,수입,볼보,S90,726
2022-03,수입,BMW,X3,715
2022-03,국산,현대,코나,712
2022-03,국산,제네시스,GV60,685
2022-03,국산,현대,베뉴,673
2022-03,수입,벤츠,GLC-Class,613
2022-03,수입,벤츠,CLS-Class,583
2022-03,국산,KGM,코란도,566
2022-03,수입,BMW,X7,561
2022-03,수입,BMW,X4,516
2022-03,수입,BMW,X6,515
2022-03,국산,현대,넥쏘,445
2022-03,수입,렉서스,ES,441
2022-03,국산,제네시스,G70,416
2022-03,수입,미니,Hatch,414
2022-03,국산,현대,아반떼 N,402
2022-03,수입,폭스바겐,Tiguan,402
2022-03,수입,포르쉐,Cayenne,381
2022-03,수입,아우디,A6,364
2022-03,수입,토요타,Camry,331
2022-03,국산,KGM,렉스턴,328
2022-03,수입,지프,Renegade,316
2022-03,수입,벤츠,EQA,315
2022-03,수입,미니,Countryman,299
2022-03,수입,폭스바겐,T-Roc,287
2022-03,수입,벤츠,GLS-Class,278
2022-03,수입,벤츠,CLA-Class,277
2022-03,수입,벤츠,A-Class,274
2022-03,국산,KGM,티볼리 에어,268
2022-03,수입,벤츠,GLB-Class,263
2022-03,국산,쉐보레,콜로라도,257
2022-03,수입,폴스타,Polestar 2,249
2022-03,수입,미니,Clubman,237
2022-03,수입,BMW,6 Series,228
2022-03,국산,기아,스팅어,218
2022-03,수입,미니,Electric,215
2022-03,수입,아우디,Q5,210
2022-03,수입,BMW,7 Series,208
2022-03,국산,르노코리아,SM6,203
2022-03,국산,르노코리아,조에,198
2022-03,수입,푸조,2008,195
2022-03,수입,BMW,1 Series,192
2022-03,수입,볼보,XC40,191
2022-03,수입,벤츠,Maybach S-Class,188
2022-03,수입,BMW,iX3,180
2022-03,수입,벤츠,C-Class,175
2022-03,수입,포르쉐,911,175
2022-03,수입,벤츠,AMG GT,171
2022-03,국산,현대,카운티,161
2022-03,수입,볼보,XC60,156
2022-03,수입,폭스바겐,Jetta,154
2022-03,국산,쉐보레,말리부,150
2022-03,수입,BMW,X1,150
2022-03,국산,쉐보레,트랙스,144
2022-03,수입,BMW,2 Series,125
2022-03,수입,링컨,Aviator,124
2022-03,수입,폭스바겐,Arteon,123
2022-03,수입,포드,Ranger,110
2022-03,수입,포르쉐,Taycan,110
2022-03,수입,아우디,A7,109
2022-03,수입,미니,Convertible,108
2022-03,수입,아우디,A4,107
2022-03,수입,포르쉐,Macan,107
2022-03,수입,지프,Wrangler,104
2022-03,수입,포르쉐,Panamera,104
2022-03,수입,랜드로버,Defender,103
2022-03,국산,현대,쏠라티,93
2022-03,수입,벤츠,G-Class,91
2022-03,수입,벤츠,EQS,88
2022-03,수입,아우디,Q8,88
2022-03,수입,토요타,Sienna,88
2022-03,수입,아우디,Q7,87
2022-03,수입,볼보,V60 Cross Country,85
2022-03,수입,벤츠,GLA-Class,84
2022-03,수입,혼다,CR-V,82
2022-03,국산,르노코리아,트위지,81
2022-03,국산,KGM,코란도 이모션,78
2022-03,수입,렉서스,RX,78
2022-03,수입,아우디,A8,77
2022-03,수입,캐딜락,Escalade,74
2022-03,수입,폭스바겐,Passat GT,74
2022-03,수입,토요타,Prius,71
2022-03,수입,랜드로버,Discovery Sport,67
2022-03,수입,지프,Grand Cherokee,65
2022-03,수입,볼보,XC90,58
2022-03,수입,아우디,e-tron,57
2022-03,수입,BMW,4 Series,52
2022-03,수입,포르쉐,718 Boxster,52
2022-03,수입,지프,Gladiator,51
2022-03,국산,기아,버스 (기아),50
2022-03,수입,푸조,3008,48
2022-03,국산,르노코리아,마스터,47
2022-03,국산,현대,코나 N,47
2022-03,수입,마세라티,Levante,47
2022-03,수입,포드,Explorer,43
2022-03,수입,랜드로버,Range Rover Evoque,38
2022-03,수입,아우디,e-tron GT,35
2022-03,수입,토요타,Avalon,33
2022-03,수입,BMW,i4,32
2022-03,수입,BMW,M4,31
2022-03,수입,볼보,C40 Recharge,31
2022-03,국산,현대,벨로스터 N,30
2022-03,수입,볼보,XC40 Recharge,30
2022-03,수입,벤틀리,Flying Spur,27
2022-03,수입,람보르기니,Urus,26
2022-03,수입,혼다,Accord,26
2022-03,수입,렉서스,LS,25
2022-03,수입,푸조,5008,25
2022-03,수입,마세라티,Ghibli,23
2022-03,수입,포르쉐,718 Cayman,22
2022-03,수입,푸조,e-208,22
2022-03,수입,랜드로버,Range Rover Sport,21
2022-03,수입,BMW,X3 M,20
2022-03,수입,링컨,Navigator,20
2022-03,수입,BMW,X4 M,18
2022-03,수입,랜드로버,Discovery,18
2022-03,수입,벤틀리,Continental GT,18
2022-03,수입,아우디,A5,18
2022-03,국산,쉐보레,트래버스,17
2022-03,수입,볼보,V90 Cross Country,17
2022-03,수입,BMW,8 Series,16
2022-03,수입,BMW,X2,16
2022-03,수입,랜드로버,Range Rover,16
2022-03,수입,링컨,Nautilus,15
2022-03,수입,볼보,S60,15
2022-03,수입,포드,Mustang,15
2022-03,수입,랜드로버,Range Rover Velar,14
2022-03,수입,폭스바겐,Golf,13
2022-03,국산,쉐보레,카마로,12
2022-03,수입,BMW,i3,12
2022-03,수입,혼다,Odyssey,12
2022-03,수입,DS,DS7 Crossback,10
2022-03,수입,시트로엥,C5 Aircross,10
2022-03,수입,BMW,M3,9
2022-03,수입,BMW,iX,9
2022-03,수입,롤스로이스,Ghost,9
2022-03,수입,마세라티,Quattroporte,9
2022-03,수입,포드,Expedition,9
2022-03,수입,링컨,Corsair,8
2022-03,수입,롤스로이스,Cullinan,7
2022-03,수입,벤틀리,Bentayga,7
2022-03,수입,BMW,M8,6
2022-03,수입,렉서스,UX,6
2022-03,수입,마세라티,MC20,6
2022-03,수입,BMW,M5,5
2022-03,수입,BMW,X5 M,5
2022-03,수입,BMW,X6 M,5
2022-03,수입,BMW,Z4,5
2022-03,수입,롤스로이스,Phantom,5
2022-03,수입,재규어,F-Pace,5
2022-03,수입,지프,Cherokee,5
2022-03,수입,DS,DS3 Crossback,4
2022-03,수입,람보르기니,Huracan EVO,4
2022-03,수입,렉서스,LC,4
2022-03,수입,재규어,XF,4
2022-03,수입,캐딜락,CT5,4
2022-03,수입,아우디,R8,3
2022-03,수입,재규어,F-Type,3
2022-03,수입,시트로엥,C4 Cactus,2
2022-03,수입,캐딜락,CT4,2
2022-03,수입,캐딜락,XT4,2
2022-03,수입,토요타,Prius Prime,2
2022-03,수입,혼다,Pilot,2
2022-03,수입,벤츠,EQC,1
2022-03,수입,테슬라,Model Y,1
2022-03,수입,토요타,Prius C Crossover,1
2022-04,국산,현대,포터2,8423
2022-04,국산,기아,봉고 3,6528
2022-04,국산,현대,아반떼,5830
2022-04,국산,기아,쏘렌토,5551
2022-04,국산,현대,그랜저,5192
2022-04,국산,기아,카니발,5121
2022-04,국산,기아,스포티지,4556
2022-04,국산,현대,팰리세이드,4461
2022-04,국산,기아,K8,4176
2022-04,국산,현대,투싼,4175
2022-04,국산,제네시스,G80,4023
2022-04,국산,기아,레이,3993
2022-04,국산,기아,니로,3613
2022-04,국산,현대,캐스퍼,3420
2022-04,국산,기아,셀토스,3364
2022-04,국산,기아,EV6,2976
2022-04,국산,현대,아이오닉 5,2963
2022-04,국산,기아,모닝,2790
2022-04,수입,벤츠,E-Class,2781
2022-04,국산,현대,쏘나타,2656
2022-04,국산,기아,K5,2624
2022-04,수입,BMW,5 Series,2391
2022-04,국산,현대,스타리아,2387
2022-04,국산,기아,K3,2351
2022-04,국산,제네시스,G90,2129
2022-04,국산,제네시스,GV70,2100
2022-04,국산,현대,싼타페,1997
2022-04,국산,제네시스,GV80,1753
2022-04,국산,현대,쏘나타 뉴 라이즈,1509
2022-04,국산,기아,모하비,1497
2022-04,국산,쉐보레,스파크,1363
2022-04,국산,현대,넥쏘,1294
2022-04,수입,벤츠,C-Class,1269
2022-04,국산,KGM,렉스턴 스포츠,1161
2022-04,국산,KGM,렉스턴 스포츠 칸,1149
2022-04,국산,쉐보레,트레일블레이저,1109
2022-04,국산,르노코리아,XM3,1104
2022-04,국산,KGM,티볼리,1101
2022-04,수입,벤츠,S-Class,1059
2022-04,국산,현대,버스/트럭 (현대),884
2022-04,국산,르노코리아,QM6,847
2022-04,국산,제네시스,GV60,796
2022-04,국산,현대,베뉴,790
2022-04,국산,KGM,코란도,771
2022-04,국산,현대,코나,737
2022-04,수입,BMW,3 Series,694
2022-04,국산,기아,K9,664
2022-04,국산,현대,마이티,600
2022-04,국산,현대,아반떼 N,552
2022-04,수입,BMW,6 Series,502
2022-04,국산,제네시스,G70,489
2022-04,수입,벤츠,GLB-Class,474
2022-04,수입,폴스타,Polestar 2,460
2022-04,수입,BMW,X3,433
2022-04,수입,볼보,S90,429
2022-04,수입,BMW,X5,427
2022-04,수입,아우디,A6,390
2022-04,수입,렉서스,ES,383
2022-04,수입,BMW,7 Series,380
2022-04,수입,벤츠,GLC-Class,376
2022-04,수입,벤츠,CLS-Class,350
2022-04,수입,지프,Wrangler,322
2022-04,국산,KGM,티볼리 에어,320
2022-04,국산,KGM,렉스턴,307
2022-04,수입,BMW,X6,300
2022-04,수입,토요타,RAV4,297
2022-04,수입,벤츠,G-Class,275
2022-04,수입,벤츠,GLE-Class,269
2022-04,수입,볼보,XC40,265
2022-04,수입,포르쉐,Cayenne,253
2022-04,수입,BMW,i4,250
2022-04,수입,BMW,X1,248
2022-04,수입,BMW,X7,241
2022-04,국산,기아,스팅어,235
2022-04,수입,포르쉐,Macan,235
2022-04,수입,미니,Hatch,226
2022-04,수입,벤츠,Maybach S-Class,226
2022-04,국산,르노코리아,SM6,223
2022-04,수입,미니,Countryman,220
2022-04,수입,폭스바겐,Arteon,211
2022-04,수입,토요타,Camry,199
2022-04,수입,폭스바겐,Golf,197
2022-04,수입,BMW,X4,181
2022-04,수입,폭스바겐,Tiguan,181
2022-04,수입,벤츠,AMG GT,179
2022-04,수입,볼보,XC60,178
2022-04,수입,포르쉐,911,176
2022-04,수입,지프,Renegade,171
2022-04,수입,아우디,Q5,161
2022-04,수입,벤츠,GLS-Class,160
2022-04,수입,볼보,XC90,159
2022-04,수입,폭스바겐,T-Roc,152
2022-04,수입,미니,Clubman,135
2022-04,수입,미니,Electric,135
2022-04,국산,쉐보레,트랙스,134
2022-04,국산,현대,카운티,126
2022-04,수입,벤츠,A-Class,119
2022-04,수입,링컨,Aviator,118
2022-04,수입,볼보,C40 Recharge,118
2022-04,수입,포르쉐,Taycan,115
2022-04,국산,쉐보레,말리부,110
2022-04,수입,아우디,Q8,110
2022-04,수입,벤츠,CLA-Class,109
2022-04,수입,BMW,2 Series,102
2022-04,수입,BMW,4 Series,98
2022-04,수입,BMW,iX3,93
2022-04,수입,벤츠,EQA,93
2022-04,수입,혼다,Accord,92
2022-04,수입,포드,Explorer,89
2022-04,수입,아우디,A7,86
2022-04,수입,폭스바겐,Passat GT,86
2022-04,국산,르노코리아,마스터,82
2022-04,수입,링컨,Nautilus,77
2022-04,수입,아우디,A8,75
2022-04,수입,아우디,Q7,75
2022-04,국산,쉐보레,콜로라도,74
2022-04,수입,혼다,Odyssey,74
2022-04,국산,르노코리아,조에,72
2022-04,수입,벤츠,EQS,72
2022-04,국산,현대,쏠라티,71
2022-04,수입,BMW,1 Series,71
2022-04,수입,BMW,X2,71
2022-04,수입,포르쉐,Panamera,70
2022-04,수입,랜드로버,Range Rover Evoque,68
2022-04,수입,캐딜락,Escalade,67
2022-04,수입,링컨,Corsair,66
2022-04,수입,토요타,Sienna,66
2022-04,수입,푸조,2008,66
2022-04,수입,볼보,XC40 Recharge,65
2022-04,수입,렉서스,RX,64
2022-04,수입,미니,Convertible,63
2022-04,수입,푸조,3008,62
2022-04,수입,BMW,Z4,61
2022-04,수입,볼보,V90 Cross Country,61
2022-04,국산,쉐보레,볼트 EUV,59
2022-04,수입,아우디,e-tron,59
2022-04,국산,쉐보레,타호,58
2022-04,국산,기아,버스 (기아),56
2022-04,수입,포르쉐,718 Boxster,52
2022-04,수입,아우디,A4,50
2022-04,수입,토요타,Prius,50
2022-04,수입,포드,Ranger,48
2022-04,수입,볼보,V60 Cross Country,46
2022-04,수입,BMW,M4,43
2022-04,수입,벤틀리,Flying Spur,42
2022-04,수입,랜드로버,Discovery Sport,40
2022-04,수입,지프,Gladiator,40
2022-04,국산,현대,코나 N,36
2022-04,수입,랜드로버,Defender,35
2022-04,국산,쉐보레,트래버스,34
2022-04,수입,푸조,5008,34
2022-04,수입,마세라티,Levante,33
2022-04,수입,지프,Grand Cherokee,32
2022-04,국산,KGM,코란도 이모션,30
2022-04,수입,혼다,CR-V,29
2022-04,수입,포드,Mustang,26
2022-04,수입,아우디,A5,25
2022-04,수입,포드,Bronco,23
2022-04,국산,현대,벨로스터 N,22
2022-04,수입,벤틀리,Continental GT,22
2022-04,수입,BMW,8 Series,20
2022-04,수입,렉서스,LS,20
2022-04,수입,마세라티,Ghibli,20
2022-04,수입,토요타,GR SUPRA,20
2022-04,수입,폭스바겐,Jetta,20
2022-04,수입,아우디,e-tron GT,19
2022-04,수입,랜드로버,Range Rover Sport,17
2022-04,수입,포르쉐,718 Cayman,17
2022-04,수입,토요타,Avalon,16
2022-04,수입,BMW,M5,15
2022-04,수입,랜드로버,Range Rover,15
2022-04,수입,BMW,X4 M,14
2022-04,수입,람보르기니,Urus,11
2022-04,수입,볼보,S60,11
2022-04,수입,재규어,F-Pace,11
2022-04,국산,쉐보레,카마로,10
2022-04,수입,BMW,X3 M,9
2022-04,수입,람보르기니,Huracan EVO,9
2022-04,수입,랜드로버,Discovery,9
2022-04,수입,벤츠,GLA-Class,9
2022-04,수입,BMW,M3,8
2022-04,수입,재규어,XF,7
2022-04,수입,롤스로이스,Ghost,6
2022-04,수입,링컨,Navigator,6
2022-04,수입,랜드로버,Range Rover Velar,5
2022-04,수입,렉서스,UX,5
2022-04,수입,마세라티,Quattroporte,4
2022-04,수입,BMW,M8,3
2022-04,수입,DS,DS3 Crossback,3
2022-04,수입,렉서스,NX,3
2022-04,수입,롤스로이스,Cullinan,3
2022-04,수입,롤스로이스,Phantom,3
2022-04,수입,캐딜락,XT6,3
2022-04,수입,BMW,X5 M,2
2022-04,수입,렉서스,UX 300e,2
2022-04,수입,벤츠,EQC,2
2022-04,수입,벤틀리,Bentayga,2
2022-04,수입,BMW,iX,1
2022-04,수입,DS,DS7 Crossback,1
2022-04,수입,렉서스,LC,1
2022-04,수입,마세라티,MC20,1
2022-04,수입,시트로엥,C5 Aircross,1
2022-04,수입,아우디,R8,1
2022-04,수입,재규어,F-Type,1
2022-04,수입,캐딜락,CT5,1
2022-04,수입,캐딜락,XT5,1
2022-04,수입,테슬라,Model Y,1
2022-04,수입,푸조,e-208,1
2022-05,국산,현대,포터2,8299
2022-05,국산,현대,그랜저,7602
2022-05,국산,기아,봉고 3,5741
2022-05,국산,기아,카니발,5485
2022-05,국산,기아,쏘렌토,5356
2022-05,국산,현대,아반떼,4547
2022-05,국산,기아,스포티지,4542
2022-05,국산,현대,캐스퍼,4402
2022-05,국산,제네시스,G80,4330
2022-05,국산,현대,팰리세이드,4110
2022-05,국산,기아,레이,3788
2022-05,국산,현대,투싼,3722
2022-05,국산,기아,K8,3636
2022-05,수입,벤츠,E-Class,3526
2022-05,국산,현대,아이오닉 5,3054
2022-05,국산,현대,스타리아,2914
2022-05,국산,기아,EV6,2864
2022-05,국산,기아,셀토스,2863
2022-05,국산,제네시스,GV70,2859
2022-05,국산,기아,니로,2686
2022-05,국산,기아,K5,2618
2022-05,국산,현대,싼타페,2477
2022-05,국산,제네시스,G90,2329
2022-05,국산,현대,쏘나타,2313
2022-05,국산,기아,모닝,2258
2022-05,국산,르노코리아,XM3,1907
2022-05,수입,BMW,5 Series,1765
2022-05,국산,현대,버스/트럭 (현대),1733
2022-05,국산,기아,K3,1726
2022-05,국산,현대,쏘나타 뉴 라이즈,1677
2022-05,국산,제네시스,GV80,1635
2022-05,국산,현대,넥쏘,1270
2022-05,국산,르노코리아,QM6,1248
2022-05,국산,쉐보레,스파크,1247
2022-05,국산,기아,모하비,1208
2022-05,국산,KGM,티볼리,1017
2022-05,국산,KGM,렉스턴 스포츠,976
2022-05,수입,테슬라,Model Y,960
2022-05,수입,테슬라,Model 3,920
2022-05,국산,KGM,렉스턴 스포츠 칸,901
2022-05,국산,쉐보레,트레일블레이저,876
2022-05,국산,현대,마이티,868
2022-05,수입,아우디,A6,846
2022-05,수입,벤츠,S-Class,827
2022-05,국산,현대,베뉴,776
2022-05,국산,현대,코나,740
2022-05,국산,KGM,코란도,726
2022-05,국산,제네시스,GV60,724
2022-05,수입,BMW,3 Series,675
2022-05,수입,벤츠,GLE-Class,558
2022-05,국산,르노코리아,SM6,553
2022-05,수입,BMW,X5,539
2022-05,수입,BMW,X3,514
2022-05,수입,폭스바겐,Arteon,507
2022-05,수입,벤츠,CLS-Class,486
2022-05,수입,BMW,X6,430
2022-05,수입,벤츠,C-Class,428
2022-05,국산,기아,K9,419
2022-05,수입,미니,Hatch,410
2022-05,국산,현대,아반떼 N,371
2022-05,수입,폭스바겐,Tiguan,370
2022-05,수입,벤츠,A-Class,367
2022-05,국산,제네시스,G70,357
2022-05,수입,BMW,X1,344
2022-05,수입,BMW,6 Series,336
2022-05,수입,지프,Wrangler,332
2022-05,국산,KGM,렉스턴,330
2022-05,국산,KGM,티볼리 에어,325
2022-05,국산,쉐보레,콜로라도,320
2022-05,수입,BMW,X7,320
2022-05,수입,미니,Clubman,303
2022-05,수입,볼보,XC90,299
2022-05,수입,렉서스,ES,298
2022-05,수입,토요타,RAV4,297
2022-05,수입,벤츠,GLS-Class,290
2022-05,수입,링컨,Nautilus,289
2022-05,수입,BMW,X4,284
2022-05,수입,포드,Bronco,267
2022-05,수입,BMW,7 Series,250
2022-05,수입,아우디,Q5,228
2022-05,수입,링컨,Aviator,220
2022-05,수입,BMW,1 Series,218
2022-05,국산,기아,스팅어,206
2022-05,국산,기아,니로 플러스,204
2022-05,수입,볼보,XC60,197
2022-05,수입,벤츠,GLC-Class,194
2022-05,수입,아우디,A5,189
2022-05,수입,포르쉐,Taycan,187
2022-05,수입,미니,Countryman,183
2022-05,수입,포르쉐,Cayenne,181
2022-05,수입,미니,Electric,162
2022-05,수입,벤츠,GLB-Class,161
2022-05,수입,벤츠,AMG GT,150
2022-05,수입,폴스타,Polestar 2,150
2022-05,국산,현대,쏠라티,149
2022-05,수입,포르쉐,911,140
2022-05,수입,볼보,XC40,136
2022-05,수입,벤츠,Maybach S-Class,133
2022-05,수입,지프,Grand Cherokee,130
2022-05,수입,BMW,Z4,126
2022-05,수입,아우디,A7,123
2022-05,수입,BMW,i4,120
2022-05,수입,BMW,4 Series,119
2022-05,수입,혼다,CR-V,118
2022-05,수입,아우디,A4,113
2022-05,수입,아우디,Q7,112
2022-05,수입,폭스바겐,Golf,109
2022-05,국산,쉐보레,트랙스,107
2022-05,수입,볼보,S90,106
2022-05,수입,볼보,S60,104
2022-05,수입,포드,Ranger,102
2022-05,국산,쉐보레,타호,100
2022-05,수입,포르쉐,Panamera,96
2022-05,수입,폭스바겐,Passat GT,94
2022-05,수입,아우디,A8,90
2022-05,수입,혼다,Accord,87
2022-05,수입,BMW,iX3,83
2022-05,수입,토요타,Camry,81
2022-05,수입,벤츠,EQA,79
2022-05,수입,볼보,V60 Cross Country,79
2022-05,수입,지프,Renegade,78
2022-05,수입,BMW,2 Series,72
2022-05,수입,BMW,X2,70
2022-05,수입,링컨,Corsair,70
2022-05,수입,포드,Explorer,66
2022-05,수입,캐딜락,Escalade,65
2022-05,수입,볼보,C40 Recharge,64
2022-05,국산,기아,버스 (기아),63
2022-05,수입,아우디,e-tron,63
2022-05,국산,현대,카운티,62
2022-05,수입,렉서스,RX,60
2022-05,수입,혼다,Odyssey,60
2022-05,국산,쉐보레,말리부,57
2022-05,수입,벤츠,EQS,57
2022-05,수입,벤츠,G-Class,56
2022-05,수입,포르쉐,718 Boxster,54
2022-05,수입,벤틀리,Flying Spur,52
2022-05,수입,폭스바겐,T-Roc,52
2022-05,수입,아우디,Q8,50
2022-05,수입,지프,Gladiator,50
2022-05,수입,폭스바겐,Jetta,50
2022-05,수입,토요타,Prius,49
2022-05,수입,BMW,M4,46
2022-05,수입,랜드로버,Range Rover Evoque,45
2022-05,수입,아우디,Q3,44
2022-05,수입,벤츠,GLA-Class,42
2022-05,수입,토요타,GR 86,40
2022-05,수입,마세라티,Levante,38
2022-05,수입,푸조,3008,36
2022-05,수입,랜드로버,Defender,35
2022-05,국산,현대,벨로스터 N,34
2022-05,수입,벤츠,CLA-Class,32
2022-05,수입,푸조,5008,30
2022-05,수입,랜드로버,Discovery Sport,29
2022-05,수입,미니,Convertible,29
2022-05,수입,포르쉐,Macan,29
2022-05,수입,푸조,2008,26
2022-05,수입,마세라티,Ghibli,24
2022-05,수입,BMW,iX,23
2022-05,수입,렉서스,LS,22
2022-05,국산,쉐보레,볼트 EUV,21
2022-05,수입,포드,Mustang,21
2022-05,수입,람보르기니,Urus,20
2022-05,수입,볼보,XC40 Recharge,20
2022-05,국산,현대,코나 N,19
2022-05,국산,르노코리아,마스터,18
2022-05,수입,BMW,8 Series,18
2022-05,수입,재규어,F-Pace,18
2022-05,국산,쉐보레,카마로,17
2022-05,수입,BMW,X3 M,17
2022-05,수입,랜드로버,Range Rover Sport,17
2022-05,수입,벤틀리,Bentayga,17
2022-05,수입,BMW,X4 M,16
2022-05,수입,포르쉐,718 Cayman,15
2022-05,수입,롤스로이스,Ghost,14
2022-05,국산,쉐보레,트래버스,12
2022-05,수입,랜드로버,Range Rover,11
2022-05,수입,람보르기니,Huracan EVO,10
2022-05,수입,볼보,V90 Cross Country,10
2022-05,수입,토요타,Sienna,10
2022-05,국산,쉐보레,이쿼녹스,9
2022-05,수입,푸조,508,8
2022-05,수입,BMW,M5,7
2022-05,수입,아우디,e-tron GT,7
2022-05,수입,렉서스,NX,6
2022-05,수입,롤스로이스,Cullinan,6
2022-05,수입,벤틀리,Continental GT,6
2022-05,수입,DS,DS3 Crossback,5
2022-05,수입,재규어,XF,5
2022-05,수입,BMW,M8,4
2022-05,수입,BMW,X5 M,4
2022-05,수입,랜드로버,Range Rover Velar,4
2022-05,수입,렉서스,UX,4
2022-05,수입,DS,DS7 Crossback,3
2022-05,수입,랜드로버,Discovery,3
2022-05,수입,링컨,Navigator,3
2022-05,수입,캐딜락,CT5,3
2022-05,수입,토요타,Avalon,3
2022-05,국산,르노코리아,조에,2
2022-05,국산,쉐보레,볼트 EV,2
2022-05,수입,롤스로이스,Phantom,2
2022-05,수입,마세라티,Quattroporte,2
2022-05,수입,벤츠,EQC,2
2022-05,수입,BMW,M3,1
2022-05,수입,BMW,X6 M,1
2022-05,수입,렉서스,LC,1
2022-05,수입,마세라티,MC20,1
2022-05,수입,재규어,F-Type,1
2022-05,수입,지프,Cherokee,1
2022-05,수입,캐딜락,CT4,1
2022-05,수입,캐딜락,XT5,1
2022-06,국산,현대,그랜저,7919
2022-06,국산,현대,포터2,6980
2022-06,국산,현대,팰리세이드,5760
2022-06,국산,기아,쏘렌토,5593
2022-06,국산,기아,카니발,5590
2022-06,국산,기아,스포티지,4513
2022-06,국산,기아,봉고 3,4480
2022-06,국산,현대,캐스퍼,4401
2022-06,국산,르노코리아,QM6,4386
2022-06,국산,기아,K8,4012
2022-06,국산,현대,쏘나타,3890
2022-06,국산,기아,레이,3812
2022-06,국산,제네시스,G80,3630
2022-06,국산,기아,셀토스,3261
2022-06,국산,현대,아반떼,3143
2022-06,국산,현대,싼타페,2913
2022-06,국산,기아,니로,2882
2022-06,국산,현대,투싼,2864
2022-06,국산,르노코리아,XM3,2596
2022-06,국산,제네시스,G90,2456
2022-06,국산,현대,스타리아,2432
2022-06,국산,기아,모닝,2414
2022-06,국산,기아,K5,2352
2022-06,국산,제네시스,GV70,2219
2022-06,국산,쉐보레,트레일블레이저,1987
2022-06,국산,기아,EV6,1808
2022-06,국산,현대,버스/트럭 (현대),1747
2022-06,국산,제네시스,GV80,1745
2022-06,수입,벤츠,E-Class,1657
2022-06,국산,기아,K3,1610
2022-06,국산,현대,아이오닉 5,1507
2022-06,국산,KGM,티볼리,1254
2022-06,국산,쉐보레,스파크,1205
2022-06,수입,테슬라,Model 3,1096
2022-06,국산,기아,모하비,1095
2022-06,국산,KGM,렉스턴 스포츠,1088
2022-06,수입,테슬라,Model Y,1067
2022-06,국산,KGM,렉스턴 스포츠 칸,1047
2022-06,수입,벤츠,S-Class,1006
2022-06,국산,기아,니로 플러스,939
2022-06,국산,현대,마이티,933
2022-06,국산,현대,넥쏘,907
2022-06,국산,현대,베뉴,896
2022-06,수입,BMW,5 Series,876
2022-06,국산,현대,쏘나타 뉴 라이즈,827
2022-06,수입,아우디,A6,794
2022-06,수입,BMW,3 Series,778
2022-06,수입,벤츠,GLE-Class,776
2022-06,수입,BMW,X3,739
2022-06,국산,현대,코나,733
2022-06,수입,BMW,X5,684
2022-06,국산,제네시스,GV60,670
2022-06,수입,BMW,X7,649
2022-06,국산,KGM,코란도,588
2022-06,수입,BMW,X6,584
2022-06,수입,폭스바겐,Jetta,534
2022-06,수입,미니,Hatch,531
2022-06,국산,제네시스,G70,492
2022-06,국산,기아,K9,453
2022-06,수입,BMW,X1,420
2022-06,수입,벤츠,GLC-Class,398
2022-06,국산,르노코리아,SM6,389
2022-06,수입,볼보,XC60,379
2022-06,수입,벤츠,GLB-Class,373
2022-06,수입,아우디,Q5,364
2022-06,수입,BMW,7 Series,349
2022-06,수입,BMW,X4,348
2022-06,수입,벤츠,CLS-Class,345
2022-06,수입,렉서스,ES,327
2022-06,수입,벤츠,GLS-Class,316
2022-06,국산,KGM,렉스턴,314
2022-06,수입,렉서스,NX,313
2022-06,국산,쉐보레,이쿼녹스,299
2022-06,수입,지프,Wrangler,272
2022-06,국산,쉐보레,말리부,271
2022-06,수입,토요타,RAV4,267
2022-06,국산,쉐보레,콜로라도,264
2022-06,국산,KGM,티볼리 에어,261
2022-06,수입,미니,Clubman,256
2022-06,수입,볼보,XC90,249
2022-06,수입,볼보,XC40,246
2022-06,국산,쉐보레,트래버스,229
2022-06,수입,폭스바겐,Tiguan,229
2022-06,수입,벤츠,EQA,227
2022-06,수입,포드,Explorer,217
2022-06,수입,포르쉐,Panamera,207
2022-06,수입,미니,Countryman,204
2022-06,수입,혼다,CR-V,201
2022-06,수입,혼다,Accord,198
2022-06,수입,BMW,6 Series,195
2022-06,수입,BMW,1 Series,190
2022-06,수입,볼보,S90,187
2022-06,국산,기아,스팅어,184
2022-06,수입,아우디,Q3,184
2022-06,수입,벤츠,A-Class,182
2022-06,국산,현대,아반떼 N,167
2022-06,국산,현대,카운티,161
2022-06,수입,벤츠,C-Class,160
2022-06,수입,토요타,Sienna,156
2022-06,국산,르노코리아,마스터,143
2022-06,수입,포르쉐,Macan,139
2022-06,수입,BMW,i4,130
2022-06,수입,볼보,C40 Recharge,126
2022-06,수입,토요타,Camry,123
2022-06,수입,아우디,A7,122
2022-06,수입,폭스바겐,Arteon,120
2022-06,수입,지프,Renegade,119
2022-06,수입,포르쉐,Taycan,117
2022-06,국산,기아,버스 (기아),112
2022-06,국산,쉐보레,트랙스,112
2022-06,수입,지프,Compass,111
2022-06,수입,폭스바겐,Golf,111
2022-06,수입,벤츠,AMG GT,107
2022-06,수입,벤츠,EQS,105
2022-06,수입,지프,Grand Cherokee,103
2022-06,수입,폭스바겐,Passat GT,99
2022-06,수입,벤츠,Maybach S-Class,97
2022-06,수입,아우디,A4,96
2022-06,수입,포르쉐,911,95
2022-06,수입,링컨,Aviator,93
2022-06,수입,포르쉐,Cayenne,89
2022-06,수입,BMW,2 Series,82
2022-06,수입,아우디,Q7,81
2022-06,수입,BMW,iX3,80
2022-06,수입,미니,Electric,73
2022-06,수입,혼다,Odyssey,70
2022-06,수입,BMW,4 Series,69
2022-06,수입,BMW,Z4,69
2022-06,수입,아우디,Q8,68
2022-06,수입,아우디,e-tron,67
2022-06,수입,링컨,Corsair,66
2022-06,국산,현대,쏠라티,64
2022-06,수입,아우디,A8,64
2022-06,국산,쉐보레,타호,63
2022-06,수입,아우디,A5,63
2022-06,수입,포드,Mustang,62
2022-06,수입,포드,Bronco,60
2022-06,수입,BMW,X2,58
2022-06,수입,폴스타,Polestar 2,57
2022-06,수입,랜드로버,Discovery Sport,56
2022-06,수입,푸조,5008,56
2022-06,수입,링컨,Nautilus,54
2022-06,수입,벤츠,GLA-Class,54
2022-06,수입,토요타,Prius,50
2022-06,수입,랜드로버,Range Rover Evoque,45
2022-06,수입,렉서스,UX,45
2022-06,수입,볼보,V60 Cross Country,43
2022-06,수입,벤틀리,Bentayga,41
2022-06,수입,볼보,S60,40
2022-06,수입,지프,Gladiator,39
2022-06,수입,포드,Ranger,39
2022-06,수입,푸조,3008,39
2022-06,수입,BMW,8 Series,37
2022-06,수입,볼보,XC40 Recharge,35
2022-06,국산,KGM,토레스,33
2022-06,수입,렉서스,RX,32
2022-06,수입,BMW,M4,31
2022-06,수입,벤틀리,Flying Spur,31
2022-06,수입,캐딜락,Escalade,31
2022-06,수입,벤츠,EQB,30
2022-06,국산,현대,벨로스터 N,29
2022-06,수입,랜드로버,Defender,27
2022-06,수입,마세라티,Ghibli,27
2022-06,수입,마세라티,Levante,26
2022-06,국산,현대,코나 N,25
2022-06,수입,캐딜락,XT6,23
2022-06,수입,람보르기니,Urus,22
2022-06,수입,미니,Convertible,22
2022-06,수입,랜드로버,Range Rover,21
2022-06,수입,BMW,X6 M,20
2022-06,수입,포르쉐,718 Boxster,19
2022-06,수입,푸조,2008,19
2022-06,수입,BMW,X3 M,18
2022-06,수입,BMW,X5 M,18
2022-06,수입,재규어,F-Pace,18
2022-06,수입,랜드로버,Range Rover Sport,17
2022-06,수입,렉서스,LS,17
2022-06,수입,토요타,Avalon,16
2022-06,수입,랜드로버,Range Rover Velar,15
2022-06,수입,토요타,GR 86,14
2022-06,수입,BMW,X4 M,13
2022-06,수입,람보르기니,Huracan EVO,13
2022-06,수입,캐딜락,XT5,12
2022-06,수입,롤스로이스,Ghost,10
2022-06,수입,벤츠,CLA-Class,10
2022-06,수입,푸조,508,10
2022-06,수입,BMW,iX,8
2022-06,수입,벤틀리,Continental GT,8
2022-06,수입,폭스바겐,T-Roc,6
2022-06,수입,롤스로이스,Cullinan,5
2022-06,수입,BMW,M5,4
2022-06,수입,마세라티,Quattroporte,4
2022-06,수입,캐딜락,CT5,4
2022-06,수입,DS,DS7 Crossback,3
2022-06,수입,롤스로이스,Phantom,3
2022-06,수입,마세라티,MC20,3
2022-06,수입,포르쉐,718 Cayman,3
2022-06,수입,벤츠,G-Class,2
2022-06,수입,재규어,XF,2
2022-06,국산,르노코리아,조에,1
2022-06,국산,쉐보레,말리부 2.4,1
2022-06,국산,쉐보레,볼트 EUV,1
2022-06,국산,쉐보레,카마로,1
2022-06,수입,랜드로버,Discovery,1
2022-06,수입,볼보,V90 Cross Country,1
2022-07,국산,현대,포터2,8986
2022-07,국산,기아,쏘렌토,6940
2022-07,국산,현대,그랜저,6777
2022-07,국산,기아,봉고 3,6642
2022-07,국산,기아,카니발,4901
2022-07,국산,기아,K8,4807
2022-07,국산,현대,아반떼,4489
2022-07,국산,현대,캐스퍼,4478
2022-07,국산,기아,레이,4125
2022-07,국산,기아,셀토스,4120
2022-07,국산,기아,스포티지,3406
2022-07,국산,기아,모닝,3278
2022-07,국산,현대,팰리세이드,3113
2022-07,국산,현대,아이오닉 5,3102
2022-07,국산,기아,EV6,3049
2022-07,국산,현대,스타리아,2998
2022-07,국산,제네시스,G80,2966
2022-07,국산,현대,쏘나타,2901
2022-07,국산,기아,K5,2859
2022-07,국산,KGM,토레스,2752
2022-07,국산,르노코리아,QM6,2517
2022-07,국산,기아,K3,2468
2022-07,국산,제네시스,G90,2274
2022-07,국산,제네시스,GV70,2231
2022-07,국산,기아,니로,1955
2022-07,국산,제네시스,GV80,1931
2022-07,국산,쉐보레,트레일블레이저,1870
2022-07,수입,벤츠,E-Class,1674
2022-07,국산,현대,버스/트럭 (현대),1609
2022-07,국산,현대,투싼,1548
2022-07,국산,현대,쏘나타 뉴 라이즈,1511
2022-07,국산,현대,싼타페,1361
2022-07,국산,르노코리아,XM3,1254
2022-07,국산,KGM,렉스턴 스포츠,1231
2022-07,국산,기아,모하비,1125
2022-07,국산,KGM,렉스턴 스포츠 칸,1036
2022-07,국산,쉐보레,스파크,1005
2022-07,수입,벤츠,S-Class,945
2022-07,국산,기아,니로 플러스,923
2022-07,수입,포드,Explorer,773
2022-07,국산,현대,마이티,726
2022-07,수입,벤츠,GLC-Class,684
2022-07,수입,BMW,X3,653
2022-07,수입,아우디,A6,638
2022-07,국산,현대,코나,630
2022-07,수입,BMW,X5,622
2022-07,수입,BMW,3 Series,601
2022-07,국산,제네시스,G70,574
2022-07,국산,현대,넥쏘,573
2022-07,국산,기아,K9,567
2022-07,국산,현대,베뉴,548
2022-07,국산,제네시스,GV60,536
2022-07,수입,벤츠,GLB-Class,499
2022-07,국산,르노코리아,SM6,459
2022-07,수입,BMW,X4,432
2022-07,국산,쉐보레,트래버스,420
2022-07,수입,BMW,X6,419
2022-07,수입,BMW,X7,418
2022-07,국산,KGM,티볼리,416
2022-07,수입,폴스타,Polestar 2,411
2022-07,수입,미니,Hatch,398
2022-07,수입,BMW,5 Series,387
2022-07,수입,BMW,X1,374
2022-07,수입,폭스바겐,Arteon,353
2022-07,수입,벤츠,CLS-Class,344
2022-07,국산,KGM,렉스턴,324
2022-07,수입,볼보,S90,319
2022-07,수입,볼보,XC60,308
2022-07,수입,벤츠,GLE-Class,295
2022-07,수입,아우디,A3,277
2022-07,수입,BMW,7 Series,275
2022-07,수입,포르쉐,Cayenne,261
2022-07,수입,BMW,1 Series,260
2022-07,수입,렉서스,ES,257
2022-07,수입,BMW,iX3,247
2022-07,수입,폭스바겐,Tiguan,238
2022-07,수입,미니,Clubman,225
2022-07,수입,아우디,Q5,225
2022-07,수입,지프,Wrangler,225
2022-07,국산,KGM,코란도,218
2022-07,수입,BMW,i4,218
2022-07,수입,폭스바겐,Jetta,213
2022-07,국산,쉐보레,콜로라도,212
2022-07,국산,현대,아반떼 N,208
2022-07,수입,토요타,RAV4,192
2022-07,수입,토요타,Sienna,184
2022-07,수입,벤츠,EQS,181
2022-07,수입,미니,Electric,176
2022-07,수입,벤츠,AMG GT,176
2022-07,수입,볼보,XC40,176
2022-07,수입,토요타,Camry,173
2022-07,수입,혼다,Accord,170
2022-07,수입,아우디,Q3,168
2022-07,수입,벤츠,GLS-Class,153
2022-07,수입,BMW,6 Series,152
2022-07,국산,쉐보레,볼트 EUV,150
2022-07,수입,벤츠,A-Class,142
2022-07,국산,쉐보레,이쿼녹스,136
2022-07,국산,현대,카운티,134
2022-07,수입,BMW,2 Series,134
2022-07,국산,쉐보레,말리부,133
2022-07,수입,혼다,CR-V,130
2022-07,수입,폭스바겐,Golf,128
2022-07,국산,KGM,티볼리 에어,123
2022-07,수입,렉서스,NX,119
2022-07,국산,쉐보레,트랙스,114
2022-07,국산,기아,스팅어,112
2022-07,수입,폭스바겐,Passat GT,109
2022-07,수입,포르쉐,Taycan,108
2022-07,수입,랜드로버,Defender,105
2022-07,수입,아우디,Q8,105
2022-07,수입,벤츠,C-Class,104
2022-07,수입,아우디,A7,103
2022-07,수입,링컨,Aviator,102
2022-07,수입,미니,Countryman,102
2022-07,수입,아우디,Q7,101
2022-07,수입,볼보,V60 Cross Country,99
2022-07,수입,벤츠,EQB,90
2022-07,수입,볼보,XC90,89
2022-07,수입,렉서스,RX,85
2022-07,수입,아우디,A8,84
2022-07,수입,아우디,e-tron,81
2022-07,국산,기아,버스 (기아),78
2022-07,수입,지프,Compass,71
2022-07,수입,포드,Ranger,71
2022-07,국산,현대,쏠라티,66
2022-07,수입,포르쉐,911,66
2022-07,수입,벤츠,CLA-Class,65
2022-07,수입,캐딜락,Escalade,64
2022-07,수입,BMW,4 Series,59
2022-07,수입,포르쉐,Macan,55
2022-07,수입,포르쉐,Panamera,55
2022-07,수입,BMW,Z4,53
2022-07,수입,벤츠,EQA,53
2022-07,수입,포드,Mustang,52
2022-07,수입,지프,Grand Cherokee,51
2022-07,수입,BMW,X2,48
2022-07,수입,아우디,A5,48
2022-07,수입,혼다,Odyssey,48
2022-07,수입,벤틀리,Flying Spur,46
2022-07,수입,미니,Convertible,44
2022-07,수입,BMW,8 Series,43
2022-07,수입,지프,Renegade,43
2022-07,수입,포드,Bronco,38
2022-07,수입,지프,Gladiator,36
2022-07,수입,푸조,308,36
2022-07,국산,쉐보레,볼트 EV,34
2022-07,국산,쉐보레,타호,34
2022-07,수입,링컨,Corsair,34
2022-07,수입,아우디,A4,34
2022-07,수입,토요타,Avalon,34
2022-07,수입,푸조,3008,33
2022-07,수입,푸조,5008,33
2022-07,수입,BMW,M3,30
2022-07,수입,랜드로버,Discovery Sport,30
2022-07,수입,벤츠,Maybach S-Class,29
2022-07,수입,토요타,Prius,29
2022-07,국산,르노코리아,마스터,27
2022-07,수입,렉서스,UX,26
2022-07,수입,벤틀리,Bentayga,26
2022-07,수입,BMW,M4,23
2022-07,수입,마세라티,Levante,23
2022-07,수입,벤틀리,Continental GT,23
2022-07,수입,캐딜락,XT6,21
2022-07,수입,람보르기니,Urus,20
2022-07,수입,캐딜락,XT5,20
2022-07,수입,포르쉐,718 Boxster,20
2022-07,수입,렉서스,LS,19
2022-07,수입,벤츠,GLA-Class,19
2022-07,국산,현대,코나 N,18
2022-07,수입,랜드로버,Range Rover Sport,18
2022-07,국산,현대,벨로스터 N,17
2022-07,수입,랜드로버,Range Rover Evoque,17
2022-07,수입,랜드로버,Range Rover Velar,16
2022-07,수입,랜드로버,Range Rover,15
2022-07,수입,볼보,V90 Cross Country,14
2022-07,수입,BMW,X6 M,13
2022-07,수입,마세라티,Ghibli,13
2022-07,수입,롤스로이스,Ghost,12
2022-07,수입,재규어,F-Pace,12
2022-07,수입,롤스로이스,Cullinan,11
2022-07,수입,BMW,X4 M,10
2022-07,수입,람보르기니,Huracan EVO,10
2022-07,수입,푸조,2008,10
2022-07,국산,쉐보레,카마로,9
2022-07,수입,볼보,C40 Recharge,9
2022-07,수입,포르쉐,718 Cayman,9
2022-07,수입,DS,DS4,8
2022-07,수입,푸조,508,8
2022-07,수입,BMW,X3 M,7
2022-07,수입,BMW,M5,6
2022-07,수입,랜드로버,Discovery,5
2022-07,수입,캐딜락,CT5,5
2022-07,수입,BMW,X5 M,4
2022-07,수입,링컨,Nautilus,4
2022-07,수입,볼보,XC40 Recharge,4
2022-07,수입,DS,DS7 Crossback,3
2022-07,수입,마세라티,MC20,3
2022-07,수입,BMW,M8,2
2022-07,수입,DS,DS3 Crossback,1
2022-07,수입,렉서스,LC,1
2022-07,수입,롤스로이스,Phantom,1
2022-07,수입,마세라티,Quattroporte,1
2022-07,수입,벤츠,EQC,1
2022-07,수입,벤츠,G-Class,1
2022-07,수입,벤츠,Maybach GLS,1
2022-07,수입,아우디,R8,1
2022-07,수입,재규어,XF,1
2022-07,수입,캐딜락,CT4,1
2022-07,수입,포드,Expedition,1
2022-08,국산,현대,포터2,7792
2022-08,국산,기아,쏘렌토,5674
2022-08,국산,기아,봉고 3,5553
2022-08,국산,현대,그랜저,4606
2022-08,국산,기아,카니발,4535
2022-08,국산,기아,K8,4257
2022-08,국산,기아,스포티지,3873
2022-08,국산,KGM,토레스,3637
2022-08,국산,기아,셀토스,3610
2022-08,국산,현대,캐스퍼,3302
2022-08,국산,현대,팰리세이드,3269
2022-08,국산,제네시스,G80,3080
2022-08,국산,현대,스타리아,2957
2022-08,국산,기아,레이,2836
2022-08,국산,현대,쏘나타,2819
2022-08,국산,현대,싼타페,2534
2022-08,국산,제네시스,G90,2422
2022-08,국산,현대,아반떼,2282
2022-08,국산,르노코리아,QM6,2196
2022-08,국산,기아,K5,2155
2022-08,국산,기아,모닝,2153
2022-08,수입,테슬라,Model Y,2130
2022-08,국산,제네시스,GV70,2004
2022-08,국산,현대,아이오닉 5,1998
2022-08,국산,현대,투싼,1962
2022-08,수입,벤츠,E-Class,1906
2022-08,국산,기아,EV6,1672
2022-08,수입,BMW,5 Series,1670
2022-08,수입,벤츠,S-Class,1540
2022-08,국산,현대,쏘나타 뉴 라이즈,1513
2022-08,국산,현대,버스/트럭 (현대),1506
2022-08,국산,제네시스,GV80,1493
2022-08,국산,기아,니로,1489
2022-08,국산,르노코리아,XM3,1303
2022-08,국산,쉐보레,스파크,1198
2022-08,국산,KGM,렉스턴 스포츠,1157
2022-08,국산,기아,모하비,1114
2022-08,수입,아우디,A6,1049
2022-08,수입,테슬라,Model 3,1023
2022-08,국산,현대,넥쏘,980
2022-08,국산,KGM,렉스턴 스포츠 칸,964
2022-08,국산,쉐보레,트레일블레이저,958
2022-08,국산,기아,니로 플러스,832
2022-08,국산,기아,K3,800
2022-08,국산,현대,코나,723
2022-08,국산,현대,마이티,719
2022-08,수입,벤츠,GLC-Class,700
2022-08,국산,기아,K9,602
2022-08,수입,BMW,6 Series,599
2022-08,수입,BMW,X5,572
2022-08,수입,폭스바겐,Tiguan,565
2022-08,수입,폴스타,Polestar 2,553
2022-08,수입,BMW,i4,529
2022-08,수입,BMW,X4,483
2022-08,수입,포드,Explorer,480
2022-08,국산,KGM,티볼리,471
2022-08,수입,BMW,X3,458
2022-08,수입,벤츠,A-Class,442
2022-08,국산,르노코리아,SM6,433
2022-08,수입,미니,Hatch,433
2022-08,수입,BMW,7 Series,432
2022-08,수입,BMW,X7,425
2022-08,수입,BMW,X6,421
2022-08,수입,벤츠,GLE-Class,400
2022-08,수입,BMW,3 Series,393
2022-08,국산,현대,베뉴,376
2022-08,수입,포르쉐,Cayenne,371
2022-08,국산,제네시스,G70,358
2022-08,국산,쉐보레,트래버스,332
2022-08,수입,폭스바겐,Arteon,330
2022-08,국산,KGM,렉스턴,326
2022-08,수입,미니,Clubman,294
2022-08,수입,토요타,RAV4,288
2022-08,수입,BMW,X1,286
2022-08,수입,아우디,Q5,261
2022-08,국산,제네시스,GV60,260
2022-08,수입,BMW,2 Series,253
2022-08,수입,BMW,1 Series,250
2022-08,수입,아우디,Q3,224
2022-08,수입,렉서스,ES,219
2022-08,국산,KGM,코란도,215
2022-08,국산,쉐보레,이쿼녹스,213
2022-08,국산,쉐보레,볼트 EUV,199
2022-08,수입,포르쉐,Panamera,198
2022-08,국산,쉐보레,트랙스,195
2022-08,국산,쉐보레,콜로라도,194
2022-08,수입,지프,Wrangler,192
2022-08,수입,벤츠,G-Class,180
2022-08,수입,벤츠,CLS-Class,177
2022-08,수입,볼보,XC60,175
2022-08,수입,토요타,Sienna,173
2022-08,국산,기아,스팅어,157
2022-08,국산,KGM,티볼리 에어,153
2022-08,수입,아우디,A3,153
2022-08,수입,벤츠,EQS,149
2022-08,국산,쉐보레,말리부,148
2022-08,수입,볼보,XC90,145
2022-08,수입,BMW,4 Series,143
2022-08,수입,혼다,Accord,136
2022-08,수입,링컨,Aviator,131
2022-08,수입,아우디,Q7,130
2022-08,수입,혼다,CR-V,126
2022-08,수입,랜드로버,Range Rover,125
2022-08,국산,쉐보레,볼트 EV,124
2022-08,국산,현대,아반떼 N,124
2022-08,수입,벤츠,GLB-Class,121
2022-08,수입,지프,Compass,119
2022-08,수입,토요타,Prius,115
2022-08,국산,현대,카운티,100
2022-08,수입,아우디,Q8,100
2022-08,수입,토요타,Camry,99
2022-08,수입,아우디,A4,97
2022-08,수입,아우디,A8,96
2022-08,수입,렉서스,NX,94
2022-08,수입,미니,Countryman,94
2022-08,국산,기아,버스 (기아),92
2022-08,수입,BMW,8 Series,85
2022-08,수입,볼보,XC40,84
2022-08,수입,포드,Mustang,83
2022-08,수입,랜드로버,Defender,79
2022-08,수입,미니,Electric,78
2022-08,수입,벤츠,AMG GT,78
2022-08,수입,아우디,A7,78
2022-08,수입,폭스바겐,Passat GT,78
2022-08,수입,지프,Grand Cherokee,76
2022-08,수입,렉서스,RX,72
2022-08,수입,벤츠,EQA,69
2022-08,수입,BMW,Z4,68
2022-08,수입,포르쉐,Macan,67
2022-08,수입,벤츠,CLA-Class,66
2022-08,수입,아우디,A5,63
2022-08,수입,폭스바겐,Golf,63
2022-08,수입,아우디,e-tron,59
2022-08,수입,지프,Renegade,58
2022-08,수입,혼다,Odyssey,53
2022-08,수입,지프,Gladiator,51
2022-08,수입,BMW,M3,50
2022-08,수입,캐딜락,Escalade,50
2022-08,수입,포드,Bronco,50
2022-08,수입,미니,Convertible,48
2022-08,수입,벤츠,GLS-Class,48
2022-08,수입,볼보,S60,48
2022-08,수입,링컨,Corsair,47
2022-08,수입,볼보,V60 Cross Country,46
2022-08,수입,BMW,X2,45
2022-08,수입,BMW,M4,44
2022-08,수입,벤틀리,Flying Spur,43
2022-08,수입,람보르기니,Urus,37
2022-08,수입,벤틀리,Bentayga,37
2022-08,수입,랜드로버,Range Rover Velar,35
2022-08,수입,포르쉐,911,35
2022-08,수입,토요타,Avalon,34
2022-08,수입,벤츠,Maybach S-Class,33
2022-08,국산,쉐보레,타호,29
2022-08,수입,포드,Ranger,26
2022-08,수입,푸조,2008,24
2022-08,수입,랜드로버,Discovery Sport,22
2022-08,수입,푸조,308,22
2022-08,수입,푸조,5008,22
2022-08,수입,렉서스,LS,21
2022-08,국산,현대,코나 N,20
2022-08,수입,랜드로버,Range Rover Evoque,20
2022-08,수입,마세라티,Levante,20
2022-08,수입,푸조,3008,20
2022-08,수입,볼보,S90,19
2022-08,국산,르노코리아,마스터,18
2022-08,수입,BMW,X6 M,18
2022-08,수입,BMW,iX3,18
2022-08,수입,BMW,M5,17
2022-08,수입,벤츠,C-Class,17
2022-08,수입,랜드로버,Discovery,15
2022-08,수입,롤스로이스,Ghost,15
2022-08,수입,재규어,F-Pace,15
2022-08,수입,마세라티,Ghibli,14
2022-08,국산,현대,쏠라티,13
2022-08,수입,BMW,X5 M,13
2022-08,수입,랜드로버,Range Rover Sport,13
2022-08,수입,캐딜락,XT6,13
2022-08,수입,롤스로이스,Cullinan,12
2022-08,수입,혼다,Pilot,12
2022-08,수입,BMW,X3 M,11
2022-08,수입,BMW,X4 M,11
2022-08,수입,벤츠,GLA-Class,11
2022-08,수입,벤틀리,Continental GT,11
2022-08,수입,캐딜락,CT5,11
2022-08,수입,캐딜락,XT5,10
2022-08,수입,BMW,iX,9
2022-08,국산,현대,아이오닉 6,8
2022-08,수입,람보르기니,Huracan EVO,8
2022-08,수입,폭스바겐,ID.4,6
2022-08,수입,렉서스,UX,5
2022-08,수입,링컨,Nautilus,5
2022-08,수입,볼보,V90 Cross Country,5
2022-08,수입,포르쉐,718 Boxster,5
2022-08,국산,현대,벨로스터 N,4
2022-08,수입,마세라티,MC20,4
2022-08,수입,재규어,XF,4
2022-08,수입,DS,DS4,3
2022-08,수입,마세라티,Quattroporte,3
2022-08,수입,토요타,Prius Prime,3
2022-08,수입,포드,Expedition,3
2022-08,수입,롤스로이스,Phantom,2
2022-08,수입,벤츠,EQE,2
2022-08,수입,볼보,C40 Recharge,2
2022-08,수입,푸조,508,2
2022-08,수입,DS,DS3 Crossback,1
2022-08,수입,벤츠,EQC,1
2022-08,수입,볼보,XC40 Recharge,1
2022-08,수입,토요타,GR 86,1
2022-08,수입,포르쉐,718 Cayman,1
2022-08,수입,폭스바겐,Jetta,1
2022-08,수입,푸조,e-208,1
2022-09,국산,현대,포터2,8503
2022-09,국산,기아,봉고 3,5578
2022-09,국산,기아,쏘렌토,5335
2022-09,국산,KGM,토레스,4685
2022-09,국산,현대,그랜저,4643
2022-09,국산,기아,스포티지,4441
2022-09,국산,현대,아반떼,4323
2022-09,국산,현대,캐스퍼,4032
2022-09,국산,기아,K8,3990
2022-09,국산,기아,레이,3860
2022-09,국산,기아,셀토스,3513
2022-09,국산,현대,팰리세이드,3464
2022-09,국산,르노코리아,QM6,2909
2022-09,국산,제네시스,G80,2863
2022-09,국산,현대,스타리아,2814
2022-09,국산,현대,아이오닉 6,2652
2022-09,국산,현대,쏘나타,2622
2022-09,국산,현대,투싼,2452
2022-09,국산,현대,아이오닉 5,2396
2022-09,국산,제네시스,GV70,2348
2022-09,국산,현대,싼타페,2327
2022-09,국산,기아,EV6,2281
2022-09,국산,기아,카니발,2228
2022-09,국산,제네시스,G90,2217
2022-09,국산,기아,K5,2055
2022-09,국산,현대,쏘나타 뉴 라이즈,1963
2022-09,국산,기아,모닝,1940
2022-09,수입,테슬라,Model Y,1910
2022-09,수입,BMW,5 Series,1895
2022-09,국산,르노코리아,XM3,1715
2022-09,국산,현대,버스/트럭 (현대),1597
2022-09,국산,제네시스,GV80,1527
2022-09,국산,기아,니로,1426
2022-09,국산,쉐보레,트레일블레이저,1379
2022-09,수입,벤츠,E-Class,1348
2022-09,수입,테슬라,Model 3,1223
2022-09,국산,기아,모하비,1166
2022-09,국산,현대,넥쏘,1083
2022-09,국산,KGM,렉스턴 스포츠,1052
2022-09,국산,쉐보레,스파크,1031
2022-09,국산,기아,니로 플러스,935
2022-09,국산,기아,K3,838
2022-09,국산,현대,마이티,813
2022-09,국산,KGM,렉스턴 스포츠 칸,796
2022-09,수입,벤츠,GLE-Class,791
2022-09,수입,BMW,X4,767
2022-09,국산,현대,베뉴,673
2022-09,수입,폭스바겐,ID.4,667
2022-09,수입,벤츠,S-Class,666
2022-09,수입,BMW,X5,661
2022-09,수입,아우디,Q4 e-tron,624
2022-09,국산,현대,코나,621
2022-09,수입,지프,Compass,607
2022-09,수입,폭스바겐,Tiguan,594
2022-09,수입,BMW,6 Series,528
2022-09,국산,쉐보레,볼트 EUV,521
2022-09,수입,BMW,X6,511
2022-09,수입,렉서스,ES,505
2022-09,수입,BMW,X7,493
2022-09,수입,벤츠,GLC-Class,482
2022-09,국산,KGM,티볼리,465
2022-09,수입,BMW,3 Series,458
2022-09,수입,아우디,A6,413
2022-09,수입,BMW,iX3,401
2022-09,수입,BMW,X3,390
2022-09,국산,제네시스,G70,359
2022-09,국산,KGM,렉스턴,346
2022-09,수입,토요타,RAV4,340
2022-09,수입,벤츠,G-Class,338
2022-09,국산,제네시스,GV60,332
2022-09,수입,포드,Explorer,329
2022-09,수입,벤츠,EQS,324
2022-09,국산,르노코리아,SM6,316
2022-09,수입,볼보,S90,315
2022-09,수입,미니,Hatch,310
2022-09,수입,BMW,7 Series,302
2022-09,수입,폴스타,Polestar 2,295
2022-09,국산,쉐보레,볼트 EV,279
2022-09,수입,벤츠,A-Class,269
2022-09,수입,볼보,XC40,262
2022-09,국산,기아,K9,260
2022-09,수입,미니,Countryman,243
2022-09,수입,렉서스,NX,229
2022-09,수입,벤츠,GLB-Class,216
2022-09,수입,벤츠,GLS-Class,200
2022-09,수입,아우디,Q3,193
2022-09,국산,KGM,코란도,182
2022-09,수입,BMW,i4,181
2022-09,국산,쉐보레,트래버스,180
2022-09,국산,쉐보레,콜로라도,178
2022-09,수입,BMW,4 Series,178
2022-09,수입,벤츠,EQA,173
2022-09,수입,아우디,Q5,173
2022-09,수입,지프,Grand Cherokee,167
2022-09,수입,지프,Wrangler,153
2022-09,수입,벤츠,CLA-Class,151
2022-09,국산,KGM,티볼리 에어,149
2022-09,국산,쉐보레,말리부,149
2022-09,수입,BMW,1 Series,148
2022-09,수입,토요타,Sienna,147
2022-09,수입,링컨,Aviator,144
2022-09,수입,미니,Clubman,139
2022-09,국산,쉐보레,트랙스,137
2022-09,수입,BMW,iX,132
2022-09,국산,현대,아반떼 N,131
2022-09,수입,벤츠,EQB,126
2022-09,수입,토요타,Prius,125
2022-09,국산,쉐보레,이쿼녹스,120
2022-09,국산,현대,카운티,119
2022-09,수입,포르쉐,Cayenne,118
2022-09,수입,폭스바겐,Passat GT,118
2022-09,수입,BMW,8 Series,117
2022-09,수입,혼다,CR-V,116
2022-09,국산,르노코리아,마스터,110
2022-09,국산,기아,버스 (기아),106
2022-09,수입,벤츠,CLS-Class,106
2022-09,수입,아우디,Q7,103
2022-09,수입,벤츠,EQE,100
2022-09,수입,포드,Bronco,96
2022-09,수입,혼다,Accord,93
2022-09,수입,랜드로버,Range Rover,92
2022-09,수입,랜드로버,Defender,90
2022-09,수입,벤츠,Maybach S-Class,90
2022-09,수입,볼보,C40 Recharge,84
2022-09,수입,푸조,2008,84
2022-09,수입,포르쉐,Taycan,83
2022-09,수입,푸조,e-208,81
2022-09,수입,BMW,2 Series,79
2022-09,수입,아우디,A8,78
2022-09,수입,폭스바겐,Arteon,78
2022-09,수입,볼보,XC60,74
2022-09,수입,캐딜락,Escalade,72
2022-09,수입,볼보,S60,70
2022-09,수입,포르쉐,911,64
2022-09,수입,벤츠,Maybach GLS,59
2022-09,수입,포드,Mustang,58
2022-09,국산,기아,스팅어,57
2022-09,수입,렉서스,RX,56
2022-09,수입,아우디,e-tron,54
2022-09,수입,지프,Gladiator,51
2022-09,수입,미니,Convertible,50
2022-09,수입,아우디,A4,50
2022-09,수입,포르쉐,Panamera,50
2022-09,수입,렉서스,UX,47
2022-09,수입,볼보,XC90,47
2022-09,수입,혼다,Odyssey,47
2022-09,수입,아우디,Q8,43
2022-09,수입,아우디,A7,39
2022-09,수입,토요타,Camry,38
2022-09,국산,쉐보레,타호,37
2022-09,수입,링컨,Corsair,37
2022-09,수입,벤틀리,Bentayga,34
2022-09,수입,지프,Renegade,34
2022-09,수입,BMW,M4,32
2022-09,수입,BMW,X2,31
2022-09,수입,벤틀리,Flying Spur,31
2022-09,수입,BMW,M5,30
2022-09,수입,푸조,3008,30
2022-09,수입,랜드로버,Range Rover Velar,29
2022-09,수입,BMW,M3,27
2022-09,수입,아우디,A3,27
2022-09,수입,푸조,5008,25
2022-09,국산,현대,쏠라티,24
2022-09,수입,람보르기니,Urus,24
2022-09,수입,벤츠,C-Class,24
2022-09,수입,토요타,Avalon,24
2022-09,수입,렉서스,LS,22
2022-09,수입,마세라티,Levante,22
2022-09,수입,벤틀리,Continental GT,22
2022-09,수입,랜드로버,Discovery Sport,21
2022-09,수입,볼보,XC40 Recharge,20
2022-09,수입,랜드로버,Discovery,19
2022-09,수입,캐딜락,CT5,19
2022-09,수입,랜드로버,Range Rover Evoque,18
2022-09,수입,포르쉐,Macan,18
2022-09,수입,랜드로버,Range Rover Sport,16
2022-09,수입,캐딜락,XT5,16
2022-09,수입,BMW,Z4,15
2022-09,수입,아우디,A5,15
2022-09,수입,푸조,308,15
2022-09,수입,벤츠,AMG GT,13
2022-09,수입,지프,Cherokee,13
2022-09,국산,현대,코나 N,11
2022-09,수입,람보르기니,Huracan EVO,11
2022-09,수입,캐딜락,XT6,11
2022-09,수입,폭스바겐,Golf,11
2022-09,수입,BMW,X1,10
2022-09,수입,롤스로이스,Ghost,9
2022-09,수입,링컨,Navigator,9
2022-09,수입,볼보,V60 Cross Country,9
2022-09,수입,재규어,F-Pace,9
2022-09,수입,BMW,X5 M,8
2022-09,수입,토요타,GR 86,7
2022-09,수입,혼다,Pilot,7
2022-09,수입,롤스로이스,Cullinan,6
2022-09,수입,링컨,Nautilus,6
2022-09,수입,벤츠,GLA-Class,5
2022-09,수입,포드,Expedition,5
2022-09,수입,BMW,X3 M,4
2022-09,수입,BMW,X4 M,4
2022-09,수입,DS,DS7 Crossback,4
2022-09,수입,마세라티,Ghibli,4
2022-09,수입,포드,Ranger,4
2022-09,수입,마세라티,Quattroporte,3
2022-09,수입,미니,Electric,3
2022-09,수입,BMW,X6 M,2
2022-09,수입,DS,DS4,2
2022-09,수입,재규어,XF,2
2022-09,수입,푸조,508,2
2022-09,국산,쉐보레,말리부 2.4,1
2022-09,수입,BMW,M8,1
2022-09,수입,DS,DS3 Crossback,1
2022-09,수입,렉서스,LC,1
2022-09,수입,마세라티,MC20,1
2022-09,수입,재규어,F-Type,1
2022-09,수입,토요타,Prius Prime,1
2022-09,수입,폭스바겐,Jetta,1
2022-09,수입,폭스바겐,T-Roc,1
2022-10,국산,현대,포터2,9020
2022-10,국산,기아,봉고 3,6123
2022-10,국산,현대,아반떼,5500
2022-10,국산,기아,쏘렌토,5127
2022-10,국산,기아,카니발,5004
2022-10,국산,기아,스포티지,4950
2022-10,국산,KGM,토레스,4726
2022-10,국산,현대,그랜저,4661
2022-10,국산,현대,팰리세이드,4147
2022-10,국산,현대,캐스퍼,3908
2022-10,국산,현대,아이오닉 6,3667
2022-10,국산,기아,K8,3613
2022-10,국산,현대,스타리아,3461
2022-10,국산,기아,레이,3363
2022-10,국산,기아,셀토스,3150
2022-10,국산,제네시스,G80,3082
2022-10,국산,제네시스,G90,2818
2022-10,수입,벤츠,E-Class,2771
2022-10,국산,현대,싼타페,2722
2022-10,수입,BMW,5 Series,2658
2022-10,국산,기아,K5,2514
2022-10,국산,제네시스,GV70,2413
2022-10,국산,기아,모닝,2246
2022-10,국산,기아,EV6,2175
2022-10,국산,현대,아이오닉 5,2169
2022-10,국산,르노코리아,QM6,2007
2022-10,국산,제네시스,GV80,1945
2022-10,국산,현대,쏘나타 뉴 라이즈,1829
2022-10,국산,현대,버스/트럭 (현대),1735
2022-10,국산,현대,투싼,1729
2022-10,국산,르노코리아,XM3,1540
2022-10,국산,기아,K3,1500
2022-10,국산,현대,쏘나타,1494
2022-10,국산,쉐보레,트레일블레이저,1360
2022-10,국산,KGM,렉스턴 스포츠,1242
2022-10,수입,아우디,Q4 e-tron,1235
2022-10,수입,벤츠,GLE-Class,1225
2022-10,국산,현대,넥쏘,1101
2022-10,국산,기아,니로,1098
2022-10,국산,기아,모하비,980
2022-10,국산,쉐보레,볼트 EUV,908
2022-10,수입,BMW,X5,902
2022-10,국산,쉐보레,스파크,882
2022-10,국산,KGM,렉스턴 스포츠 칸,835
2022-10,국산,현대,마이티,806
2022-10,수입,BMW,X3,721
2022-10,국산,현대,베뉴,702
2022-10,수입,폭스바겐,ID.4,585
2022-10,수입,아우디,A6,573
2022-10,수입,포르쉐,Cayenne,561
2022-10,국산,기아,니로 플러스,544
2022-10,국산,제네시스,G70,540
2022-10,국산,제네시스,GV60,493
2022-10,국산,현대,코나,478
2022-10,국산,르노코리아,SM6,475
2022-10,수입,벤츠,GLC-Class,475
2022-10,국산,KGM,렉스턴,429
2022-10,수입,BMW,6 Series,397
2022-10,수입,BMW,X4,387
2022-10,수입,폭스바겐,Tiguan,379
2022-10,국산,기아,K9,371
2022-10,수입,렉서스,NX,363
2022-10,수입,BMW,X6,361
2022-10,수입,벤츠,A-Class,358
2022-10,수입,벤츠,CLS-Class,358
2022-10,수입,벤츠,GLB-Class,349
2022-10,수입,렉서스,ES,341
2022-10,수입,벤츠,G-Class,335
2022-10,국산,KGM,티볼리,318
2022-10,수입,토요타,RAV4,318
2022-10,국산,르노코리아,마스터,316
2022-10,수입,벤츠,EQS,316
2022-10,수입,벤츠,EQE,297
2022-10,수입,벤츠,GLS-Class,281
2022-10,수입,BMW,iX3,261
2022-10,국산,쉐보레,트래버스,260
2022-10,수입,폴스타,Polestar 2,249
2022-10,수입,지프,Compass,244
2022-10,수입,아우디,Q3,239
2022-10,수입,벤츠,S-Class,224
2022-10,수입,지프,Grand Cherokee,216
2022-10,수입,미니,Hatch,214
2022-10,수입,푸조,e-208,203
2022-10,국산,쉐보레,볼트 EV,199
2022-10,수입,벤츠,Maybach GLS,198
2022-10,국산,기아,스팅어,184
2022-10,수입,미니,Countryman,181
2022-10,국산,KGM,코란도,180
2022-10,수입,BMW,4 Series,171
2022-10,국산,쉐보레,콜로라도,167
2022-10,수입,미니,Clubman,156
2022-10,수입,지프,Wrangler,154
2022-10,수입,아우디,Q5,152
2022-10,국산,현대,카운티,143
2022-10,수입,BMW,8 Series,142
2022-10,수입,벤츠,EQA,136
2022-10,국산,쉐보레,이쿼녹스,135
2022-10,수입,혼다,CR-V,135
2022-10,수입,BMW,i4,131
2022-10,수입,벤츠,CLA-Class,129
2022-10,수입,아우디,Q7,120
2022-10,국산,KGM,티볼리 에어,119
2022-10,수입,BMW,3 Series,117
2022-10,국산,현대,아반떼 N,115
2022-10,수입,랜드로버,Range Rover,112
2022-10,수입,볼보,C40 Recharge,111
2022-10,수입,토요타,Sienna,111
2022-10,국산,쉐보레,말리부,105
2022-10,수입,랜드로버,Defender,101
2022-10,수입,BMW,1 Series,99
2022-10,수입,볼보,S60,95
2022-10,수입,BMW,X2,94
2022-10,수입,벤츠,C-Class,94
2022-10,수입,벤츠,Maybach S-Class,94
2022-10,수입,볼보,V60 Cross Country,92
2022-10,수입,볼보,S90,91
2022-10,국산,기아,버스 (기아),90
2022-10,수입,혼다,Accord,87
2022-10,수입,볼보,XC40,79
2022-10,수입,폭스바겐,Arteon,75
2022-10,수입,아우디,e-tron,72
2022-10,수입,아우디,A4,71
2022-10,수입,포드,Ranger,67
2022-10,수입,벤츠,EQB,65
2022-10,수입,아우디,A8,65
2022-10,수입,지프,Renegade,65
2022-10,수입,BMW,Z4,64
2022-10,수입,BMW,2 Series Active Tourer,62
2022-10,수입,푸조,2008,60
2022-10,수입,볼보,XC60,54
2022-10,수입,폭스바겐,Passat GT,53
2022-10,수입,BMW,7 Series,51
2022-10,수입,지프,Gladiator,48
2022-10,수입,포르쉐,Macan,47
2022-10,수입,포르쉐,911,46
2022-10,수입,혼다,Odyssey,46
2022-10,수입,볼보,XC90,44
2022-10,수입,미니,Convertible,43
2022-10,국산,현대,쏠라티,42
2022-10,수입,람보르기니,Urus,42
2022-10,수입,BMW,iX,40
2022-10,수입,지프,Cherokee,40
2022-10,수입,렉서스,RX,39
2022-10,수입,아우디,A5,39
2022-10,수입,포드,Mustang,39
2022-10,수입,벤틀리,Flying Spur,38
2022-10,수입,아우디,A7,37
2022-10,수입,포르쉐,Panamera,33
2022-10,수입,랜드로버,Range Rover Evoque,32
2022-10,국산,쉐보레,트랙스,28
2022-10,수입,아우디,Q8,28
2022-10,국산,쉐보레,타호,26
2022-10,수입,캐딜락,XT5,26
2022-10,수입,랜드로버,Discovery Sport,25
2022-10,수입,렉서스,UX,25
2022-10,수입,랜드로버,Discovery,24
2022-10,수입,링컨,Corsair,24
2022-10,수입,포드,Bronco,24
2022-10,수입,포드,Explorer,24
2022-10,수입,랜드로버,Range Rover Velar,23
2022-10,수입,폭스바겐,Golf,22
2022-10,수입,토요타,Camry,21
2022-10,수입,벤틀리,Continental GT,20
2022-10,수입,BMW,M3,19
2022-10,수입,미니,Electric,19
2022-10,수입,포르쉐,Taycan,19
2022-10,수입,포르쉐,718 Boxster,18
2022-10,수입,마세라티,Levante,17
2022-10,수입,벤틀리,Bentayga,17
2022-10,수입,캐딜락,CT5,16
2022-10,수입,푸조,5008,16
2022-10,국산,현대,코나 N,15
2022-10,수입,BMW,X7,15
2022-10,수입,토요타,Avalon,15
2022-10,수입,BMW,M4,14
2022-10,수입,링컨,Navigator,14
2022-10,수입,캐딜락,XT6,14
2022-10,수입,BMW,2 Series,13
2022-10,수입,포르쉐,718 Cayman,13
2022-10,수입,푸조,3008,13
2022-10,수입,BMW,X4 M,12
2022-10,수입,랜드로버,Range Rover Sport,12
2022-10,수입,렉서스,LS,12
2022-10,수입,링컨,Aviator,12
2022-10,수입,벤츠,AMG GT,12
2022-10,수입,캐딜락,Escalade,12
2022-10,수입,람보르기니,Huracan EVO,11
2022-10,수입,토요타,Prius,11
2022-10,수입,BMW,X3 M,10
2022-10,수입,BMW,M5,9
2022-10,수입,푸조,308,7
2022-10,수입,푸조,508,7
2022-10,수입,롤스로이스,Cullinan,6
2022-10,수입,링컨,Nautilus,6
2022-10,수입,아우디,A3,6
2022-10,수입,캐딜락,XT4,6
2022-10,수입,테슬라,Model 3,5
2022-10,수입,토요타,GR 86,5
2022-10,수입,혼다,Pilot,5
2022-10,수입,롤스로이스,Ghost,4
2022-10,수입,DS,DS7 Crossback,3
2022-10,수입,BMW,X1,2
2022-10,수입,DS,DS3 Crossback,2
2022-10,수입,마세라티,Ghibli,2
2022-10,수입,재규어,F-Pace,2
2022-10,국산,KGM,코란도 이모션,1
2022-10,수입,BMW,M8,1
2022-10,수입,BMW,X6 M,1
2022-10,수입,DS,DS4,1
2022-10,수입,렉서스,LC,1
2022-10,수입,마세라티,MC20,1
2022-10,수입,재규어,F-Type,1
2022-10,수입,테슬라,Model Y,1
2022-10,수입,토요타,Prius Prime,1
2022-10,수입,포드,Expedition,1
2022-11,국산,기아,카니발,7565
2022-11,국산,현대,포터2,7020
2022-11,국산,기아,쏘렌토,6656
2022-11,국산,기아,봉고 3,6272
2022-11,국산,기아,스포티지,5762
2022-11,국산,현대,아반떼,5601
2022-11,국산,현대,캐스퍼,5573
2022-11,국산,현대,팰리세이드,4366
2022-11,국산,제네시스,G80,4224
2022-11,국산,기아,레이,4098
2022-11,국산,현대,아이오닉 6,3905
2022-11,국산,기아,K8,3867
2022-11,국산,현대,그랜저,3754
2022-11,국산,KGM,토레스,3677
2022-11,국산,기아,셀토스,3449
2022-11,국산,기아,모닝,3356
2022-11,국산,현대,스타리아,3325
2022-11,국산,기아,K5,3208
2022-11,국산,현대,싼타페,2864
2022-11,국산,제네시스,GV70,2832
2022-11,국산,르노코리아,QM6,2665
2022-11,국산,르노코리아,XM3,2382
2022-11,수입,벤츠,E-Class,2368
2022-11,국산,현대,투싼,2312
2022-11,국산,기아,EV6,2280
2022-11,수입,BMW,5 Series,2231
2022-11,국산,제네시스,GV80,2214
2022-11,국산,기아,K3,2114
2022-11,국산,현대,쏘나타,2046
2022-11,국산,현대,아이오닉 5,1920
2022-11,국산,기아,니로,1738
2022-11,국산,현대,쏘나타 뉴 라이즈,1693
2022-11,국산,현대,버스/트럭 (현대),1687
2022-11,국산,제네시스,G90,1364
2022-11,수입,볼보,S90,1304
2022-11,수입,폭스바겐,Tiguan,1113
2022-11,국산,현대,넥쏘,1096
2022-11,수입,테슬라,Model Y,1010
2022-11,국산,KGM,렉스턴 스포츠,875
2022-11,수입,벤츠,S-Class,862
2022-11,국산,현대,마이티,769
2022-11,국산,쉐보레,트레일블레이저,758
2022-11,수입,BMW,X3,757
2022-11,수입,아우디,A6,713
2022-11,국산,기아,모하비,698
2022-11,수입,BMW,3 Series,689
2022-11,수입,BMW,X5,688
2022-11,국산,현대,코나,674
2022-11,수입,벤츠,C-Class,666
2022-11,국산,KGM,렉스턴 스포츠 칸,653
2022-11,수입,포르쉐,Cayenne,644
2022-11,수입,벤츠,GLE-Class,642
2022-11,국산,기아,K9,620
2022-11,국산,쉐보레,스파크,619
2022-11,국산,제네시스,G70,576
2022-11,수입,BMW,X4,569
2022-11,수입,BMW,i4,544
2022-11,수입,볼보,XC90,538
2022-11,수입,미니,Countryman,511
2022-11,수입,폭스바겐,Jetta,475
2022-11,수입,미니,Hatch,473
2022-11,수입,렉서스,ES,437
2022-11,국산,현대,베뉴,432
2022-11,수입,벤츠,CLS-Class,420
2022-11,국산,KGM,티볼리,413
2022-11,수입,벤츠,EQE,411
2022-11,국산,르노코리아,SM6,405
2022-11,국산,제네시스,GV60,405
2022-11,수입,벤츠,GLC-Class,404
2022-11,수입,BMW,X6,371
2022-11,국산,KGM,렉스턴,360
2022-11,수입,토요타,RAV4,353
2022-11,수입,렉서스,NX,341
2022-11,국산,KGM,코란도,326
2022-11,수입,테슬라,Model 3,324
2022-11,수입,포드,Explorer,322
2022-11,수입,벤츠,GLB-Class,315
2022-11,수입,BMW,6 Series,309
2022-11,국산,기아,니로 플러스,260
2022-11,수입,폭스바겐,Arteon,247
2022-11,수입,벤츠,CLA-Class,237
2022-11,수입,벤츠,G-Class,210
2022-11,수입,벤츠,Maybach S-Class,209
2022-11,국산,쉐보레,트래버스,208
2022-11,수입,벤츠,AMG GT,208
2022-11,수입,벤츠,EQS,200
2022-11,수입,미니,Clubman,195
2022-11,수입,지프,Grand Cherokee,194
2022-11,국산,기아,스팅어,193
2022-11,국산,쉐보레,콜로라도,193
2022-11,수입,BMW,iX3,193
2022-11,수입,벤츠,A-Class,193
2022-11,수입,볼보,XC60,186
2022-11,수입,폴스타,Polestar 2,179
2022-11,수입,볼보,C40 Recharge,174
2022-11,수입,포르쉐,Panamera,167
2022-11,수입,벤츠,EQB,161
2022-11,수입,볼보,XC40,155
2022-11,국산,현대,카운티,143
2022-11,수입,랜드로버,Range Rover,140
2022-11,수입,지프,Renegade,131
2022-11,수입,볼보,V60 Cross Country,125
2022-11,수입,BMW,7 Series,123
2022-11,수입,링컨,Aviator,120
2022-11,수입,BMW,2 Series,118
2022-11,국산,KGM,티볼리 에어,117
2022-11,수입,아우디,Q7,117
2022-11,수입,아우디,Q8,117
2022-11,수입,랜드로버,Defender,115
2022-11,수입,아우디,Q3,114
2022-11,수입,지프,Wrangler,114
2022-11,수입,아우디,Q4 e-tron,110
2022-11,국산,쉐보레,이쿼녹스,106
2022-11,국산,르노코리아,마스터,101
2022-11,수입,BMW,4 Series,101
2022-11,국산,현대,아반떼 N,99
2022-11,수입,벤츠,Maybach GLS,94
2022-11,수입,아우디,A7,92
2022-11,수입,폭스바겐,Golf,92
2022-11,수입,혼다,CR-V,92
2022-11,수입,BMW,1 Series,87
2022-11,수입,BMW,8 Series,87
2022-11,수입,BMW,2 Series Active Tourer,85
2022-11,수입,벤츠,GLS-Class,85
2022-11,수입,아우디,Q5,85
2022-11,수입,링컨,Corsair,78
2022-11,수입,볼보,V90 Cross Country,74
2022-11,수입,아우디,A3,73
2022-11,수입,지프,Compass,73
2022-11,수입,포드,Expedition,70
2022-11,국산,쉐보레,말리부,69
2022-11,수입,아우디,A5,69
2022-11,수입,아우디,A4,68
2022-11,수입,아우디,e-tron,67
2022-11,국산,기아,버스 (기아),64
2022-11,국산,현대,쏠라티,58
2022-11,수입,BMW,X2,58
2022-11,수입,포드,Mustang,57
2022-11,수입,토요타,Sienna,56
2022-11,수입,볼보,S60,51
2022-11,국산,쉐보레,볼트 EUV,47
2022-11,수입,링컨,Navigator,46
2022-11,수입,미니,Convertible,45
2022-11,수입,지프,Cherokee,45
2022-11,수입,토요타,Camry,45
2022-11,수입,푸조,e-208,45
2022-11,수입,포드,Ranger,43
2022-11,수입,아우디,A8,42
2022-11,수입,지프,Gladiator,42
2022-11,수입,BMW,M4,41
2022-11,수입,BMW,Z4,41
2022-11,수입,포르쉐,911,41
2022-11,국산,쉐보레,볼트 EV,39
2022-11,수입,BMW,M3,38
2022-11,수입,람보르기니,Urus,38
2022-11,수입,캐딜락,Escalade,38
2022-11,수입,포드,Bronco,38
2022-11,수입,BMW,iX,37
2022-11,수입,벤츠,EQA,37
2022-11,수입,랜드로버,Discovery Sport,35
2022-11,수입,랜드로버,Range Rover Sport,34
2022-11,수입,포르쉐,Macan,34
2022-11,수입,포르쉐,718 Boxster,33
2022-11,수입,랜드로버,Range Rover Evoque,29
2022-11,수입,랜드로버,Discovery,27
2022-11,수입,벤틀리,Flying Spur,27
2022-11,수입,혼다,Odyssey,27
2022-11,수입,푸조,2008,26
2022-11,수입,푸조,3008,24
2022-11,수입,캐딜락,XT4,23
2022-11,수입,포르쉐,718 Cayman,23
2022-11,수입,BMW,M5,22
2022-11,수입,캐딜락,XT5,22
2022-11,수입,혼다,Accord,22
2022-11,수입,랜드로버,Range Rover Velar,21
2022-11,수입,렉서스,UX,21
2022-11,수입,마세라티,Levante,21
2022-11,수입,포르쉐,Taycan,21
2022-11,수입,푸조,5008,21
2022-11,수입,렉서스,RX,20
2022-11,수입,벤틀리,Continental GT,20
2022-11,국산,현대,코나 N,19
2022-11,국산,쉐보레,타호,18
2022-11,수입,푸조,308,17
2022-11,수입,롤스로이스,Ghost,15
2022-11,수입,폭스바겐,ID.4,13
2022-11,수입,캐딜락,XT6,11
2022-11,수입,렉서스,LS,10
2022-11,수입,벤츠,GLA-Class,10
2022-11,수입,DS,DS7 Crossback,9
2022-11,수입,벤틀리,Bentayga,8
2022-11,수입,볼보,XC40 Recharge,8
2022-11,수입,혼다,Pilot,8
2022-11,수입,BMW,X4 M,7
2022-11,수입,BMW,i7,7
2022-11,수입,람보르기니,Huracan EVO,7
2022-11,수입,마세라티,Ghibli,7
2022-11,수입,토요타,GR 86,7
2022-11,수입,캐딜락,CT5,6
2022-11,수입,재규어,F-Pace,5
2022-11,수입,푸조,508,5
2022-11,수입,롤스로이스,Phantom Series II,4
2022-11,수입,BMW,X3 M,3
2022-11,수입,롤스로이스,Cullinan,3
2022-11,수입,마세라티,Quattroporte,3
2022-11,수입,미니,Electric,3
2022-11,수입,토요타,Avalon,3
2022-11,수입,BMW,X7,2
2022-11,수입,렉서스,LC,2
2022-11,수입,벤츠,EQS SUV,2
2022-11,수입,토요타,Prius Prime,2
2022-11,수입,폭스바겐,Touareg,2
2022-11,수입,BMW,M8,1
2022-11,수입,DS,DS4,1
2022-11,수입,링컨,Nautilus,1
2022-11,수입,재규어,F-Type,1
2022-11,수입,토요타,Prius,1
2022-11,수입,폭스바겐,Passat GT,1
2022-12,국산,현대,포터2,9242
2022-12,국산,현대,그랜저,8917
2022-12,국산,현대,아반떼,8097
2022-12,국산,기아,쏘렌토,7393
2022-12,국산,기아,카니발,7323
2022-12,국산,기아,스포티지,6196
2022-12,국산,기아,K8,5072
2022-12,국산,제네시스,G80,4833
2022-12,국산,기아,셀토스,4493
2022-12,국산,기아,봉고 3,4486
2022-12,국산,현대,팰리세이드,4344
2022-12,국산,기아,레이,4309
2022-12,국산,현대,싼타페,3811
2022-12,국산,제네시스,GV80,3579
2022-12,국산,제네시스,GV70,3577
2022-12,국산,현대,캐스퍼,3509
2022-12,국산,현대,스타리아,3189
2022-12,국산,현대,투싼,3083
2022-12,국산,현대,쏘나타,3053
2022-12,국산,KGM,토레스,2974
2022-12,수입,벤츠,E-Class,2817
2022-12,국산,기아,K5,2567
2022-12,국산,기아,K3,2229
2022-12,수입,BMW,5 Series,2209
2022-12,국산,제네시스,G90,2172
2022-12,국산,기아,모닝,2152
2022-12,수입,아우디,A6,1714
2022-12,국산,기아,니로,1684
2022-12,국산,르노코리아,XM3,1620
2022-12,수입,폭스바겐,Tiguan,1596
2022-12,국산,현대,쏘나타 뉴 라이즈,1463
2022-12,국산,르노코리아,QM6,1247
2022-12,국산,기아,EV6,1237
2022-12,국산,현대,버스/트럭 (현대),1219
2022-12,국산,현대,아이오닉 6,1057
2022-12,국산,현대,베뉴,1019
2022-12,수입,벤츠,S-Class,929
2022-12,수입,렉서스,ES,881
2022-12,수입,벤츠,GLA-Class,862
2022-12,국산,제네시스,G70,832
2022-12,국산,KGM,렉스턴 스포츠,784
2022-12,국산,현대,마이티,769
2022-12,국산,쉐보레,트레일블레이저,764
2022-12,국산,현대,코나,727
2022-12,국산,현대,아이오닉 5,711
2022-12,수입,벤츠,C-Class,695
2022-12,수입,벤츠,A-Class,675
2022-12,수입,벤츠,GLC-Class,649
2022-12,국산,KGM,렉스턴 스포츠 칸,630
2022-12,수입,포르쉐,Cayenne,606
2022-12,국산,기아,K9,604
2022-12,수입,폭스바겐,Jetta,602
2022-12,수입,BMW,X5,549
2022-12,국산,기아,모하비,542
2022-12,수입,BMW,X4,517
2022-12,수입,벤츠,GLE-Class,500
2022-12,수입,BMW,3 Series,499
2022-12,수입,벤츠,GLB-Class,493
2022-12,국산,쉐보레,스파크,488
2022-12,수입,볼보,S90,483
2022-12,국산,KGM,티볼리,461
2022-12,국산,현대,넥쏘,446
2022-12,수입,볼보,XC90,423
2022-12,수입,벤츠,CLA-Class,420
2022-12,수입,BMW,X7,417
2022-12,수입,BMW,iX3,416
2022-12,수입,미니,Countryman,404
2022-12,수입,BMW,X3,393
2022-12,수입,미니,Hatch,363
2022-12,수입,BMW,6 Series,357
2022-12,국산,르노코리아,SM6,355
2022-12,수입,BMW,X6,341
2022-12,수입,토요타,RAV4,340
2022-12,수입,볼보,S60,333
2022-12,국산,KGM,코란도,296
2022-12,수입,벤츠,CLS-Class,282
2022-12,수입,벤츠,EQE,270
2022-12,수입,폭스바겐,Golf,257
2022-12,수입,벤츠,EQB,256
2022-12,국산,KGM,렉스턴,248
2022-12,수입,BMW,7 Series,243
2022-12,수입,지프,Grand Cherokee,243
2022-12,국산,쉐보레,콜로라도,237
2022-12,수입,BMW,i4,218
2022-12,수입,포드,Bronco,218
2022-12,수입,포드,Explorer,215
2022-12,국산,제네시스,GV60,212
2022-12,수입,아우디,Q3,187
2022-12,수입,미니,Clubman,174
2022-12,수입,볼보,V60 Cross Country,171
2022-12,수입,폴스타,Polestar 2,171
2022-12,국산,쉐보레,트래버스,166
2022-12,수입,테슬라,Model Y,165
2022-12,수입,폭스바겐,Arteon,161
2022-12,수입,볼보,XC60,159
2022-12,수입,아우디,Q5,157
2022-12,수입,아우디,A4,144
2022-12,국산,현대,카운티,143
2022-12,수입,포르쉐,Panamera,142
2022-12,국산,현대,아반떼 N,138
2022-12,수입,BMW,4 Series,133
2022-12,수입,벤츠,Maybach S-Class,130
2022-12,수입,볼보,XC40,130
2022-12,국산,KGM,티볼리 에어,122
2022-12,수입,랜드로버,Range Rover,122
2022-12,수입,렉서스,NX,121
2022-12,수입,벤츠,AMG GT,118
2022-12,수입,벤츠,G-Class,118
2022-12,수입,벤츠,EQS,112
2022-12,수입,지프,Renegade,111
2022-12,국산,기아,스팅어,108
2022-12,수입,아우디,A5,107
2022-12,수입,BMW,2 Series,105
2022-12,수입,혼다,Accord,100
2022-12,수입,지프,Wrangler,92
2022-12,수입,캐딜락,Escalade,89
2022-12,수입,포르쉐,Macan,89
2022-12,수입,아우디,A3,86
2022-12,국산,쉐보레,이쿼녹스,84
2022-12,수입,벤츠,EQA,79
2022-12,수입,볼보,C40 Recharge,78
2022-12,국산,기아,니로 플러스,77
2022-12,수입,BMW,1 Series,75
2022-12,수입,포르쉐,Taycan,73
2022-12,수입,BMW,X2,72
2022-12,수입,BMW,2 Series Active Tourer,66
2022-12,수입,포드,Expedition,65
2022-12,국산,기아,버스 (기아),64
2022-12,수입,토요타,Camry,62
2022-12,수입,랜드로버,Defender,60
2022-12,수입,혼다,CR-V,59
2022-12,국산,현대,쏠라티,58
2022-12,수입,지프,Compass,57
2022-12,수입,폭스바겐,Touareg,57
2022-12,수입,아우디,Q7,56
2022-12,수입,링컨,Corsair,55
2022-12,국산,쉐보레,말리부,51
2022-12,수입,링컨,Aviator,50
2022-12,수입,아우디,Q8,47
2022-12,수입,아우디,e-tron,47
2022-12,수입,랜드로버,Range Rover Sport,46
2022-12,수입,푸조,5008,45
2022-12,수입,람보르기니,Urus,44
2022-12,수입,포드,Ranger,40
2022-12,수입,지프,Cherokee,39
2022-12,수입,BMW,8 Series,38
2022-12,수입,푸조,3008,37
2022-12,수입,랜드로버,Range Rover Evoque,36
2022-12,수입,BMW,i7,35
2022-12,수입,아우디,A8,35
2022-12,수입,테슬라,Model 3,34
2022-12,수입,포르쉐,911,34
2022-12,수입,BMW,iX,33
2022-12,수입,렉서스,UX,33
2022-12,수입,BMW,M4,31
2022-12,수입,지프,Gladiator,31
2022-12,수입,볼보,V90 Cross Country,29
2022-12,수입,랜드로버,Discovery Sport,28
2022-12,수입,포드,Mustang,26
2022-12,수입,BMW,M3,25
2022-12,수입,벤츠,Maybach GLS,24
2022-12,수입,아우디,e-tron GT,24
2022-12,수입,토요타,Sienna,24
2022-12,수입,BMW,M5,23
2022-12,수입,랜드로버,Range Rover Velar,23
2022-12,국산,쉐보레,타호,22
2022-12,수입,벤츠,GLS-Class,22
2022-12,국산,르노코리아,마스터,21
2022-12,국산,쉐보레,볼트 EV,21
2022-12,수입,캐딜락,XT4,21
2022-12,수입,포르쉐,718 Boxster,21
2022-12,수입,포르쉐,718 Cayman,20
2022-12,수입,마세라티,Levante,19
2022-12,수입,아우디,A7,19
2022-12,수입,아우디,Q4 e-tron,18
2022-12,수입,링컨,Navigator,17
2022-12,수입,미니,Convertible,17
2022-12,수입,렉서스,LS,16
2022-12,수입,혼다,Odyssey,16
2022-12,수입,벤틀리,Continental GT,13
2022-12,수입,캐딜락,XT5,13
2022-12,수입,캐딜락,XT6,12
2022-12,수입,BMW,Z4,11
2022-12,수입,롤스로이스,Ghost,11
2022-12,수입,랜드로버,Discovery,10
2022-12,수입,푸조,308,9
2022-12,수입,BMW,X5 M,8
2022-12,수입,마세라티,Ghibli,8
2022-12,수입,벤틀리,Bentayga,8
2022-12,수입,벤틀리,Flying Spur,8
2022-12,수입,토요타,GR 86,8
2022-12,수입,BMW,X4 M,7
2022-12,수입,볼보,XC40 Recharge,7
2022-12,수입,BMW,X6 M,6
2022-12,수입,렉서스,RX,6
2022-12,수입,푸조,2008,6
2022-12,국산,KGM,코란도 이모션,5
2022-12,수입,BMW,X3 M,5
2022-12,수입,DS,DS4,5
2022-12,수입,토요타,Avalon,5
2022-12,수입,폭스바겐,ID.4,5
2022-12,국산,쉐보레,볼트 EUV,4
2022-12,수입,마세라티,Quattroporte,4
2022-12,수입,캐딜락,CT5,4
2022-12,수입,푸조,508,4
2022-12,수입,람보르기니,Huracan EVO,3
2022-12,수입,롤스로이스,Cullinan,3
2022-12,수입,재규어,F-Pace,3
2022-12,수입,혼다,Pilot,3
2022-12,국산,쉐보레,트랙스,2
2022-12,수입,미니,Electric,2
2022-12,수입,푸조,e-208,2
2022-12,국산,쉐보레,말리부 2.4,1
2022-12,국산,현대,코나 N,1
2022-12,수입,렉서스,LC,1
2022-12,수입,롤스로이스,Phantom Series II,1
2022-12,수입,링컨,Nautilus,1
2022-12,수입,마세라티,Grecale,1
2022-12,수입,토요타,Prius,1
2023-01,국산,현대,그랜저,9131
2023-01,국산,기아,카니발,6904
2023-01,국산,현대,포터2,6578
2023-01,국산,현대,아반떼,6018
2023-01,국산,기아,스포티지,5492
2023-01,국산,KGM,토레스,5444
2023-01,국산,기아,쏘렌토,4611
2023-01,국산,제네시스,G80,4057
2023-01,국산,현대,팰리세이드,3922
2023-01,국산,현대,투싼,3636
2023-01,국산,기아,봉고 3,3626
2023-01,국산,기아,레이,3585
2023-01,국산,기아,K8,3451
2023-01,국산,기아,셀토스,3366
2023-01,국산,현대,캐스퍼,3070
2023-01,국산,현대,스타리아,2951
2023-01,국산,기아,K5,2560
2023-01,국산,현대,싼타페,2124
2023-01,수입,BMW,5 Series,2124
2023-01,국산,제네시스,GV80,1881
2023-01,국산,기아,모닝,1813
2023-01,국산,현대,쏘나타,1543
2023-01,수입,아우디,A6,1498
2023-01,국산,기아,니로,1268
2023-01,국산,제네시스,GV70,1149
2023-01,국산,현대,버스/트럭 (현대),1107
2023-01,국산,르노코리아,XM3,1019
2023-01,국산,현대,쏘나타 뉴 라이즈,996
2023-01,국산,기아,K3,950
2023-01,수입,벤츠,E-Class,945
2023-01,국산,제네시스,G90,944
2023-01,국산,르노코리아,QM6,877
2023-01,국산,현대,코나,853
2023-01,수입,BMW,X3,731
2023-01,수입,벤츠,S-Class,727
2023-01,국산,현대,베뉴,646
2023-01,수입,BMW,X4,635
2023-01,국산,KGM,티볼리,521
2023-01,수입,BMW,3 Series,515
2023-01,국산,기아,모하비,482
2023-01,수입,BMW,X5,481
2023-01,수입,렉서스,ES,476
2023-01,국산,기아,K9,431
2023-01,국산,쉐보레,트레일블레이저,430
2023-01,수입,포르쉐,Cayenne,391
2023-01,수입,BMW,6 Series,389
2023-01,국산,KGM,렉스턴 스포츠,387
2023-01,국산,제네시스,G70,317
2023-01,국산,KGM,렉스턴 스포츠 칸,311
2023-01,국산,쉐보레,스파크,310
2023-01,국산,현대,넥쏘,307
2023-01,수입,벤츠,C-Class,299
2023-01,수입,랜드로버,Range Rover,294
2023-01,수입,BMW,X7,290
2023-01,국산,현대,마이티,284
2023-01,수입,볼보,S90,271
2023-01,수입,BMW,X6,257
2023-01,국산,르노코리아,SM6,220
2023-01,국산,KGM,코란도,217
2023-01,수입,볼보,XC90,208
2023-01,수입,볼보,S60,198
2023-01,수입,아우디,Q3,185
2023-01,수입,볼보,XC60,179
2023-01,수입,포드,Explorer,158
2023-01,수입,토요타,Camry,156
2023-01,수입,아우디,A4,153
2023-01,수입,BMW,i4,151
2023-01,수입,벤츠,GLC-Class,144
2023-01,수입,아우디,Q5,141
2023-01,국산,KGM,렉스턴,139
2023-01,수입,미니,Hatch,134
2023-01,수입,포르쉐,Panamera,124
2023-01,국산,기아,스팅어,113
2023-01,수입,BMW,4 Series,112
2023-01,국산,KGM,티볼리 에어,111
2023-01,수입,벤츠,GLE-Class,109
2023-01,수입,아우디,A5,109
2023-01,국산,쉐보레,콜로라도,107
2023-01,수입,벤츠,CLA-Class,104
2023-01,수입,지프,Grand Cherokee,94
2023-01,수입,BMW,7 Series,91
2023-01,수입,미니,Countryman,91
2023-01,국산,현대,카운티,90
2023-01,수입,폭스바겐,Tiguan,89
2023-01,수입,토요타,Sienna,83
2023-01,국산,현대,아반떼 N,82
2023-01,수입,볼보,V60 Cross Country,81
2023-01,국산,쉐보레,트래버스,80
2023-01,수입,아우디,Q8,80
2023-01,국산,현대,아이오닉 5,76
2023-01,수입,벤츠,GLA-Class,74
2023-01,수입,BMW,1 Series,73
2023-01,수입,벤츠,CLS-Class,72
2023-01,국산,기아,버스 (기아),71
2023-01,국산,현대,쏠라티,68
2023-01,수입,벤츠,A-Class,68
2023-01,수입,랜드로버,Defender,67
2023-01,수입,아우디,A3,67
2023-01,수입,랜드로버,Range Rover Sport,65
2023-01,수입,렉서스,NX,65
2023-01,수입,벤츠,EQE,65
2023-01,수입,포르쉐,Taycan,65
2023-01,수입,벤츠,Maybach S-Class,63
2023-01,수입,포르쉐,911,62
2023-01,국산,쉐보레,이쿼녹스,61
2023-01,수입,아우디,A8,58
2023-01,수입,아우디,Q7,57
2023-01,수입,포르쉐,Macan,57
2023-01,수입,지프,Renegade,50
2023-01,수입,벤츠,GLB-Class,46
2023-01,수입,아우디,Q2,45
2023-01,수입,폭스바겐,Golf,45
2023-01,수입,지프,Wrangler,44
2023-01,수입,벤츠,G-Class,43
2023-01,수입,BMW,2 Series,42
2023-01,수입,미니,Clubman,42
2023-01,수입,BMW,iX,41
2023-01,수입,벤츠,EQB,41
2023-01,수입,지프,Cherokee,36
2023-01,수입,벤틀리,Continental GT,35
2023-01,수입,벤틀리,Flying Spur,35
2023-01,수입,포드,Ranger,35
2023-01,수입,볼보,V90 Cross Country,34
2023-01,수입,벤츠,AMG GT,33
2023-01,수입,캐딜락,Escalade,33
2023-01,수입,BMW,8 Series,30
2023-01,수입,아우디,A7,30
2023-01,국산,기아,봉고 3 EV,29
2023-01,수입,람보르기니,Urus,28
2023-01,수입,혼다,Accord,28
2023-01,수입,폭스바겐,Touareg,27
2023-01,수입,푸조,3008,27
2023-01,수입,벤츠,EQS,26
2023-01,수입,링컨,Aviator,25
2023-01,수입,푸조,5008,24
2023-01,국산,현대,아이오닉 6,23
2023-01,수입,BMW,iX3,23
2023-01,수입,포드,Bronco,23
2023-01,수입,폭스바겐,Arteon,23
2023-01,수입,BMW,2 Series Active Tourer,22
2023-01,수입,벤츠,GLS-Class,22
2023-01,수입,BMW,M4,21
2023-01,수입,링컨,Corsair,21
2023-01,수입,혼다,CR-V,21
2023-01,국산,쉐보레,말리부,20
2023-01,수입,BMW,X2,20
2023-01,수입,랜드로버,Range Rover Velar,19
2023-01,수입,볼보,XC40,19
2023-01,수입,포드,Expedition,19
2023-01,수입,렉서스,UX,18
2023-01,수입,캐딜락,XT4,18
2023-01,수입,혼다,Odyssey,18
2023-01,수입,아우디,e-tron GT,17
2023-01,수입,지프,Gladiator,15
2023-01,수입,포르쉐,718 Boxster,15
2023-01,수입,렉서스,LS,14
2023-01,수입,벤츠,EQA,14
2023-01,국산,쉐보레,타호,13
2023-01,국산,현대,포터2 일렉트릭,13
2023-01,수입,랜드로버,Range Rover Evoque,13
2023-01,수입,롤스로이스,Ghost,13
2023-01,수입,캐딜락,XT5,13
2023-01,수입,토요타,RAV4,13
2023-01,수입,랜드로버,Discovery,12
2023-01,수입,링컨,Navigator,12
2023-01,수입,미니,Convertible,12
2023-01,수입,포르쉐,718 Cayman,12
2023-01,수입,폭스바겐,Jetta,12
2023-01,수입,아우디,Q4 e-tron,11
2023-01,수입,포드,Mustang,11
2023-01,수입,볼보,C40 Recharge,10
2023-01,수입,마세라티,Levante,9
2023-01,수입,토요타,GR SUPRA,9
2023-01,국산,현대,카운티 일렉트릭,8
2023-01,수입,BMW,M3,8
2023-01,국산,제네시스,GV60,7
2023-01,수입,BMW,i7,7
2023-01,수입,볼보,XC40 Recharge,7
2023-01,수입,BMW,M5,6
2023-01,수입,BMW,X3 M,6
2023-01,수입,롤스로이스,Cullinan,6
2023-01,수입,캐딜락,XT6,6
2023-01,수입,푸조,308,6
2023-01,수입,BMW,X6 M,5
2023-01,수입,랜드로버,Discovery Sport,5
2023-01,수입,지프,Compass,5
2023-01,수입,캐딜락,CT5,5
2023-01,수입,푸조,508,5
2023-01,수입,BMW,X4 M,4
2023-01,수입,토요타,GR 86,4
2023-01,수입,푸조,2008,4
2023-01,수입,BMW,X5 M,3
2023-01,수입,렉서스,RX,3
2023-01,수입,마세라티,Quattroporte,3
2023-01,수입,벤츠,Maybach GLS,3
2023-01,수입,아우디,e-tron,3
2023-01,수입,BMW,Z4,2
2023-01,수입,DS,DS7 Crossback,2
2023-01,수입,벤츠,EQS SUV,2
2023-01,수입,벤틀리,Bentayga,2
2023-01,수입,재규어,F-Type,2
2023-01,수입,혼다,Pilot,2
2023-01,국산,기아,니로 EV,1
2023-01,국산,현대,코나 N,1
2023-01,수입,링컨,Nautilus,1
2023-01,수입,마세라티,Ghibli,1
2023-01,수입,테슬라,Model 3,1
2023-01,수입,테슬라,Model Y,1
2023-02,국산,현대,그랜저,9817
2023-02,국산,현대,아반떼,6257
2023-02,국산,현대,포터2,6227
2023-02,국산,기아,카니발,6039
2023-02,국산,기아,스포티지,5689
2023-02,국산,기아,셀토스,5552
2023-02,국산,기아,봉고 3 EV,5025
2023-02,국산,현대,포터2 일렉트릭,4872
2023-02,국산,KGM,토레스,4813
2023-02,국산,기아,쏘렌토,4745
2023-02,국산,제네시스,G80,4290
2023-02,국산,기아,레이,4268
2023-02,국산,기아,K8,4168
2023-02,국산,기아,봉고 3,4041
2023-02,국산,현대,투싼,3561
2023-02,국산,현대,팰리세이드,3539
2023-02,국산,현대,스타리아,3416
2023-02,국산,현대,코나,3225
2023-02,국산,현대,캐스퍼,3164
2023-02,국산,현대,싼타페,2776
2023-02,국산,기아,K5,2653
2023-02,국산,제네시스,GV70,2468
2023-02,수입,BMW,5 Series,2432
2023-02,국산,기아,모닝,2049
2023-02,국산,기아,EV6,1951
2023-02,국산,현대,아이오닉 5,1911
2023-02,국산,제네시스,GV80,1673
2023-02,국산,현대,아이오닉 6,1632
2023-02,수입,벤츠,E-Class,1624
2023-02,국산,현대,쏘나타,1228
2023-02,국산,기아,니로,1170
2023-02,수입,벤츠,S-Class,1077
2023-02,국산,기아,K3,1024
2023-02,국산,현대,쏘나타 뉴 라이즈,1012
2023-02,수입,아우디,A6,998
2023-02,국산,르노코리아,XM3,977
2023-02,수입,렉서스,ES,967
2023-02,국산,르노코리아,QM6,938
2023-02,수입,BMW,X4,922
2023-02,국산,현대,넥쏘,884
2023-02,국산,제네시스,G90,835
2023-02,국산,KGM,렉스턴 스포츠,756
2023-02,국산,현대,버스/트럭 (현대),715
2023-02,수입,벤츠,C-Class,656
2023-02,수입,BMW,6 Series,653
2023-02,수입,포르쉐,Cayenne,598
2023-02,국산,KGM,렉스턴 스포츠 칸,534
2023-02,국산,기아,모하비,504
2023-02,국산,현대,베뉴,492
2023-02,수입,지프,Cherokee,439
2023-02,수입,BMW,X5,420
2023-02,국산,기아,니로 EV,418
2023-02,수입,BMW,X3,404
2023-02,국산,쉐보레,스파크,392
2023-02,수입,토요타,RAV4,387
2023-02,국산,쉐보레,트레일블레이저,380
2023-02,수입,볼보,S90,338
2023-02,수입,벤츠,GLC-Class,314
2023-02,수입,렉서스,NX,313
2023-02,수입,포드,Explorer,305
2023-02,국산,기아,K9,301
2023-02,국산,기아,니로 플러스,292
2023-02,수입,BMW,3 Series,292
2023-02,수입,미니,Hatch,282
2023-02,수입,폭스바겐,Tiguan,270
2023-02,국산,KGM,렉스턴,263
2023-02,수입,BMW,i4,258
2023-02,수입,랜드로버,Range Rover,247
2023-02,국산,르노코리아,SM6,241
2023-02,수입,벤츠,CLA-Class,240
2023-02,수입,벤츠,EQE,234
2023-02,수입,아우디,Q3,228
2023-02,국산,제네시스,G70,220
2023-02,수입,토요타,Sienna,213
2023-02,국산,현대,마이티,211
2023-02,국산,제네시스,GV60,210
2023-02,수입,BMW,X6,208
2023-02,국산,KGM,티볼리,196
2023-02,수입,BMW,X7,195
2023-02,수입,포르쉐,Panamera,194
2023-02,수입,벤츠,EQB,189
2023-02,수입,벤츠,CLS-Class,186
2023-02,수입,아우디,A4,179
2023-02,국산,현대,카운티,174
2023-02,수입,벤츠,A-Class,171
2023-02,수입,벤츠,GLB-Class,159
2023-02,수입,벤츠,GLE-Class,155
2023-02,수입,아우디,Q5,155
2023-02,수입,미니,Countryman,146
2023-02,국산,KGM,티볼리 에어,144
2023-02,수입,벤츠,Maybach S-Class,143
2023-02,수입,볼보,XC60,143
2023-02,수입,BMW,7 Series,140
2023-02,수입,볼보,XC90,132
2023-02,국산,현대,쏠라티,124
2023-02,수입,혼다,CR-V,121
2023-02,국산,기아,스팅어,120
2023-02,수입,랜드로버,Defender,117
2023-02,수입,포르쉐,Taycan,117
2023-02,수입,아우디,Q7,116
2023-02,수입,미니,Clubman,115
2023-02,수입,아우디,A5,112
2023-02,수입,벤츠,EQS SUV,101
2023-02,수입,포르쉐,911,101
2023-02,국산,쉐보레,콜로라도,98
2023-02,수입,아우디,A3,98
2023-02,국산,기아,버스 (기아),96
2023-02,수입,폭스바겐,Golf,96
2023-02,수입,랜드로버,Range Rover Sport,93
2023-02,수입,링컨,Corsair,88
2023-02,수입,폭스바겐,Jetta,87
2023-02,국산,쉐보레,트래버스,85
2023-02,수입,BMW,1 Series,83
2023-02,수입,아우디,Q8,83
2023-02,수입,BMW,4 Series,82
2023-02,수입,벤츠,GLA-Class,80
2023-02,국산,KGM,코란도,79
2023-02,국산,현대,아반떼 N,79
2023-02,수입,토요타,Camry,77
2023-02,수입,포르쉐,Macan,74
2023-02,수입,아우디,A8,71
2023-02,수입,아우디,A7,67
2023-02,수입,벤츠,AMG GT,65
2023-02,수입,볼보,V60 Cross Country,64
2023-02,수입,포드,Bronco,64
2023-02,국산,르노코리아,마스터,62
2023-02,수입,볼보,C40 Recharge,62
2023-02,수입,BMW,2 Series,57
2023-02,국산,쉐보레,이쿼녹스,55
2023-02,수입,BMW,iX,54
2023-02,수입,지프,Grand Cherokee,54
2023-02,수입,렉서스,UX,51
2023-02,수입,아우디,Q2,49
2023-02,수입,포드,Ranger,49
2023-02,수입,GMC,Sierra,48
2023-02,수입,폭스바겐,Arteon,47
2023-02,수입,벤츠,EQA,46
2023-02,수입,지프,Renegade,46
2023-02,수입,폴스타,Polestar 2,44
2023-02,수입,볼보,XC40,42
2023-02,수입,캐딜락,Escalade,42
2023-02,수입,벤츠,EQS,40
2023-02,수입,지프,Wrangler,39
2023-02,수입,링컨,Aviator,36
2023-02,수입,벤틀리,Flying Spur,34
2023-02,수입,푸조,5008,31
2023-02,수입,미니,Electric,28
2023-02,수입,테슬라,Model Y,27
2023-02,수입,BMW,8 Series,26
2023-02,수입,혼다,Accord,25
2023-02,국산,쉐보레,말리부,24
2023-02,수입,아우디,e-tron,24
2023-02,수입,BMW,X2,23
2023-02,수입,벤틀리,Continental GT,22
2023-02,수입,볼보,S60,22
2023-02,수입,BMW,M5,21
2023-02,수입,BMW,i7,21
2023-02,수입,푸조,3008,21
2023-02,국산,쉐보레,타호,20
2023-02,수입,포르쉐,718 Boxster,20
2023-02,수입,BMW,M3,19
2023-02,수입,아우디,e-tron GT,19
2023-02,수입,지프,Gladiator,19
2023-02,수입,포르쉐,718 Cayman,19
2023-02,수입,벤츠,G-Class,18
2023-02,수입,볼보,XC40 Recharge,18
2023-02,수입,벤츠,GLS-Class,17
2023-02,수입,폭스바겐,Touareg,17
2023-02,수입,BMW,2 Series Active Tourer,16
2023-02,수입,마세라티,Levante,16
2023-02,수입,미니,Convertible,16
2023-02,수입,BMW,X1,15
2023-02,수입,테슬라,Model 3,15
2023-02,수입,랜드로버,Range Rover Velar,14
2023-02,수입,랜드로버,Range Rover Evoque,13
2023-02,수입,렉서스,LS,13
2023-02,수입,혼다,Odyssey,13
2023-02,수입,BMW,M4,12
2023-02,수입,람보르기니,Urus,12
2023-02,수입,랜드로버,Discovery,12
2023-02,수입,토요타,GR 86,11
2023-02,수입,포드,Mustang,11
2023-02,수입,캐딜락,XT5,10
2023-02,수입,포드,Expedition,10
2023-02,수입,랜드로버,Discovery Sport,8
2023-02,수입,캐딜락,XT6,8
2023-02,수입,BMW,X3 M,7
2023-02,수입,BMW,iX1,7
2023-02,수입,롤스로이스,Cullinan,7
2023-02,수입,푸조,308,7
2023-02,수입,람보르기니,Huracan EVO,6
2023-02,수입,볼보,V90 Cross Country,6
2023-02,수입,토요타,GR SUPRA,6
2023-02,수입,푸조,2008,6
2023-02,수입,BMW,X6 M,5
2023-02,수입,마세라티,Ghibli,5
2023-02,수입,벤틀리,Bentayga,5
2023-02,수입,푸조,508,5
2023-02,수입,BMW,iX3,4
2023-02,수입,롤스로이스,Ghost,4
2023-02,수입,벤츠,Maybach GLS,4
2023-02,수입,푸조,e-208,4
2023-02,국산,현대,카운티 일렉트릭,3
2023-02,수입,BMW,X5 M,3
2023-02,수입,링컨,Navigator,3
2023-02,수입,캐딜락,XT4,3
2023-02,수입,BMW,X4 M,2
2023-02,수입,지프,Compass,2
2023-02,수입,캐딜락,CT5,2
2023-02,수입,혼다,Pilot,2
2023-02,수입,DS,DS7 Crossback,1
2023-02,수입,롤스로이스,Phantom Series II,1
2023-02,수입,아우디,Q4 e-tron,1
2023-02,수입,재규어,F-Pace,1
2023-02,수입,토요타,Prius Prime,1
2023-03,국산,현대,그랜저,10916
2023-03,국산,현대,포터2,7422
2023-03,국산,기아,쏘렌토,6890
2023-03,국산,기아,카니발,6873
2023-03,국산,KGM,토레스,6595
2023-03,국산,현대,아반떼,6536
2023-03,국산,기아,스포티지,6018
2023-03,국산,기아,봉고 3,4902
2023-03,국산,현대,팰리세이드,4820
2023-03,국산,현대,코나,4801
2023-03,국산,제네시스,G80,4670
2023-03,국산,기아,K8,4569
2023-03,국산,현대,투싼,4236
2023-03,국산,기아,레이,4155
2023-03,국산,현대,스타리아,3980
2023-03,국산,기아,셀토스,3891
2023-03,국산,기아,K5,3421
2023-03,국산,현대,캐스퍼,3248
2023-03,국산,기아,EV6,3009
2023-03,국산,제네시스,GV70,2977
2023-03,국산,현대,싼타페,2977
2023-03,국산,현대,포터2 일렉트릭,2860
2023-03,국산,제네시스,GV80,2786
2023-03,국산,현대,아이오닉 6,2200
2023-03,국산,기아,모닝,2127
2023-03,국산,기아,봉고 3 EV,2016
2023-03,수입,벤츠,E-Class,2005
2023-03,국산,현대,아이오닉 5,1701
2023-03,국산,현대,버스/트럭 (현대),1694
2023-03,수입,BMW,5 Series,1498
2023-03,국산,기아,니로,1482
2023-03,국산,르노코리아,QM6,1409
2023-03,국산,현대,쏘나타 뉴 라이즈,1230
2023-03,국산,기아,K3,1197
2023-03,국산,제네시스,G90,1120
2023-03,수입,테슬라,Model Y,1016
2023-03,수입,렉서스,ES,1003
2023-03,국산,현대,쏘나타,985
2023-03,수입,아우디,A6,975
2023-03,국산,르노코리아,XM3,964
2023-03,수입,벤츠,S-Class,883
2023-03,국산,KGM,렉스턴 스포츠,790
2023-03,국산,기아,니로 EV,737
2023-03,수입,볼보,XC60,734
2023-03,국산,제네시스,GV60,716
2023-03,국산,기아,모하비,710
2023-03,국산,KGM,렉스턴 스포츠 칸,707
2023-03,국산,현대,넥쏘,694
2023-03,수입,벤츠,GLC-Class,657
2023-03,국산,쉐보레,트레일블레이저,620
2023-03,수입,BMW,X3,605
2023-03,수입,포르쉐,Cayenne,594
2023-03,국산,현대,마이티,585
2023-03,수입,BMW,X5,542
2023-03,수입,벤츠,GLE-Class,532
2023-03,국산,현대,베뉴,526
2023-03,수입,BMW,6 Series,468
2023-03,국산,제네시스,G70,466
2023-03,국산,기아,니로 플러스,460
2023-03,수입,BMW,X4,445
2023-03,국산,기아,K9,432
2023-03,수입,벤츠,C-Class,431
2023-03,국산,쉐보레,스파크,410
2023-03,수입,BMW,3 Series,389
2023-03,수입,포드,Explorer,381
2023-03,수입,BMW,X6,362
2023-03,수입,미니,Hatch,343
2023-03,수입,볼보,S90,325
2023-03,수입,랜드로버,Range Rover,324
2023-03,수입,볼보,XC40,323
2023-03,수입,벤츠,EQA,300
2023-03,수입,BMW,X7,296
2023-03,수입,아우디,A4,296
2023-03,수입,토요타,RAV4,294
2023-03,국산,KGM,렉스턴,289
2023-03,수입,토요타,Camry,279
2023-03,수입,렉서스,NX,264
2023-03,국산,르노코리아,SM6,263
2023-03,국산,KGM,티볼리,258
2023-03,수입,BMW,i4,243
2023-03,수입,테슬라,Model 3,242
2023-03,수입,미니,Countryman,230
2023-03,수입,벤츠,EQE,230
2023-03,수입,폭스바겐,Tiguan,230
2023-03,수입,벤츠,CLS-Class,220
2023-03,수입,볼보,XC90,218
2023-03,수입,벤츠,CLA-Class,205
2023-03,수입,아우디,Q5,196
2023-03,수입,토요타,Sienna,187
2023-03,국산,쉐보레,볼트 EUV,179
2023-03,국산,쉐보레,콜로라도,178
2023-03,수입,미니,Clubman,174
2023-03,수입,벤츠,GLB-Class,172
2023-03,수입,벤츠,Maybach S-Class,168
2023-03,국산,현대,카운티,165
2023-03,수입,볼보,C40 Recharge,165
2023-03,수입,볼보,V60 Cross Country,164
2023-03,수입,BMW,7 Series,163
2023-03,수입,아우디,Q3,161
2023-03,수입,포르쉐,Panamera,161
2023-03,수입,아우디,Q7,151
2023-03,국산,KGM,코란도,147
2023-03,국산,기아,스팅어,143
2023-03,수입,벤츠,EQB,143
2023-03,수입,포르쉐,Macan,142
2023-03,수입,볼보,S60,137
2023-03,수입,랜드로버,Defender,129
2023-03,국산,기아,버스 (기아),126
2023-03,국산,현대,쏠라티,124
2023-03,국산,KGM,티볼리 에어,118
2023-03,수입,포드,Ranger,113
2023-03,수입,아우디,A5,109
2023-03,국산,쉐보레,트래버스,108
2023-03,수입,벤츠,GLS-Class,105
2023-03,수입,벤츠,AMG GT,102
2023-03,수입,아우디,Q8,102
2023-03,수입,BMW,iX3,101
2023-03,수입,포르쉐,911,101
2023-03,수입,렉서스,UX,97
2023-03,수입,지프,Grand Cherokee,93
2023-03,수입,포르쉐,Taycan,92
2023-03,수입,벤츠,EQS SUV,91
2023-03,수입,BMW,4 Series,87
2023-03,수입,지프,Renegade,86
2023-03,수입,벤츠,Maybach GLS,85
2023-03,수입,푸조,5008,85
2023-03,국산,현대,아반떼 N,83
2023-03,수입,벤츠,A-Class,79
2023-03,수입,아우디,A3,79
2023-03,수입,아우디,A7,77
2023-03,수입,랜드로버,Range Rover Sport,76
2023-03,수입,폭스바겐,Golf,75
2023-03,수입,링컨,Corsair,72
2023-03,국산,쉐보레,이쿼녹스,70
2023-03,수입,GMC,Sierra,70
2023-03,수입,BMW,1 Series,67
2023-03,수입,폴스타,Polestar 2,67
2023-03,수입,BMW,2 Series,66
2023-03,수입,아우디,A8,61
2023-03,수입,지프,Wrangler,61
2023-03,수입,폭스바겐,Touareg,59
2023-03,수입,폭스바겐,Jetta,58
2023-03,수입,링컨,Aviator,51
2023-03,수입,벤츠,GLA-Class,51
2023-03,수입,벤츠,EQS,50
2023-03,수입,볼보,V90 Cross Country,50
2023-03,수입,캐딜락,Escalade,48
2023-03,수입,랜드로버,Discovery,46
2023-03,수입,푸조,3008,46
2023-03,수입,BMW,8 Series,45
2023-03,수입,아우디,Q2,41
2023-03,수입,볼보,XC40 Recharge,40
2023-03,수입,BMW,M3,39
2023-03,수입,미니,Convertible,37
2023-03,수입,포드,Bronco,37
2023-03,수입,BMW,iX,35
2023-03,수입,BMW,Z4,33
2023-03,수입,폭스바겐,Arteon,30
2023-03,수입,혼다,CR-V,30
2023-03,국산,쉐보레,말리부,29
2023-03,수입,벤틀리,Bentayga,29
2023-03,수입,BMW,i7,28
2023-03,수입,BMW,M4,25
2023-03,국산,쉐보레,타호,24
2023-03,수입,벤츠,G-Class,24
2023-03,수입,혼다,Odyssey,24
2023-03,수입,BMW,M5,22
2023-03,수입,토요타,GR 86,22
2023-03,수입,랜드로버,Range Rover Velar,21
2023-03,수입,랜드로버,Discovery Sport,20
2023-03,수입,지프,Gladiator,20
2023-03,국산,쉐보레,볼트 EV,18
2023-03,수입,포드,Mustang,18
2023-03,수입,BMW,X2,17
2023-03,수입,BMW,iX1,17
2023-03,수입,랜드로버,Range Rover Evoque,17
2023-03,수입,혼다,Accord,17
2023-03,수입,BMW,2 Series Active Tourer,16
2023-03,수입,캐딜락,XT5,16
2023-03,수입,포르쉐,718 Cayman,16
2023-03,수입,BMW,XM,15
2023-03,수입,BMW,X3 M,14
2023-03,수입,지프,Cherokee,13
2023-03,수입,BMW,X4 M,12
2023-03,수입,롤스로이스,Cullinan,12
2023-03,수입,푸조,308,12
2023-03,국산,현대,카운티 일렉트릭,11
2023-03,수입,마세라티,Levante,11
2023-03,수입,캐딜락,XT6,11
2023-03,수입,포르쉐,718 Boxster,11
2023-03,수입,렉서스,LS,10
2023-03,수입,BMW,X1,9
2023-03,수입,롤스로이스,Ghost,9
2023-03,수입,푸조,2008,9
2023-03,수입,DS,DS4,8
2023-03,수입,아우디,e-tron GT,8
2023-03,수입,캐딜락,XT4,7
2023-03,수입,푸조,508,7
2023-03,수입,푸조,e-208,7
2023-03,수입,캐딜락,CT5,6
2023-03,수입,람보르기니,Huracan EVO,5
2023-03,수입,마세라티,Ghibli,5
2023-03,수입,마세라티,Grecale,4
2023-03,수입,벤틀리,Flying Spur,4
2023-03,수입,아우디,e-tron,4
2023-03,수입,람보르기니,Urus,3
2023-03,수입,포드,Expedition,3
2023-03,수입,BMW,X5 M,2
2023-03,수입,BMW,X6 M,2
2023-03,수입,롤스로이스,Phantom Series II,2
2023-03,수입,링컨,Navigator,2
2023-03,수입,미니,Electric,2
2023-03,수입,벤틀리,Continental GT,2
2023-03,수입,재규어,F-Pace,2
2023-03,수입,토요타,GR SUPRA,2
2023-03,수입,BMW,M8,1
2023-03,수입,DS,DS7 Crossback,1
2023-03,수입,렉서스,LC,1
2023-03,수입,렉서스,RZ,1
2023-03,수입,링컨,Nautilus,1
2023-03,수입,마세라티,Quattroporte,1
2023-03,수입,재규어,F-Type,1
2023-03,수입,지프,Compass,1
2023-03,수입,토요타,Prius Prime,1
2023-04,국산,현대,그랜저,9997
2023-04,국산,기아,쏘렌토,6835
2023-04,국산,기아,카니발,6481
2023-04,국산,기아,스포티지,6282
2023-04,국산,현대,포터2,6183
2023-04,국산,현대,아반떼,5243
2023-04,국산,제네시스,G80,4407
2023-04,국산,기아,봉고 3,4349
2023-04,국산,기아,레이,4158
2023-04,국산,기아,셀토스,4119
2023-04,국산,현대,투싼,4112
2023-04,국산,현대,팰리세이드,4096
2023-04,국산,현대,코나,4048
2023-04,국산,기아,K8,4011
2023-04,국산,KGM,토레스,3553
2023-04,국산,현대,캐스퍼,3420
2023-04,국산,현대,스타리아,3407
2023-04,국산,쉐보레,트랙스 크로스오버,3072
2023-04,국산,제네시스,GV80,2916
2023-04,국산,현대,포터2 일렉트릭,2885
2023-04,국산,현대,싼타페,2774
2023-04,국산,기아,K5,2739
2023-04,국산,기아,EV6,2694
2023-04,국산,제네시스,GV70,2446
2023-04,국산,기아,모닝,2164
2023-04,국산,현대,아이오닉 5,2123
2023-04,국산,현대,쏘나타 뉴 라이즈,1603
2023-04,수입,BMW,5 Series,1601
2023-04,국산,기아,니로,1391
2023-04,국산,현대,아이오닉 6,1316
2023-04,수입,벤츠,E-Class,1277
2023-04,국산,기아,봉고 3 EV,1137
2023-04,국산,현대,버스/트럭 (현대),1066
2023-04,국산,쉐보레,트레일블레이저,1042
2023-04,국산,제네시스,G90,1023
2023-04,국산,르노코리아,QM6,994
2023-04,수입,벤츠,GLE-Class,903
2023-04,수입,벤츠,GLC-Class,804
2023-04,국산,기아,니로 EV,729
2023-04,국산,KGM,렉스턴 스포츠,692
2023-04,국산,기아,K3,670
2023-04,국산,KGM,렉스턴 스포츠 칸,666
2023-04,수입,벤츠,S-Class,659
2023-04,수입,렉서스,ES,648
2023-04,국산,현대,쏘나타,629
2023-04,국산,르노코리아,XM3,612
2023-04,수입,볼보,XC60,582
2023-04,수입,BMW,3 Series,578
2023-04,수입,포르쉐,Cayenne,544
2023-04,수입,BMW,X3,534
2023-04,수입,BMW,X5,533
2023-04,국산,제네시스,GV60,530
2023-04,국산,현대,마이티,523
2023-04,국산,기아,모하비,483
2023-04,국산,기아,니로 플러스,475
2023-04,국산,현대,베뉴,449
2023-04,국산,기아,K9,422
2023-04,수입,벤츠,C-Class,405
2023-04,수입,폭스바겐,Tiguan,399
2023-04,수입,BMW,6 Series,396
2023-04,수입,BMW,X4,385
2023-04,수입,벤츠,G-Class,381
2023-04,국산,제네시스,G70,379
2023-04,수입,미니,Hatch,360
2023-04,국산,현대,넥쏘,327
2023-04,국산,제네시스,Electrified GV70,320
2023-04,국산,쉐보레,스파크,307
2023-04,수입,BMW,X6,305
2023-04,수입,렉서스,NX,297
2023-04,국산,쉐보레,볼트 EUV,283
2023-04,수입,랜드로버,Range Rover,267
2023-04,국산,KGM,렉스턴,259
2023-04,수입,토요타,Sienna,248
2023-04,수입,포드,Explorer,241
2023-04,수입,볼보,XC90,236
2023-04,수입,미니,Countryman,230
2023-04,수입,토요타,RAV4,228
2023-04,수입,BMW,X7,225
2023-04,국산,KGM,티볼리,220
2023-04,수입,BMW,i4,216
2023-04,수입,BMW,7 Series,215
2023-04,수입,볼보,S90,206
2023-04,수입,미니,Clubman,204
2023-04,수입,벤츠,GLB-Class,204
2023-04,국산,르노코리아,SM6,195
2023-04,수입,벤츠,EQA,187
2023-04,수입,벤츠,Maybach GLS,185
2023-04,국산,쉐보레,콜로라도,184
2023-04,수입,아우디,A6,182
2023-04,수입,볼보,XC40,176
2023-04,수입,포르쉐,Panamera,169
2023-04,수입,벤츠,CLS-Class,167
2023-04,국산,제네시스,Electrified G80,166
2023-04,수입,볼보,S60,163
2023-04,수입,토요타,Camry,157
2023-04,수입,벤츠,EQE,152
2023-04,수입,벤츠,CLA-Class,151
2023-04,국산,현대,카운티,150
2023-04,수입,BMW,iX3,138
2023-04,수입,포르쉐,911,136
2023-04,수입,벤츠,EQB,135
2023-04,국산,쉐보레,트래버스,128
2023-04,수입,포르쉐,Taycan,127
2023-04,수입,벤츠,GLS-Class,117
2023-04,국산,KGM,코란도,116
2023-04,국산,기아,버스 (기아),114
2023-04,수입,BMW,X1,111
2023-04,수입,벤츠,Maybach S-Class,111
2023-04,수입,볼보,V60 Cross Country,101
2023-04,수입,링컨,Nautilus,99
2023-04,수입,포르쉐,Macan,96
2023-04,수입,미니,Convertible,95
2023-04,수입,벤츠,AMG GT,89
2023-04,수입,폭스바겐,Jetta,86
2023-04,수입,폭스바겐,Golf,83
2023-04,수입,BMW,iX1,82
2023-04,국산,쉐보레,이쿼녹스,80
2023-04,국산,현대,쏠라티,79
2023-04,수입,폭스바겐,Arteon,79
2023-04,국산,KGM,티볼리 에어,77
2023-04,수입,BMW,4 Series,77
2023-04,수입,볼보,C40 Recharge,77
2023-04,수입,BMW,1 Series,76
2023-04,수입,벤츠,GLA-Class,76
2023-04,수입,지프,Renegade,76
2023-04,수입,지프,Wrangler,76
2023-04,수입,테슬라,Model Y,76
2023-04,수입,랜드로버,Defender,73
2023-04,수입,BMW,2 Series Active Tourer,67
2023-04,수입,링컨,Corsair,67
2023-04,수입,렉서스,UX,66
2023-04,수입,랜드로버,Range Rover Sport,65
2023-04,수입,벤츠,EQS,64
2023-04,국산,기아,스팅어,61
2023-04,수입,벤츠,EQS SUV,60
2023-04,수입,포르쉐,718 Boxster,59
2023-04,수입,미니,Electric,57
2023-04,수입,폴스타,Polestar 2,54
2023-04,국산,쉐보레,볼트 EV,53
2023-04,수입,BMW,2 Series,51
2023-04,수입,아우디,Q5,51
2023-04,수입,볼보,V90 Cross Country,50
2023-04,수입,링컨,Aviator,47
2023-04,수입,벤츠,A-Class,47
2023-04,수입,GMC,Sierra,46
2023-04,수입,아우디,e-tron,46
2023-04,수입,캐딜락,Escalade,45
2023-04,수입,푸조,3008,44
2023-04,수입,BMW,iX,42
2023-04,수입,BMW,i7,41
2023-04,수입,벤틀리,Bentayga,40
2023-04,수입,혼다,CR-V,39
2023-04,수입,BMW,8 Series,37
2023-04,수입,포드,Ranger,37
2023-04,수입,푸조,5008,36
2023-04,국산,현대,아반떼 N,35
2023-04,수입,BMW,Z4,35
2023-04,수입,아우디,Q3,33
2023-04,수입,지프,Grand Cherokee,33
2023-04,수입,마세라티,Grecale,32
2023-04,수입,포드,Mustang,31
2023-04,수입,아우디,Q7,29
2023-04,수입,폭스바겐,Touareg,27
2023-04,수입,아우디,A7,26
2023-04,국산,쉐보레,타호,25
2023-04,수입,아우디,A4,23
2023-04,수입,BMW,M3,22
2023-04,수입,지프,Gladiator,22
2023-04,수입,테슬라,Model 3,22
2023-04,수입,람보르기니,Huracan EVO,21
2023-04,수입,BMW,M5,18
2023-04,수입,랜드로버,Range Rover Velar,17
2023-04,수입,아우디,A3,16
2023-04,수입,아우디,A8,16
2023-04,수입,랜드로버,Discovery,15
2023-04,수입,아우디,Q8,15
2023-04,수입,포르쉐,718 Cayman,15
2023-04,수입,아우디,A5,14
2023-04,수입,포드,Bronco,14
2023-04,수입,BMW,X6 M,13
2023-04,수입,렉서스,LS,13
2023-04,수입,롤스로이스,Cullinan,13
2023-04,수입,아우디,Q2,13
2023-04,수입,혼다,Odyssey,13
2023-04,수입,BMW,M4,12
2023-04,수입,랜드로버,Range Rover Evoque,12
2023-04,수입,BMW,X2,10
2023-04,수입,랜드로버,Discovery Sport,10
2023-04,수입,푸조,e-208,10
2023-04,수입,마세라티,Levante,9
2023-04,수입,테슬라,Model X,9
2023-04,수입,푸조,308,9
2023-04,국산,현대,카운티 일렉트릭,8
2023-04,수입,볼보,XC40 Recharge,8
2023-04,수입,캐딜락,XT4,8
2023-04,수입,푸조,e-2008,8
2023-04,수입,롤스로이스,Ghost,7
2023-04,수입,캐딜락,XT5,7
2023-04,수입,테슬라,Model S,7
2023-04,수입,BMW,X5 M,6
2023-04,수입,람보르기니,Urus S,6
2023-04,국산,쉐보레,말리부,5
2023-04,수입,BMW,X3 M,5
2023-04,수입,BMW,X4 M,5
2023-04,수입,아우디,e-tron GT,5
2023-04,수입,람보르기니,Urus,4
2023-04,수입,벤틀리,Continental GT,4
2023-04,수입,아우디,Q4 e-tron,4
2023-04,수입,캐딜락,CT5,4
2023-04,수입,토요타,GR 86,4
2023-04,수입,롤스로이스,Phantom Series II,3
2023-04,수입,링컨,Navigator,3
2023-04,수입,재규어,F-Type,3
2023-04,수입,포드,Expedition,3
2023-04,수입,푸조,508,3
2023-04,수입,마세라티,Ghibli,2
2023-04,수입,마세라티,Quattroporte,2
2023-04,수입,벤츠,SL-Class,2
2023-04,수입,캐딜락,XT6,2
2023-04,수입,혼다,Pilot,2
2023-04,국산,쉐보레,트랙스,1
2023-04,수입,DS,DS4,1
2023-04,수입,DS,DS7 Crossback,1
2023-04,수입,렉서스,LC,1
2023-04,수입,벤틀리,Flying Spur,1
2023-04,수입,재규어,F-Pace,1
2023-04,수입,토요타,GR SUPRA,1
2023-04,수입,폭스바겐,ID.4,1
2023-04,수입,푸조,2008,1
2023-04,수입,혼다,Accord,1
2023-05,국산,현대,그랜저,11581
2023-05,국산,기아,카니발,6695
2023-05,국산,현대,아반떼,6556
2023-05,국산,기아,쏘렌토,6499
2023-05,국산,기아,스포티지,6185
2023-05,국산,현대,포터2,5576
2023-05,국산,기아,셀토스,4792
2023-05,국산,제네시스,G80,4701
2023-05,국산,기아,레이,4576
2023-05,국산,기아,K8,4487
2023-05,국산,현대,투싼,4241
2023-05,국산,기아,봉고 3,4194
2023-05,국산,현대,캐스퍼,4064
2023-05,국산,현대,스타리아,3567
2023-05,국산,현대,팰리세이드,3553
2023-05,국산,쉐보레,트랙스 크로스오버,3396
2023-05,국산,기아,K5,3166
2023-05,국산,제네시스,GV80,2737
2023-05,국산,현대,싼타페,2557
2023-05,국산,기아,모닝,2502
2023-05,국산,현대,포터2 일렉트릭,2485
2023-05,국산,KGM,토레스,2463
2023-05,국산,현대,코나,2458
2023-05,국산,현대,아이오닉 5,2396
2023-05,국산,제네시스,GV70,2288
2023-05,국산,기아,EV6,1894
2023-05,수입,BMW,5 Series,1761
2023-05,국산,현대,쏘나타 디 엣지,1729
2023-05,국산,현대,버스/트럭 (현대),1524
2023-05,국산,기아,니로,1468
2023-05,수입,벤츠,E-Class,1466
2023-05,국산,제네시스,G90,1417
2023-05,국산,기아,봉고 3 EV,1164
2023-05,국산,현대,아이오닉 6,1117
2023-05,국산,기아,K3,975
2023-05,국산,쉐보레,트레일블레이저,946
2023-05,국산,현대,쏘나타 뉴 라이즈,901
2023-05,국산,르노코리아,QM6,827
2023-05,국산,르노코리아,XM3,777
2023-05,국산,KGM,렉스턴 스포츠,740
2023-05,수입,벤츠,S-Class,710
2023-05,국산,현대,마이티,686
2023-05,국산,KGM,렉스턴 스포츠 칸,682
2023-05,수입,벤츠,GLC-Class,656
2023-05,국산,제네시스,GV60,598
2023-05,수입,벤츠,GLE-Class,595
2023-05,수입,폭스바겐,Tiguan,565
2023-05,수입,렉서스,ES,546
2023-05,국산,기아,니로 EV,522
2023-05,수입,BMW,6 Series,522
2023-05,국산,현대,베뉴,511
2023-05,수입,포르쉐,Cayenne,469
2023-05,국산,기아,니로 플러스,462
2023-05,수입,벤츠,C-Class,435
2023-05,국산,현대,넥쏘,410
2023-05,수입,BMW,3 Series,399
2023-05,수입,BMW,X3,397
2023-05,국산,KGM,렉스턴 뉴 아레나,379
2023-05,수입,BMW,X5,374
2023-05,수입,BMW,X6,363
2023-05,수입,볼보,XC60,357
2023-05,수입,렉서스,NX,339
2023-05,수입,BMW,iX3,336
2023-05,수입,테슬라,Model Y,331
2023-05,수입,미니,Hatch,328
2023-05,국산,제네시스,Electrified GV70,327
2023-05,국산,기아,모하비,318
2023-05,국산,기아,K9,310
2023-05,수입,볼보,S90,306
2023-05,수입,볼보,XC40,300
2023-05,수입,BMW,X4,299
2023-05,수입,벤츠,G-Class,292
2023-05,국산,KGM,티볼리,280
2023-05,수입,벤츠,CLS-Class,268
2023-05,수입,BMW,7 Series,261
2023-05,수입,BMW,X7,260
2023-05,수입,볼보,XC90,256
2023-05,수입,벤츠,EQE,250
2023-05,국산,제네시스,G70,248
2023-05,수입,아우디,A6,242
2023-05,수입,미니,Countryman,241
2023-05,수입,토요타,RAV4,227
2023-05,수입,BMW,i4,224
2023-05,수입,벤츠,GLB-Class,200
2023-05,수입,토요타,Sienna,195
2023-05,수입,랜드로버,Range Rover,191
2023-05,수입,벤츠,EQA,182
2023-05,수입,벤츠,CLA-Class,176
2023-05,국산,르노코리아,SM6,174
2023-05,수입,토요타,Camry,170
2023-05,국산,KGM,코란도,168
2023-05,수입,미니,Clubman,161
2023-05,국산,현대,카운티,156
2023-05,수입,포르쉐,911,147
2023-05,수입,포르쉐,Panamera,146
2023-05,수입,벤츠,Maybach S-Class,144
2023-05,수입,폴스타,Polestar 2,141
2023-05,수입,벤츠,Maybach GLS,140
2023-05,수입,지프,Wrangler,137
2023-05,수입,아우디,A3,133
2023-05,수입,벤츠,A-Class,132
2023-05,수입,벤츠,GLS-Class,132
2023-05,수입,폭스바겐,Golf,130
2023-05,국산,쉐보레,콜로라도,127
2023-05,수입,포르쉐,Taycan,127
2023-05,수입,벤츠,EQB,125
2023-05,수입,폭스바겐,Arteon,117
2023-05,수입,BMW,XM,114
2023-05,국산,제네시스,Electrified G80,112
2023-05,수입,벤츠,AMG GT,111
2023-05,국산,기아,버스 (기아),110
2023-05,수입,아우디,Q5,110
2023-05,수입,BMW,iX1,107
2023-05,수입,볼보,S60,104
2023-05,수입,볼보,V60 Cross Country,100
2023-05,수입,포드,Explorer,100
2023-05,수입,포드,Ranger,99
2023-05,수입,혼다,CR-V,98
2023-05,국산,KGM,티볼리 에어,97
2023-05,수입,BMW,1 Series,95
2023-05,수입,BMW,X1,95
2023-05,수입,테슬라,Model 3,93
2023-05,국산,쉐보레,트래버스,90
2023-05,수입,벤츠,EQS,90
2023-05,수입,푸조,3008,89
2023-05,국산,쉐보레,볼트 EUV,88
2023-05,수입,아우디,Q7,85
2023-05,수입,랜드로버,Defender,84
2023-05,수입,미니,Electric,75
2023-05,수입,벤츠,GLA-Class,75
2023-05,국산,현대,쏠라티,71
2023-05,수입,BMW,2 Series Active Tourer,70
2023-05,수입,지프,Renegade,70
2023-05,수입,렉서스,UX,68
2023-05,수입,랜드로버,Range Rover Sport,66
2023-05,수입,캐딜락,Escalade,65
2023-05,국산,현대,코나 일렉트릭,64
2023-05,수입,BMW,Z4,64
2023-05,수입,포르쉐,718 Boxster,62
2023-05,수입,벤츠,EQS SUV,61
2023-05,수입,BMW,8 Series,58
2023-05,수입,미니,Convertible,57
2023-05,수입,BMW,2 Series,55
2023-05,수입,지프,Grand Cherokee,55
2023-05,수입,아우디,Q3,54
2023-05,수입,GMC,Sierra,53
2023-05,수입,벤츠,SL-Class,52
2023-05,수입,아우디,A4,51
2023-05,수입,아우디,A5,51
2023-05,수입,벤틀리,Continental GT,50
2023-05,수입,폭스바겐,Touareg,47
2023-05,국산,기아,스팅어,45
2023-05,수입,아우디,Q2,44
2023-05,국산,현대,아반떼 N,43
2023-05,수입,BMW,iX,43
2023-05,수입,링컨,Corsair,43
2023-05,수입,마세라티,Grecale,43
2023-05,수입,아우디,Q8,43
2023-05,수입,볼보,C40 Recharge,42
2023-05,수입,BMW,4 Series,39
2023-05,수입,볼보,V90 Cross Country,37
2023-05,수입,아우디,A8,35
2023-05,수입,포르쉐,Macan,35
2023-05,수입,아우디,A7,34
2023-05,국산,쉐보레,타호,33
2023-05,수입,포드,Mustang,33
2023-05,수입,람보르기니,Huracan EVO,29
2023-05,수입,토요타,Crown,28
2023-05,수입,BMW,i7,27
2023-05,수입,랜드로버,Discovery,27
2023-05,수입,포드,Bronco,27
2023-05,수입,지프,Gladiator,25
2023-05,수입,푸조,408,25
2023-05,수입,BMW,M5,24
2023-05,수입,링컨,Nautilus,24
2023-05,수입,벤틀리,Bentayga,23
2023-05,수입,푸조,5008,23
2023-05,수입,포드,Expedition,22
2023-05,수입,링컨,Aviator,21
2023-05,수입,포르쉐,718 Cayman,19
2023-05,수입,랜드로버,Range Rover Velar,17
2023-05,수입,롤스로이스,Cullinan,16
2023-05,국산,쉐보레,이쿼녹스,15
2023-05,수입,람보르기니,Urus S,15
2023-05,수입,람보르기니,Urus,14
2023-05,수입,푸조,e-208,14
2023-05,국산,쉐보레,볼트 EV,13
2023-05,수입,BMW,M3,13
2023-05,수입,랜드로버,Range Rover Evoque,13
2023-05,수입,렉서스,LS,13
2023-05,수입,랜드로버,Discovery Sport,12
2023-05,수입,BMW,M4,11
2023-05,수입,DS,DS3 Crossback E-Tense,11
2023-05,수입,롤스로이스,Ghost,11
2023-05,수입,마세라티,Levante,11
2023-05,수입,푸조,308,11
2023-05,수입,아우디,e-tron,10
2023-05,수입,아우디,e-tron GT,10
2023-05,수입,캐딜락,XT6,9
2023-05,수입,혼다,Odyssey,8
2023-05,수입,BMW,X2,7
2023-05,수입,BMW,X4 M,7
2023-05,수입,롤스로이스,Phantom Series II,7
2023-05,수입,캐딜락,XT4,7
2023-05,국산,현대,카운티 일렉트릭,6
2023-05,수입,벤틀리,Flying Spur,6
2023-05,수입,BMW,X3 M,5
2023-05,수입,렉서스,RX,5
2023-05,수입,캐딜락,XT5,5
2023-05,수입,토요타,GR 86,5
2023-05,수입,푸조,e-2008,5
2023-05,수입,토요타,GR SUPRA,4
2023-05,수입,BMW,X5 M,3
2023-05,수입,BMW,X6 M,3
2023-05,수입,마세라티,MC20 Cielo,3
2023-05,수입,마세라티,Quattroporte,3
2023-05,수입,재규어,F-Pace,3
2023-05,수입,폭스바겐,Jetta,3
2023-05,수입,푸조,508,3
2023-05,수입,렉서스,RZ,2
2023-05,수입,링컨,Navigator,2
2023-05,수입,마세라티,Ghibli,2
2023-05,수입,재규어,F-Type,2
2023-05,수입,캐딜락,CT5,2
2023-05,수입,DS,DS4,1
2023-05,수입,DS,DS7 Crossback,1
2023-05,수입,렉서스,LC,1
2023-05,수입,지프,Compass,1
2023-05,수입,푸조,2008,1
2023-06,국산,현대,그랜저,11528
2023-06,국산,기아,쏘렌토,6978
2023-06,국산,기아,스포티지,6418
2023-06,국산,기아,카니발,6358
2023-06,국산,현대,포터2,5745
2023-06,국산,현대,아반떼,5298
2023-06,국산,기아,셀토스,5224
2023-06,국산,제네시스,G80,4647
2023-06,국산,기아,K8,4469
2023-06,국산,현대,투싼,4441
2023-06,국산,기아,레이,4372
2023-06,국산,현대,캐스퍼,3900
2023-06,국산,쉐보레,트랙스 크로스오버,3842
2023-06,국산,제네시스,GV70,3781
2023-06,국산,기아,봉고 3,3545
2023-06,국산,현대,스타리아,3501
2023-06,국산,현대,싼타페,3353
2023-06,국산,현대,팰리세이드,3164
2023-06,국산,기아,K5,2963
2023-06,국산,현대,쏘나타 디 엣지,2951
2023-06,국산,KGM,토레스,2907
2023-06,수입,BMW,5 Series,2665
2023-06,국산,제네시스,GV80,2572
2023-06,국산,현대,포터2 일렉트릭,2505
2023-06,국산,현대,코나,2498
2023-06,국산,기아,모닝,2245
2023-06,수입,벤츠,E-Class,2091
2023-06,국산,제네시스,G90,1629
2023-06,국산,현대,버스/트럭 (현대),1574
2023-06,국산,기아,K3,1540
2023-06,국산,기아,니로,1534
2023-06,수입,벤츠,S-Class,1431
2023-06,국산,기아,EV6,1379
2023-06,국산,기아,EV9,1334
2023-06,국산,현대,아이오닉 5,1297
2023-06,국산,현대,쏘나타 뉴 라이즈,1162
2023-06,국산,기아,봉고 3 EV,1026
2023-06,국산,현대,베뉴,952
2023-06,국산,르노코리아,QM6,928
2023-06,국산,쉐보레,트레일블레이저,849
2023-06,수입,테슬라,Model X,847
2023-06,수입,렉서스,ES,825
2023-06,국산,KGM,렉스턴 스포츠,797
2023-06,수입,벤츠,GLE-Class,772
2023-06,국산,KGM,렉스턴 스포츠 칸,738
2023-06,수입,BMW,6 Series,699
2023-06,국산,현대,마이티,681
2023-06,수입,BMW,3 Series,679
2023-06,국산,KGM,티볼리,671
2023-06,수입,아우디,A6,671
2023-06,국산,현대,코나 일렉트릭,664
2023-06,국산,르노코리아,XM3,640
2023-06,수입,테슬라,Model Y,576
2023-06,수입,BMW,X4,545
2023-06,수입,포르쉐,Cayenne,516
2023-06,국산,기아,모하비,510
2023-06,국산,현대,아이오닉 6,491
2023-06,수입,BMW,X6,484
2023-06,국산,제네시스,G70,469
2023-06,국산,기아,니로 EV,458
2023-06,국산,제네시스,GV60,422
2023-06,수입,벤츠,EQE,393
2023-06,수입,미니,Hatch,389
2023-06,수입,BMW,7 Series,388
2023-06,수입,벤츠,CLS-Class,375
2023-06,국산,기아,K9,366
2023-06,수입,벤츠,C-Class,362
2023-06,수입,렉서스,RX,359
2023-06,수입,렉서스,NX,358
2023-06,국산,KGM,렉스턴 뉴 아레나,337
2023-06,수입,볼보,XC60,333
2023-06,수입,BMW,iX3,328
2023-06,수입,BMW,X5,318
2023-06,수입,벤츠,G-Class,315
2023-06,수입,테슬라,Model S,307
2023-06,국산,현대,넥쏘,305
2023-06,수입,BMW,X7,305
2023-06,국산,기아,니로 플러스,298
2023-06,수입,벤츠,EQB,292
2023-06,수입,폭스바겐,Tiguan,291
2023-06,수입,볼보,S90,286
2023-06,수입,토요타,Crown,282
2023-06,수입,토요타,RAV4,281
2023-06,수입,BMW,X3,275
2023-06,수입,벤츠,GLB-Class,272
2023-06,수입,볼보,XC90,265
2023-06,수입,미니,Countryman,264
2023-06,국산,제네시스,Electrified GV70,247
2023-06,수입,지프,Wrangler,235
2023-06,수입,토요타,Camry,226
2023-06,수입,벤츠,GLC-Class,220
2023-06,수입,BMW,i4,218
2023-06,수입,볼보,XC40,217
2023-06,수입,랜드로버,Range Rover,207
2023-06,수입,벤츠,CLA-Class,203
2023-06,수입,벤츠,EQS SUV,203
2023-06,수입,폴스타,Polestar 2,198
2023-06,국산,현대,카운티,190
2023-06,수입,벤츠,Maybach S-Class,188
2023-06,수입,BMW,X1,176
2023-06,국산,KGM,티볼리 에어,174
2023-06,수입,벤츠,EQA,171
2023-06,수입,BMW,4 Series,165
2023-06,수입,포르쉐,Taycan,164
2023-06,수입,볼보,S60,161
2023-06,수입,테슬라,Model 3,161
2023-06,수입,토요타,Sienna,158
2023-06,수입,아우디,Q5,156
2023-06,국산,르노코리아,SM6,153
2023-06,수입,BMW,1 Series,148
2023-06,국산,쉐보레,콜로라도,147
2023-06,수입,포드,Bronco,137
2023-06,수입,포르쉐,Panamera,137
2023-06,수입,포르쉐,911,136
2023-06,국산,KGM,코란도,134
2023-06,수입,미니,Clubman,131
2023-06,수입,벤츠,GLA-Class,121
2023-06,국산,기아,버스 (기아),120
2023-06,국산,쉐보레,트래버스,117
2023-06,수입,벤츠,AMG GT,116
2023-06,수입,랜드로버,Defender,112
2023-06,수입,벤츠,GLS-Class,111
2023-06,수입,벤츠,Maybach GLS,110
2023-06,수입,폭스바겐,ID.4,107
2023-06,수입,지프,Renegade,103
2023-06,수입,푸조,408,103
2023-06,수입,미니,Electric,101
2023-06,수입,아우디,Q7,101
2023-06,수입,벤츠,EQS,100
2023-06,수입,아우디,A3,100
2023-06,국산,현대,쏠라티,98
2023-06,수입,지프,Grand Cherokee,96
2023-06,수입,혼다,CR-V,96
2023-06,수입,포르쉐,Macan,93
2023-06,수입,포드,Ranger,92
2023-06,수입,BMW,2 Series,91
2023-06,수입,BMW,iX1,91
2023-06,수입,벤츠,SL-Class,90
2023-06,수입,BMW,Z4,89
2023-06,수입,랜드로버,Range Rover Sport,89
2023-06,수입,미니,Convertible,85
2023-06,국산,쉐보레,볼트 EUV,78
2023-06,수입,폭스바겐,Touareg,77
2023-06,수입,렉서스,UX,76
2023-06,수입,BMW,8 Series,74
2023-06,수입,볼보,V60 Cross Country,74
2023-06,국산,제네시스,Electrified G80,71
2023-06,수입,아우디,A8,71
2023-06,수입,BMW,2 Series Active Tourer,69
2023-06,수입,BMW,XM,67
2023-06,수입,벤츠,A-Class,65
2023-06,수입,BMW,i7,64
2023-06,수입,캐딜락,Escalade,59
2023-06,수입,푸조,3008,57
2023-06,수입,벤틀리,Flying Spur,54
2023-06,수입,포르쉐,718 Boxster,48
2023-06,국산,쉐보레,이쿼녹스,46
2023-06,수입,아우디,Q3,45
2023-06,수입,BMW,iX,42
2023-06,수입,아우디,A4,41
2023-06,수입,아우디,A5,41
2023-06,수입,지프,Gladiator,39
2023-06,수입,아우디,A7,37
2023-06,수입,링컨,Nautilus,36
2023-06,수입,폭스바겐,Golf,36
2023-06,수입,볼보,V90 Cross Country,34
2023-06,수입,랜드로버,Discovery,33
2023-06,수입,포드,Mustang,33
2023-06,수입,아우디,Q8,32
2023-06,국산,쉐보레,볼트 EV,31
2023-06,수입,BMW,M4,31
2023-06,수입,롤스로이스,Cullinan,31
2023-06,수입,아우디,Q2,31
2023-06,수입,BMW,M5,28
2023-06,수입,링컨,Navigator,27
2023-06,수입,폭스바겐,Arteon,27
2023-06,수입,GMC,Sierra,25
2023-06,수입,랜드로버,Discovery Sport,25
2023-06,수입,랜드로버,Range Rover Velar,24
2023-06,수입,마세라티,Grecale,24
2023-06,수입,DS,DS3 Crossback E-Tense,22
2023-06,수입,벤틀리,Bentayga,22
2023-06,국산,쉐보레,타호,21
2023-06,수입,마세라티,Levante,21
2023-06,국산,현대,아반떼 N,20
2023-06,수입,푸조,5008,20
2023-06,수입,렉서스,LS,18
2023-06,수입,렉서스,RZ,18
2023-06,수입,벤틀리,Continental GT,18
2023-06,수입,람보르기니,Urus S,17
2023-06,수입,랜드로버,Range Rover Evoque,17
2023-06,수입,아우디,e-tron,17
2023-06,수입,BMW,X2,16
2023-06,수입,캐딜락,XT4,16
2023-06,수입,푸조,e-208,16
2023-06,수입,포르쉐,718 Cayman,15
2023-06,수입,토요타,GR 86,14
2023-06,수입,혼다,Odyssey,14
2023-06,수입,재규어,F-Pace,13
2023-06,수입,람보르기니,Urus,12
2023-06,수입,캐딜락,CT5,12
2023-06,수입,캐딜락,XT6,12
2023-06,수입,BMW,X4 M,11
2023-06,수입,BMW,M3,10
2023-06,수입,람보르기니,Huracan EVO,10
2023-06,수입,마세라티,Ghibli,10
2023-06,수입,푸조,308,10
2023-06,수입,BMW,X3 M,9
2023-06,수입,롤스로이스,Ghost,8
2023-06,수입,푸조,e-2008,8
2023-06,국산,현대,카운티 일렉트릭,7
2023-06,수입,BMW,X5 M,7
2023-06,수입,BMW,X6 M,7
2023-06,수입,캐딜락,XT5,7
2023-06,국산,쉐보레,단종모델 (말리부/임팔라),5
2023-06,국산,쉐보레,말리부,5
2023-06,수입,포드,Expedition,5
2023-06,수입,푸조,508,5
2023-06,수입,롤스로이스,Phantom Series II,4
2023-06,수입,아우디,e-tron GT,4
2023-06,수입,푸조,2008,4
2023-06,수입,마세라티,MC20 Cielo,3
2023-06,수입,토요타,GR SUPRA,3
2023-06,수입,DS,DS4,2
2023-06,수입,마세라티,Quattroporte,2
2023-06,수입,볼보,C40 Recharge,2
2023-06,수입,재규어,F-Type,2
2023-06,수입,토요타,Highlander,2
2023-06,국산,기아,스팅어,1
2023-06,수입,BMW,M2,1
2023-06,수입,DS,DS7 Crossback,1
2023-06,수입,렉서스,LC,1
2023-06,수입,마세라티,MC20,1
2023-06,수입,벤츠,EQC,1
2023-06,수입,벤츠,EQE SUV,1
2023-06,수입,지프,Cherokee,1
2023-06,수입,지프,Compass,1
2023-06,수입,혼다,Pilot,1
2023-07,국산,현대,그랜저,8531
2023-07,국산,기아,스포티지,6625
2023-07,국산,기아,카니발,6109
2023-07,국산,기아,쏘렌토,5678
2023-07,국산,현대,포터2,5410
2023-07,국산,기아,셀토스,4770
2023-07,국산,기아,레이,4285
2023-07,국산,기아,봉고 3,4171
2023-07,국산,현대,아반떼,4000
2023-07,국산,현대,캐스퍼,3706
2023-07,국산,기아,K8,3513
2023-07,국산,현대,팰리세이드,3264
2023-07,국산,현대,포터2 일렉트릭,3260
2023-07,국산,현대,스타리아,3242
2023-07,국산,제네시스,GV70,3209
2023-07,국산,현대,투싼,3190
2023-07,국산,제네시스,G80,3169
2023-07,국산,쉐보레,트랙스 크로스오버,2807
2023-07,국산,현대,코나,2406
2023-07,국산,기아,K5,2246
2023-07,국산,현대,쏘나타 디 엣지,2142
2023-07,국산,현대,싼타페,2075
2023-07,국산,기아,모닝,2033
2023-07,국산,제네시스,GV80,1900
2023-07,수입,BMW,5 Series,1811
2023-07,국산,기아,봉고 3 EV,1577
2023-07,국산,KGM,토레스,1443
2023-07,국산,기아,EV6,1398
2023-07,국산,기아,니로,1370
2023-07,국산,현대,아이오닉 5,1350
2023-07,국산,현대,버스/트럭 (현대),1275
2023-07,국산,기아,EV9,1251
2023-07,수입,벤츠,E-Class,1238
2023-07,국산,제네시스,G90,1102
2023-07,국산,기아,K3,976
2023-07,수입,벤츠,S-Class,876
2023-07,국산,KGM,렉스턴 스포츠,868
2023-07,국산,르노코리아,QM6,792
2023-07,국산,KGM,티볼리,736
2023-07,수입,벤츠,GLC-Class,718
2023-07,국산,르노코리아,XM3,704
2023-07,국산,쉐보레,트레일블레이저,694
2023-07,국산,현대,쏘나타 뉴 라이즈,673
2023-07,국산,현대,마이티,611
2023-07,수입,폭스바겐,Tiguan,603
2023-07,국산,KGM,렉스턴 스포츠 칸,591
2023-07,수입,볼보,XC60,577
2023-07,수입,아우디,A6,573
2023-07,수입,렉서스,ES,568
2023-07,국산,제네시스,G70,559
2023-07,국산,현대,베뉴,546
2023-07,수입,BMW,3 Series,532
2023-07,국산,현대,아이오닉 6,488
2023-07,국산,기아,모하비,459
2023-07,수입,BMW,X7,439
2023-07,수입,BMW,6 Series,434
2023-07,국산,기아,K9,372
2023-07,국산,현대,넥쏘,371
2023-07,수입,벤츠,GLE-Class,363
2023-07,수입,BMW,X4,359
2023-07,수입,BMW,X3,340
2023-07,수입,BMW,7 Series,305
2023-07,국산,기아,니로 플러스,303
2023-07,수입,BMW,X5,291
2023-07,수입,볼보,S90,281
2023-07,수입,BMW,iX3,276
2023-07,수입,포르쉐,Cayenne,276
2023-07,수입,벤츠,G-Class,273
2023-07,수입,벤츠,C-Class,272
2023-07,수입,볼보,XC90,269
2023-07,수입,미니,Hatch,263
2023-07,수입,미니,Countryman,249
2023-07,국산,기아,니로 EV,244
2023-07,국산,현대,코나 일렉트릭,238
2023-07,국산,쉐보레,볼트 EUV,229
2023-07,국산,제네시스,GV60,227
2023-07,수입,렉서스,NX,227
2023-07,국산,KGM,렉스턴 뉴 아레나,226
2023-07,수입,렉서스,RX,225
2023-07,수입,토요타,RAV4,222
2023-07,수입,벤츠,EQE,219
2023-07,수입,지프,Renegade,217
2023-07,수입,벤츠,CLS-Class,208
2023-07,국산,제네시스,Electrified GV70,206
2023-07,국산,르노코리아,SM6,203
2023-07,수입,BMW,X6,197
2023-07,수입,폭스바겐,Golf,196
2023-07,수입,포르쉐,Panamera,192
2023-07,수입,폭스바겐,Arteon,181
2023-07,수입,랜드로버,Range Rover,178
2023-07,수입,아우디,Q5,169
2023-07,수입,포르쉐,Taycan,163
2023-07,수입,벤츠,GLB-Class,162
2023-07,수입,미니,Clubman,161
2023-07,수입,아우디,Q3,154
2023-07,수입,BMW,i4,153
2023-07,수입,벤츠,EQE SUV,151
2023-07,수입,포르쉐,Macan,150
2023-07,국산,현대,카운티,145
2023-07,수입,지프,Wrangler,142
2023-07,국산,쉐보레,콜로라도,141
2023-07,수입,토요타,Camry,138
2023-07,수입,벤츠,CLA-Class,136
2023-07,국산,기아,버스 (기아),127
2023-07,수입,아우디,A3,123
2023-07,수입,벤츠,EQA,121
2023-07,수입,폴스타,Polestar 2,121
2023-07,수입,벤츠,EQB,120
2023-07,국산,현대,쏠라티,114
2023-07,수입,BMW,1 Series,112
2023-07,수입,아우디,Q7,109
2023-07,수입,폭스바겐,Touareg,108
2023-07,수입,벤츠,AMG GT,107
2023-07,국산,쉐보레,트래버스,106
2023-07,수입,벤츠,EQS SUV,105
2023-07,수입,토요타,Sienna,105
2023-07,수입,포르쉐,911,105
2023-07,수입,폭스바겐,Jetta,103
2023-07,국산,KGM,코란도,100
2023-07,수입,볼보,S60,100
2023-07,수입,BMW,X1,98
2023-07,수입,아우디,A8,98
2023-07,수입,미니,Electric,93
2023-07,수입,토요타,Crown,92
2023-07,수입,BMW,2 Series Active Tourer,86
2023-07,수입,랜드로버,Defender,85
2023-07,국산,제네시스,Electrified G80,83
2023-07,수입,벤츠,Maybach S-Class,83
2023-07,수입,볼보,XC40,83
2023-07,국산,KGM,티볼리 에어,79
2023-07,수입,지프,Grand Cherokee,79
2023-07,수입,BMW,4 Series,77
2023-07,수입,BMW,M2,72
2023-07,수입,아우디,A7,71
2023-07,수입,테슬라,Model Y,66
2023-07,수입,벤츠,GLA-Class,63
2023-07,수입,랜드로버,Range Rover Sport,62
2023-07,수입,BMW,iX,60
2023-07,수입,벤츠,Maybach GLS,60
2023-07,수입,포르쉐,718 Boxster,60
2023-07,수입,볼보,V60 Cross Country,58
2023-07,수입,포드,Ranger,56
2023-07,수입,토요타,Highlander,52
2023-07,수입,아우디,A4,51
2023-07,국산,쉐보레,볼트 EV,49
2023-07,수입,BMW,2 Series,47
2023-07,수입,캐딜락,Escalade,47
2023-07,수입,푸조,e-208,47
2023-07,수입,푸조,408,46
2023-07,수입,벤틀리,Flying Spur,45
2023-07,수입,아우디,Q2,43
2023-07,국산,쉐보레,이쿼녹스,42
2023-07,수입,GMC,Sierra,41
2023-07,수입,렉서스,UX,41
2023-07,수입,벤츠,EQS,41
2023-07,수입,BMW,8 Series,40
2023-07,수입,볼보,V90 Cross Country,40
2023-07,수입,랜드로버,Discovery,39
2023-07,수입,포드,Mustang,39
2023-07,수입,BMW,Z4,38
2023-07,수입,BMW,i7,38
2023-07,수입,아우디,Q8,38
2023-07,수입,링컨,Nautilus,37
2023-07,수입,아우디,A5,37
2023-07,수입,벤츠,GLS-Class,36
2023-07,수입,푸조,3008,34
2023-07,수입,BMW,iX1,33
2023-07,수입,미니,Convertible,32
2023-07,수입,푸조,e-2008,32
2023-07,수입,지프,Gladiator,26
2023-07,수입,아우디,e-tron,23
2023-07,수입,벤틀리,Continental GT,22
2023-07,수입,람보르기니,Urus S,21
2023-07,수입,벤츠,A-Class,21
2023-07,수입,벤츠,SL-Class,21
2023-07,수입,포드,Bronco,20
2023-07,수입,랜드로버,Range Rover Evoque,19
2023-07,수입,렉서스,LS,19
2023-07,수입,테슬라,Model X,19
2023-07,수입,BMW,M3,18
2023-07,수입,BMW,M5,18
2023-07,수입,DS,DS7 Crossback,18
2023-07,수입,랜드로버,Range Rover Velar,17
2023-07,수입,테슬라,Model 3,17
2023-07,수입,롤스로이스,Cullinan,16
2023-07,수입,테슬라,Model S,16
2023-07,수입,혼다,CR-V,16
2023-07,수입,BMW,M4,15
2023-07,수입,아우디,e-tron GT,15
2023-07,수입,혼다,Odyssey,15
2023-07,국산,쉐보레,타호,14
2023-07,수입,마세라티,Levante,14
2023-07,수입,푸조,5008,14
2023-07,수입,BMW,X2,13
2023-07,수입,람보르기니,Huracan EVO,13
2023-07,수입,링컨,Navigator,13
2023-07,수입,벤틀리,Bentayga,13
2023-07,수입,람보르기니,Urus,11
2023-07,수입,마세라티,Grecale,11
2023-07,수입,캐딜락,XT4,10
2023-07,국산,현대,카운티 일렉트릭,9
2023-07,수입,BMW,X4 M,9
2023-07,수입,토요타,GR 86,9
2023-07,수입,포드,Expedition,9
2023-07,수입,BMW,X5 M,8
2023-07,수입,랜드로버,Discovery Sport,8
2023-07,수입,렉서스,RZ,8
2023-07,수입,캐딜락,XT6,8
2023-07,수입,DS,DS4,7
2023-07,수입,롤스로이스,Ghost,7
2023-07,수입,포르쉐,718 Cayman,7
2023-07,국산,르노코리아,마스터,6
2023-07,수입,롤스로이스,Phantom Series II,6
2023-07,수입,캐딜락,CT5,6
2023-07,수입,BMW,X3 M,5
2023-07,수입,마세라티,Ghibli,5
2023-07,수입,푸조,308,5
2023-07,국산,쉐보레,말리부,4
2023-07,수입,BMW,X6 M,4
2023-07,수입,재규어,F-Pace,4
2023-07,수입,폭스바겐,ID.4,4
2023-07,수입,BMW,XM,3
2023-07,수입,토요타,GR SUPRA,3
2023-07,국산,현대,아반떼 N,2
2023-07,수입,캐딜락,XT5,2
2023-07,수입,볼보,C40 Recharge,1
2023-07,수입,토요타,Alphard,1
2023-07,수입,푸조,2008,1
2023-07,수입,푸조,508,1
2023-08,국산,현대,그랜저,8820
2023-08,국산,기아,쏘렌토,7176
2023-08,국산,기아,스포티지,5210
2023-08,국산,기아,카니발,4937
2023-08,국산,현대,포터2,4616
2023-08,국산,현대,아반떼,4595
2023-08,국산,기아,레이,4402
2023-08,국산,현대,캐스퍼,3804
2023-08,국산,현대,팰리세이드,3752
2023-08,국산,기아,셀토스,3512
2023-08,국산,기아,봉고 3,3391
2023-08,국산,현대,투싼,2976
2023-08,국산,현대,스타리아,2940
2023-08,국산,기아,모닝,2910
2023-08,국산,제네시스,G80,2855
2023-08,국산,제네시스,GV70,2833
2023-08,국산,현대,싼타페,2775
2023-08,국산,기아,K5,2613
2023-08,국산,현대,쏘나타 디 엣지,2600
2023-08,국산,기아,K8,2457
2023-08,국산,현대,코나,2340
2023-08,국산,쉐보레,트랙스 크로스오버,2129
2023-08,수입,BMW,5 Series,1707
2023-08,국산,제네시스,GV80,1692
2023-08,국산,KGM,토레스,1592
2023-08,수입,벤츠,E-Class,1384
2023-08,국산,현대,포터2 일렉트릭,1371
2023-08,국산,기아,니로,1302
2023-08,국산,현대,버스/트럭 (현대),1276
2023-08,수입,벤츠,GLC-Class,1164
2023-08,국산,기아,K3,1123
2023-08,국산,현대,아이오닉 5,1061
2023-08,국산,제네시스,G90,1054
2023-08,국산,기아,EV6,948
2023-08,국산,현대,베뉴,904
2023-08,수입,벤츠,GLE-Class,789
2023-08,국산,KGM,렉스턴 스포츠,734
2023-08,국산,르노코리아,QM6,685
2023-08,국산,쉐보레,트레일블레이저,674
2023-08,국산,현대,마이티,654
2023-08,수입,아우디,A6,646
2023-08,수입,벤츠,S-Class,633
2023-08,국산,르노코리아,XM3,629
2023-08,국산,기아,봉고 3 EV,610
2023-08,수입,렉서스,ES,589
2023-08,국산,KGM,렉스턴 스포츠 칸,576
2023-08,수입,벤츠,C-Class,564
2023-08,국산,KGM,티볼리,548
2023-08,수입,폭스바겐,Tiguan,506
2023-08,수입,BMW,3 Series,497
2023-08,국산,제네시스,G70,457
2023-08,수입,BMW,6 Series,445
2023-08,수입,테슬라,Model Y,431
2023-08,수입,BMW,7 Series,423
2023-08,국산,기아,EV9,408
2023-08,국산,현대,쏘나타 뉴 라이즈,401
2023-08,국산,현대,아이오닉 6,400
2023-08,국산,기아,니로 EV,392
2023-08,수입,BMW,X7,384
2023-08,국산,기아,모하비,379
2023-08,수입,BMW,iX3,374
2023-08,수입,BMW,X5,371
2023-08,수입,BMW,X4,365
2023-08,국산,현대,코나 일렉트릭,355
2023-08,국산,기아,K9,347
2023-08,수입,BMW,X3,316
2023-08,국산,현대,넥쏘,293
2023-08,수입,미니,Countryman,289
2023-08,수입,미니,Hatch,285
2023-08,수입,토요타,RAV4,283
2023-08,수입,포르쉐,Panamera,278
2023-08,수입,폭스바겐,ID.4,277
2023-08,수입,벤츠,CLS-Class,274
2023-08,수입,볼보,S90,268
2023-08,수입,BMW,X6,258
2023-08,수입,렉서스,NX,258
2023-08,수입,볼보,XC60,258
2023-08,수입,포르쉐,Cayenne,258
2023-08,수입,벤츠,GLB-Class,246
2023-08,국산,KGM,렉스턴 뉴 아레나,242
2023-08,수입,지프,Renegade,242
2023-08,수입,BMW,i4,230
2023-08,수입,미니,Clubman,225
2023-08,수입,벤츠,G-Class,216
2023-08,수입,볼보,XC90,214
2023-08,수입,폭스바겐,Jetta,214
2023-08,국산,쉐보레,볼트 EUV,209
2023-08,수입,미니,Electric,189
2023-08,국산,르노코리아,SM6,188
2023-08,수입,벤츠,EQE,187
2023-08,수입,폴스타,Polestar 2,185
2023-08,수입,벤츠,AMG GT,183
2023-08,수입,포르쉐,Taycan,179
2023-08,수입,포르쉐,911,174
2023-08,수입,폭스바겐,Arteon,172
2023-08,수입,지프,Wrangler,168
2023-08,수입,랜드로버,Range Rover,166
2023-08,수입,아우디,Q4 e-tron,166
2023-08,수입,렉서스,RX,164
2023-08,수입,포르쉐,Macan,164
2023-08,국산,현대,아반떼 N,163
2023-08,수입,토요타,Camry,163
2023-08,수입,테슬라,Model X,156
2023-08,수입,폭스바겐,Golf,156
2023-08,수입,벤츠,EQE SUV,152
2023-08,수입,벤츠,EQB,151
2023-08,수입,아우디,Q5,149
2023-08,수입,볼보,S60,148
2023-08,국산,현대,카운티,144
2023-08,수입,BMW,2 Series Active Tourer,143
2023-08,국산,제네시스,GV60,127
2023-08,수입,지프,Grand Cherokee,124
2023-08,수입,아우디,A3,121
2023-08,수입,토요타,Sienna,121
2023-08,국산,KGM,코란도,120
2023-08,국산,쉐보레,콜로라도,120
2023-08,수입,BMW,X1,120
2023-08,수입,볼보,XC40,119
2023-08,국산,현대,쏠라티,118
2023-08,수입,벤츠,Maybach S-Class,118
2023-08,국산,기아,니로 플러스,115
2023-08,수입,BMW,1 Series,111
2023-08,수입,테슬라,Model S,109
2023-08,국산,기아,버스 (기아),102
2023-08,수입,벤츠,EQA,99
2023-08,수입,벤츠,EQS SUV,97
2023-08,수입,BMW,i7,96
2023-08,국산,제네시스,Electrified GV70,94
2023-08,수입,포드,Ranger,93
2023-08,수입,폭스바겐,Touareg,92
2023-08,국산,KGM,티볼리 에어,91
2023-08,수입,아우디,Q3,88
2023-08,수입,아우디,Q7,84
2023-08,수입,벤츠,CLA-Class,80
2023-08,수입,혼다,CR-V,78
2023-08,수입,토요타,Crown,76
2023-08,수입,벤츠,Maybach GLS,75
2023-08,수입,BMW,4 Series,73
2023-08,수입,아우디,A8,70
2023-08,국산,제네시스,Electrified G80,68
2023-08,수입,BMW,iX,67
2023-08,수입,벤츠,GLA-Class,67
2023-08,수입,토요타,Highlander,67
2023-08,국산,쉐보레,트래버스,63
2023-08,수입,벤츠,EQS,62
2023-08,수입,BMW,2 Series,59
2023-08,수입,랜드로버,Defender,59
2023-08,수입,아우디,A7,56
2023-08,수입,푸조,e-2008,55
2023-08,수입,렉서스,UX,54
2023-08,수입,랜드로버,Range Rover Sport,52
2023-08,수입,포르쉐,718 Boxster,51
2023-08,수입,BMW,8 Series,50
2023-08,수입,BMW,Z4,49
2023-08,수입,아우디,A4,49
2023-08,수입,미니,Convertible,48
2023-08,수입,링컨,Nautilus,45
2023-08,수입,푸조,e-208,45
2023-08,수입,캐딜락,Escalade,44
2023-08,수입,포드,Bronco,44
2023-08,수입,아우디,Q8,43
2023-08,수입,벤틀리,Flying Spur,40
2023-08,수입,볼보,V60 Cross Country,39
2023-08,수입,랜드로버,Discovery,38
2023-08,수입,마세라티,Grecale,37
2023-08,수입,BMW,M3,36
2023-08,수입,벤틀리,Continental GT,33
2023-08,수입,아우디,A5,32
2023-08,수입,포드,Mustang,32
2023-08,수입,볼보,V90 Cross Country,31
2023-08,수입,푸조,3008,30
2023-08,국산,쉐보레,볼트 EV,29
2023-08,수입,GMC,Sierra,29
2023-08,수입,아우디,Q2,28
2023-08,수입,BMW,M2,27
2023-08,수입,벤츠,SL-Class,25
2023-08,수입,랜드로버,Range Rover Velar,24
2023-08,수입,BMW,M4,23
2023-08,국산,쉐보레,이쿼녹스,22
2023-08,수입,랜드로버,Range Rover Evoque,22
2023-08,수입,BMW,iX1,21
2023-08,수입,랜드로버,Discovery Sport,21
2023-08,수입,람보르기니,Urus S,19
2023-08,수입,롤스로이스,Cullinan,19
2023-08,수입,지프,Gladiator,18
2023-08,수입,푸조,408,18
2023-08,국산,현대,카운티 일렉트릭,17
2023-08,수입,토요타,Alphard,17
2023-08,수입,푸조,308,17
2023-08,수입,람보르기니,Urus,15
2023-08,수입,렉서스,RZ,15
2023-08,수입,벤츠,A-Class,15
2023-08,수입,아우디,e-tron,14
2023-08,수입,혼다,Odyssey,14
2023-08,국산,쉐보레,타호,13
2023-08,수입,BMW,M5,13
2023-08,수입,혼다,Pilot,13
2023-08,수입,BMW,X2,12
2023-08,수입,포드,Expedition,12
2023-08,수입,BMW,X6 M,11
2023-08,수입,렉서스,LS,11
2023-08,수입,벤틀리,Bentayga,11
2023-08,수입,BMW,X4 M,10
2023-08,수입,DS,DS4,10
2023-08,수입,캐딜락,XT4,10
2023-08,수입,BMW,X5 M,9
2023-08,수입,푸조,5008,9
2023-08,수입,롤스로이스,Ghost,8
2023-08,수입,DS,DS7 Crossback,7
2023-08,수입,링컨,Navigator,7
2023-08,수입,포르쉐,718 Cayman,7
2023-08,수입,람보르기니,Huracan EVO,6
2023-08,수입,벤츠,GLS-Class,6
2023-08,수입,아우디,e-tron GT,5
2023-08,수입,푸조,2008,5
2023-08,수입,푸조,508,5
2023-08,수입,마세라티,Levante,4
2023-08,수입,마세라티,MC20 Cielo,4
2023-08,수입,마세라티,Quattroporte,4
2023-08,수입,토요타,GR SUPRA,4
2023-08,수입,BMW,X3 M,3
2023-08,수입,캐딜락,CT5,3
2023-08,수입,캐딜락,XT5,3
2023-08,수입,DS,DS3 Crossback,2
2023-08,수입,롤스로이스,Phantom Series II,2
2023-08,수입,마세라티,Ghibli,2
2023-08,수입,볼보,C40 Recharge,2
2023-08,수입,재규어,F-Pace,2
2023-08,수입,토요타,GR 86,2
2023-08,수입,BMW,M8,1
2023-08,수입,벤츠,EQC,1
2023-08,수입,볼보,XC40 Recharge,1
2023-08,수입,재규어,F-Type,1
2023-08,수입,캐딜락,XT6,1
2023-09,국산,기아,쏘렌토,10190
2023-09,국산,현대,그랜저,8159
2023-09,국산,기아,스포티지,5402
2023-09,국산,현대,싼타페,5139
2023-09,국산,현대,포터2,4441
2023-09,국산,기아,셀토스,4399
2023-09,국산,기아,카니발,4366
2023-09,수입,테슬라,Model Y,4206
2023-09,국산,현대,아반떼,4146
2023-09,국산,기아,봉고 3,4061
2023-09,국산,현대,캐스퍼,3705
2023-09,수입,벤츠,E-Class,3511
2023-09,국산,기아,레이,3409
2023-09,국산,현대,투싼,3126
2023-09,국산,현대,팰리세이드,2935
2023-09,국산,제네시스,G80,2765
2023-09,국산,제네시스,GV70,2743
2023-09,국산,현대,스타리아,2633
2023-09,국산,현대,쏘나타 디 엣지,2540
2023-09,국산,기아,K8,2406
2023-09,국산,현대,코나,2293
2023-09,국산,기아,K5,2280
2023-09,국산,기아,모닝,1892
2023-09,국산,KGM,토레스,1584
2023-09,국산,제네시스,GV80,1507
2023-09,국산,기아,니로,1505
2023-09,국산,쉐보레,트랙스 크로스오버,1425
2023-09,국산,현대,포터2 일렉트릭,1340
2023-09,국산,현대,버스/트럭 (현대),1166
2023-09,국산,기아,EV9,1163
2023-09,국산,기아,K3,1036
2023-09,수입,볼보,XC60,899
2023-09,국산,KGM,렉스턴 스포츠,872
2023-09,수입,BMW,3 Series,842
2023-09,국산,르노코리아,QM6,839
2023-09,국산,제네시스,G90,836
2023-09,국산,현대,베뉴,771
2023-09,국산,KGM,티볼리,744
2023-09,국산,기아,봉고 3 EV,706
2023-09,수입,벤츠,GLE-Class,693
2023-09,국산,르노코리아,XM3,675
2023-09,국산,현대,마이티,614
2023-09,국산,현대,아이오닉 5,612
2023-09,국산,기아,EV6,601
2023-09,국산,KGM,렉스턴 스포츠 칸,586
2023-09,수입,아우디,A6,571
2023-09,국산,쉐보레,트레일블레이저,558
2023-09,수입,BMW,6 Series,550
2023-09,수입,BMW,X5,467
2023-09,수입,BMW,iX3,467
2023-09,수입,렉서스,ES,465
2023-09,수입,BMW,5 Series,459
2023-09,국산,현대,쏘나타 뉴 라이즈,407
2023-09,수입,폭스바겐,Tiguan,405
2023-09,국산,쉐보레,볼트 EUV,397
2023-09,국산,제네시스,G70,384
2023-09,수입,벤츠,S-Class,382
2023-09,수입,BMW,7 Series,368
2023-09,수입,벤츠,GLC-Class,348
2023-09,수입,벤츠,C-Class,346
2023-09,국산,현대,아이오닉 6,344
2023-09,수입,BMW,X4,318
2023-09,국산,기아,모하비,317
2023-09,수입,BMW,i4,317
2023-09,수입,BMW,X3,299
2023-09,수입,BMW,X7,292
2023-09,수입,폴스타,Polestar 2,292
2023-09,수입,BMW,X6,277
2023-09,국산,현대,넥쏘,237
2023-09,수입,미니,Hatch,236
2023-09,국산,기아,K9,232
2023-09,수입,BMW,1 Series,228
2023-09,수입,벤츠,GLB-Class,227
2023-09,수입,토요타,RAV4,224
2023-09,수입,렉서스,NX,223
2023-09,수입,폭스바겐,ID.4,222
2023-09,국산,현대,아반떼 N,221
2023-09,수입,미니,Countryman,221
2023-09,수입,벤츠,CLS-Class,221
2023-09,국산,현대,코나 일렉트릭,208
2023-09,수입,테슬라,Model X,207
2023-09,수입,미니,Clubman,205
2023-09,수입,폭스바겐,Golf,198
2023-09,국산,KGM,렉스턴 뉴 아레나,197
2023-09,수입,볼보,S60,193
2023-09,수입,아우디,Q4 e-tron,193
2023-09,수입,벤츠,AMG GT,192
2023-09,수입,BMW,X1,189
2023-09,수입,토요타,Alphard,180
2023-09,국산,기아,니로 EV,176
2023-09,수입,벤츠,EQB,174
2023-09,수입,BMW,2 Series Active Tourer,172
2023-09,수입,포르쉐,Panamera,170
2023-09,수입,BMW,i7,165
2023-09,국산,현대,카운티,158
2023-09,수입,볼보,S90,158
2023-09,수입,아우디,Q5,158
2023-09,수입,렉서스,RX,153
2023-09,수입,포르쉐,Cayenne,143
2023-09,수입,BMW,4 Series,138
2023-09,국산,르노코리아,SM6,137
2023-09,수입,포르쉐,Taycan,133
2023-09,수입,벤츠,EQS,130
2023-09,수입,벤츠,EQE SUV,129
2023-09,수입,폭스바겐,Jetta,128
2023-09,수입,지프,Wrangler,126
2023-09,수입,볼보,XC90,123
2023-09,국산,제네시스,Electrified GV70,121
2023-09,수입,토요타,Camry,119
2023-09,수입,포르쉐,911,119
2023-09,수입,BMW,2 Series,117
2023-09,수입,벤츠,EQE,113
2023-09,국산,기아,버스 (기아),111
2023-09,수입,지프,Grand Cherokee,111
2023-09,수입,랜드로버,Range Rover,108
2023-09,수입,벤츠,G-Class,105
2023-09,국산,제네시스,GV60,104
2023-09,국산,기아,니로 플러스,103
2023-09,수입,아우디,A3,103
2023-09,국산,현대,쏠라티,102
2023-09,수입,포드,Ranger,99
2023-09,수입,BMW,iX,97
2023-09,국산,현대,아이오닉 5 N,93
2023-09,수입,폭스바겐,Arteon,93
2023-09,국산,쉐보레,콜로라도,91
2023-09,수입,포르쉐,Macan,90
2023-09,수입,테슬라,Model S,87
2023-09,국산,KGM,코란도,86
2023-09,수입,토요타,Sienna,79
2023-09,수입,벤츠,EQS SUV,77
2023-09,수입,랜드로버,Defender,76
2023-09,수입,벤츠,EQA,76
2023-09,수입,아우디,Q3,73
2023-09,수입,BMW,X2,72
2023-09,수입,벤츠,GLA-Class,71
2023-09,수입,벤츠,Maybach S-Class,71
2023-09,수입,볼보,C40 Recharge,71
2023-09,수입,BMW,iX1,70
2023-09,수입,폭스바겐,Touareg,68
2023-09,수입,아우디,A8,66
2023-09,수입,볼보,XC40 Recharge,60
2023-09,수입,렉서스,UX,59
2023-09,국산,쉐보레,트래버스,58
2023-09,국산,기아,레이 EV,55
2023-09,국산,제네시스,Electrified G80,54
2023-09,수입,BMW,8 Series,53
2023-09,수입,토요타,Highlander,53
2023-09,수입,GMC,Sierra,52
2023-09,수입,혼다,CR-V,52
2023-09,수입,토요타,Crown,51
2023-09,수입,링컨,Nautilus,50
2023-09,수입,아우디,A4,50
2023-09,수입,아우디,Q8,49
2023-09,수입,포드,Bronco,49
2023-09,수입,벤츠,Maybach GLS,48
2023-09,수입,아우디,Q7,47
2023-09,수입,BMW,Z4,46
2023-09,국산,쉐보레,이쿼녹스,45
2023-09,수입,아우디,A7,45
2023-09,수입,볼보,XC40,43
2023-09,수입,랜드로버,Range Rover Sport,40
2023-09,수입,푸조,e-2008,40
2023-09,수입,미니,Convertible,39
2023-09,수입,지프,Renegade,39
2023-09,수입,BMW,i5,37
2023-09,수입,미니,Electric,37
2023-09,수입,BMW,M4,36
2023-09,수입,푸조,408,34
2023-09,수입,랜드로버,Range Rover Velar,33
2023-09,수입,람보르기니,Huracan EVO,32
2023-09,수입,푸조,e-208,32
2023-09,수입,포르쉐,718 Boxster,31
2023-09,수입,벤츠,CLA-Class,30
2023-09,수입,BMW,XM,29
2023-09,수입,캐딜락,Escalade,29
2023-09,수입,혼다,Pilot,29
2023-09,수입,랜드로버,Discovery,28
2023-09,수입,벤틀리,Flying Spur,27
2023-09,수입,아우디,A5,27
2023-09,수입,포드,Mustang,27
2023-09,수입,BMW,M3,26
2023-09,수입,푸조,5008,23
2023-09,수입,지프,Gladiator,20
2023-09,국산,쉐보레,볼트 EV,19
2023-09,수입,벤틀리,Bentayga,17
2023-09,수입,BMW,X6 M,16
2023-09,수입,랜드로버,Range Rover Evoque,16
2023-09,수입,벤틀리,Continental GT,16
2023-09,수입,아우디,Q2,15
2023-09,수입,아우디,e-tron,15
2023-09,수입,캐딜락,XT4,15
2023-09,수입,랜드로버,Discovery Sport,14
2023-09,수입,벤츠,SL-Class,14
2023-09,수입,람보르기니,Urus S,13
2023-09,수입,혼다,Odyssey,13
2023-09,수입,BMW,X4 M,12
2023-09,수입,마세라티,Grecale,12
2023-09,수입,푸조,3008,12
2023-09,수입,푸조,508,12
2023-09,수입,DS,DS4,11
2023-09,수입,혼다,Accord,11
2023-09,수입,BMW,X5 M,10
2023-09,수입,벤츠,A-Class,10
2023-09,수입,푸조,308,10
2023-09,국산,쉐보레,타호,9
2023-09,수입,마세라티,Levante,9
2023-09,수입,포르쉐,718 Cayman,9
2023-09,수입,푸조,2008,9
2023-09,수입,캐딜락,XT6,8
2023-09,국산,현대,카운티 일렉트릭,7
2023-09,수입,BMW,M2,7
2023-09,수입,BMW,M5,7
2023-09,수입,DS,DS7 Crossback,7
2023-09,수입,볼보,V90 Cross Country,7
2023-09,수입,렉서스,LS,6
2023-09,수입,렉서스,RZ,6
2023-09,수입,롤스로이스,Cullinan,6
2023-09,수입,롤스로이스,Ghost,6
2023-09,수입,토요타,GR 86,6
2023-09,수입,포드,Expedition,6
2023-09,수입,BMW,X3 M,5
2023-09,수입,람보르기니,Urus,4
2023-09,수입,렉서스,LC,4
2023-09,수입,마세라티,MC20 Cielo,4
2023-09,수입,아우디,e-tron GT,4
2023-09,수입,롤스로이스,Phantom Series II,3
2023-09,수입,마세라티,Ghibli,3
2023-09,수입,벤츠,GLS-Class,3
2023-09,수입,재규어,F-Type,3
2023-09,수입,캐딜락,CT5,3
2023-09,수입,링컨,Navigator,2
2023-09,수입,마세라티,Quattroporte,2
2023-09,수입,재규어,F-Pace,2
2023-09,수입,볼보,V60 Cross Country,1
2023-09,수입,테슬라,Model 3,1
2023-10,국산,기아,쏘렌토,8777
2023-10,국산,현대,싼타페,8331
2023-10,국산,현대,그랜저,8192
2023-10,국산,현대,포터2,6171
2023-10,국산,현대,아반떼,4886
2023-10,국산,기아,스포티지,4707
2023-10,국산,현대,쏘나타 디 엣지,4546
2023-10,국산,기아,봉고 3,4183
2023-10,국산,기아,카니발,3933
2023-10,국산,현대,캐스퍼,3648
2023-10,수입,벤츠,E-Class,3578
2023-10,국산,기아,레이,3524
2023-10,국산,제네시스,GV70,3467
2023-10,국산,현대,투싼,3432
2023-10,국산,현대,스타리아,3265
2023-10,국산,쉐보레,트랙스 크로스오버,3043
2023-10,국산,기아,셀토스,3008
2023-10,국산,현대,팰리세이드,2825
2023-10,수입,테슬라,Model Y,2814
2023-10,국산,현대,코나,2597
2023-10,국산,기아,K5,2592
2023-10,국산,현대,포터2 일렉트릭,2407
2023-10,국산,기아,K8,2248
2023-10,국산,기아,모닝,2225
2023-10,국산,제네시스,G80,1931
2023-10,국산,KGM,토레스,1628
2023-10,국산,기아,EV6,1564
2023-10,국산,현대,버스/트럭 (현대),1379
2023-10,국산,현대,아이오닉 5,1376
2023-10,국산,기아,니로,1359
2023-10,국산,기아,레이 EV,1300
2023-10,국산,현대,베뉴,1182
2023-10,국산,기아,봉고 3 EV,998
2023-10,수입,BMW,3 Series,958
2023-10,국산,기아,K3,939
2023-10,국산,제네시스,GV80,885
2023-10,국산,KGM,렉스턴 스포츠,840
2023-10,국산,기아,EV9,833
2023-10,국산,르노코리아,QM6,787
2023-10,국산,현대,마이티,705
2023-10,국산,제네시스,G90,646
2023-10,수입,BMW,5 Series,644
2023-10,수입,렉서스,ES,529
2023-10,국산,르노코리아,XM3,518
2023-10,국산,KGM,티볼리,511
2023-10,수입,BMW,X7,501
2023-10,국산,쉐보레,트레일블레이저,496
2023-10,국산,KGM,렉스턴 스포츠 칸,480
2023-10,국산,현대,아이오닉 6,472
2023-10,수입,아우디,A6,471
2023-10,수입,BMW,6 Series,467
2023-10,수입,볼보,XC60,457
2023-10,수입,벤츠,GLC-Class,447
2023-10,수입,벤츠,GLE-Class,425
2023-10,수입,벤츠,S-Class,395
2023-10,수입,BMW,X5,380
2023-10,국산,현대,코나 일렉트릭,337
2023-10,국산,쉐보레,콜로라도,335
2023-10,수입,벤츠,CLS-Class,333
2023-10,수입,미니,Hatch,310
2023-10,국산,현대,쏘나타 뉴 라이즈,303
2023-10,수입,폭스바겐,Tiguan,299
2023-10,수입,포르쉐,Cayenne,297
2023-10,국산,기아,모하비,293
2023-10,수입,폴스타,Polestar 2,287
2023-10,국산,제네시스,G70,278
2023-10,수입,BMW,1 Series,275
2023-10,수입,벤츠,GLB-Class,264
2023-10,수입,BMW,X6,255
2023-10,수입,토요타,RAV4,252
2023-10,국산,제네시스,Electrified GV70,240
2023-10,수입,BMW,iX3,238
2023-10,국산,기아,니로 EV,236
2023-10,수입,렉서스,NX,230
2023-10,수입,BMW,X4,228
2023-10,국산,기아,K9,226
2023-10,수입,BMW,X3,221
2023-10,국산,기아,니로 플러스,218
2023-10,수입,BMW,i4,217
2023-10,수입,BMW,7 Series,211
2023-10,국산,쉐보레,트래버스,199
2023-10,수입,벤츠,C-Class,198
2023-10,수입,볼보,V60 Cross Country,195
2023-10,수입,BMW,X1,192
2023-10,수입,볼보,S90,191
2023-10,국산,현대,넥쏘,189
2023-10,수입,미니,Clubman,187
2023-10,수입,미니,Countryman,182
2023-10,수입,벤츠,G-Class,180
2023-10,국산,쉐보레,이쿼녹스,176
2023-10,국산,현대,카운티,163
2023-10,수입,볼보,S60,161
2023-10,수입,BMW,i7,159
2023-10,수입,BMW,2 Series Active Tourer,157
2023-10,수입,폭스바겐,ID.4,153
2023-10,수입,포르쉐,Taycan,151
2023-10,수입,토요타,Camry,149
2023-10,국산,르노코리아,SM6,146
2023-10,수입,BMW,4 Series,146
2023-10,국산,KGM,렉스턴 뉴 아레나,144
2023-10,수입,볼보,XC90,141
2023-10,수입,지프,Wrangler,139
2023-10,국산,현대,아반떼 N,131
2023-10,수입,랜드로버,Range Rover,131
2023-10,수입,렉서스,RX,131
2023-10,수입,혼다,CR-V,131
2023-10,수입,아우디,Q4 e-tron,126
2023-10,수입,폭스바겐,Arteon,125
2023-10,국산,쉐보레,볼트 EUV,121
2023-10,수입,벤츠,EQB,120
2023-10,수입,폭스바겐,Golf,117
2023-10,수입,포드,Ranger,113
2023-10,국산,제네시스,GV60,111
2023-10,수입,BMW,i5,107
2023-10,수입,토요타,Alphard,107
2023-10,수입,아우디,Q5,105
2023-10,수입,폭스바겐,Jetta,104
2023-10,수입,벤츠,GLA-Class,101
2023-10,수입,포르쉐,911,99
2023-10,국산,현대,아이오닉 5 N,95
2023-10,국산,기아,버스 (기아),91
2023-10,수입,BMW,2 Series,91
2023-10,수입,BMW,iX1,91
2023-10,수입,BMW,iX,89
2023-10,국산,KGM,코란도,87
2023-10,수입,토요타,Crown,87
2023-10,수입,벤츠,EQA,85
2023-10,국산,현대,쏠라티,84
2023-10,수입,벤츠,Maybach S-Class,84
2023-10,수입,링컨,Aviator,82
2023-10,수입,아우디,A3,81
2023-10,수입,포르쉐,Panamera,80
2023-10,수입,혼다,Accord,80
2023-10,수입,아우디,Q3,79
2023-10,수입,지프,Grand Cherokee,79
2023-10,수입,BMW,8 Series,75
2023-10,수입,랜드로버,Defender,75
2023-10,수입,벤츠,EQE SUV,72
2023-10,수입,토요타,Sienna,71
2023-10,국산,KGM,티볼리 에어,66
2023-10,수입,벤츠,EQS,65
2023-10,수입,벤츠,EQS SUV,65
2023-10,수입,BMW,XM,63
2023-10,수입,렉서스,UX,63
2023-10,수입,아우디,A8,61
2023-10,수입,벤츠,AMG GT,57
2023-10,수입,폭스바겐,Touareg,55
2023-10,수입,BMW,X2,53
2023-10,수입,벤츠,Maybach GLS,53
2023-10,수입,미니,Convertible,52
2023-10,수입,벤츠,EQE,52
2023-10,수입,아우디,Q7,52
2023-10,국산,쉐보레,타호,50
2023-10,국산,KGM,토레스 EVX,48
2023-10,수입,포르쉐,Macan,44
2023-10,수입,랜드로버,Range Rover Sport,43
2023-10,수입,토요타,Highlander,42
2023-10,수입,볼보,V90 Cross Country,41
2023-10,수입,아우디,A7,41
2023-10,수입,포드,Bronco,41
2023-10,수입,BMW,Z4,40
2023-10,수입,푸조,e-2008,40
2023-10,국산,제네시스,Electrified G80,38
2023-10,수입,벤틀리,Flying Spur,38
2023-10,수입,아우디,Q8,38
2023-10,수입,캐딜락,Escalade,37
2023-10,수입,링컨,Nautilus,36
2023-10,수입,아우디,A4,35
2023-10,수입,BMW,M4,33
2023-10,수입,BMW,M2,31
2023-10,수입,볼보,XC40 Recharge,31
2023-10,수입,볼보,C40 Recharge,27
2023-10,수입,푸조,408,27
2023-10,수입,포르쉐,718 Boxster,25
2023-10,수입,푸조,e-208,25
2023-10,수입,아우디,A5,24
2023-10,수입,아우디,Q2,24
2023-10,수입,마세라티,Grecale,21
2023-10,수입,벤츠,CLA-Class,20
2023-10,수입,볼보,XC40,19
2023-10,수입,BMW,M3,18
2023-10,수입,벤틀리,Bentayga,18
2023-10,국산,쉐보레,볼트 EV,17
2023-10,수입,벤틀리,Continental GT,17
2023-10,국산,현대,카운티 일렉트릭,16
2023-10,수입,푸조,5008,16
2023-10,수입,GMC,Sierra,15
2023-10,수입,람보르기니,Urus S,15
2023-10,수입,랜드로버,Range Rover Velar,14
2023-10,수입,링컨,Navigator,14
2023-10,수입,지프,Gladiator,14
2023-10,수입,캐딜락,XT4,14
2023-10,수입,토요타,GR 86,13
2023-10,수입,혼다,Pilot,13
2023-10,수입,DS,DS4,12
2023-10,수입,람보르기니,Huracan EVO,12
2023-10,수입,BMW,X3 M,11
2023-10,수입,랜드로버,Discovery,11
2023-10,수입,푸조,308,11
2023-10,수입,BMW,X4 M,10
2023-10,수입,DS,DS7 Crossback,10
2023-10,수입,랜드로버,Discovery Sport,10
2023-10,수입,푸조,2008,10
2023-10,수입,BMW,X5 M,9
2023-10,수입,벤츠,A-Class,9
2023-10,수입,아우디,e-tron,9
2023-10,수입,테슬라,Model S,9
2023-10,수입,포르쉐,718 Cayman,9
2023-10,수입,혼다,Odyssey,9
2023-10,수입,BMW,X6 M,8
2023-10,수입,람보르기니,Urus,8
2023-10,수입,렉서스,RZ,8
2023-10,수입,마세라티,Levante,8
2023-10,수입,재규어,F-Type,8
2023-10,수입,캐딜락,CT5,8
2023-10,수입,캐딜락,XT6,8
2023-10,수입,푸조,3008,8
2023-10,수입,BMW,M5,7
2023-10,수입,랜드로버,Range Rover Evoque,7
2023-10,수입,벤츠,SL-Class,7
2023-10,수입,롤스로이스,Cullinan,6
2023-10,수입,테슬라,Model X,6
2023-10,수입,포드,Expedition,6
2023-10,수입,DS,DS3 Crossback,5
2023-10,수입,롤스로이스,Ghost,5
2023-10,수입,아우디,e-tron GT,5
2023-10,수입,포드,Mustang,5
2023-10,수입,롤스로이스,Spectre,4
2023-10,수입,재규어,F-Pace,3
2023-10,수입,푸조,508,3
2023-10,수입,렉서스,LS,2
2023-10,수입,롤스로이스,Phantom Series II,2
2023-10,수입,벤츠,GLS-Class,2
2023-10,수입,마세라티,Ghibli,1
2023-10,수입,미니,Electric,1
2023-10,수입,지프,Renegade,1
2023-10,수입,토요타,Prius,1
2023-11,국산,기아,쏘렌토,9364
2023-11,국산,현대,싼타페,8780
2023-11,국산,현대,그랜저,7980
2023-11,국산,현대,포터2,7849
2023-11,국산,기아,스포티지,5982
2023-11,국산,기아,카니발,5857
2023-11,국산,현대,아반떼,5713
2023-11,국산,현대,캐스퍼,5701
2023-11,국산,기아,봉고 3,5512
2023-11,국산,현대,쏘나타 디 엣지,4574
2023-11,국산,기아,셀토스,4446
2023-11,국산,제네시스,GV80,3874
2023-11,국산,기아,K5,3783
2023-11,수입,테슬라,Model Y,3542
2023-11,국산,현대,스타리아,3342
2023-11,국산,현대,투싼,3205
2023-11,국산,기아,레이,3200
2023-11,국산,현대,팰리세이드,3157
2023-11,수입,벤츠,E-Class,3092
2023-11,국산,제네시스,G80,2956
2023-11,국산,제네시스,GV70,2819
2023-11,국산,기아,K8,2799
2023-11,국산,현대,코나,2777
2023-11,국산,쉐보레,트랙스 크로스오버,2306
2023-11,국산,기아,모닝,2111
2023-11,수입,BMW,5 Series,1807
2023-11,국산,현대,아이오닉 5,1669
2023-11,국산,KGM,토레스 EVX,1667
2023-11,국산,KGM,토레스,1546
2023-11,국산,기아,K3,1428
2023-11,국산,현대,버스/트럭 (현대),1418
2023-11,국산,현대,포터2 일렉트릭,1406
2023-11,국산,기아,레이 EV,1387
2023-11,국산,기아,니로,1293
2023-11,국산,기아,EV6,1096
2023-11,국산,르노코리아,QM6,1034
2023-11,국산,현대,베뉴,776
2023-11,수입,벤츠,GLE-Class,775
2023-11,국산,제네시스,G90,719
2023-11,수입,볼보,XC60,710
2023-11,국산,르노코리아,XM3,694
2023-11,국산,현대,마이티,679
2023-11,국산,기아,봉고 3 EV,643
2023-11,국산,현대,아이오닉 6,618
2023-11,수입,벤츠,S-Class,600
2023-11,수입,BMW,X7,587
2023-11,수입,렉서스,ES,562
2023-11,국산,KGM,렉스턴 스포츠,557
2023-11,수입,BMW,7 Series,545
2023-11,수입,아우디,A6,545
2023-11,수입,벤츠,GLC-Class,496
2023-11,국산,KGM,티볼리,480
2023-11,수입,BMW,X5,464
2023-11,국산,KGM,렉스턴 스포츠 칸,437
2023-11,수입,BMW,6 Series,434
2023-11,국산,현대,코나 일렉트릭,432
2023-11,국산,쉐보레,트레일블레이저,425
2023-11,수입,BMW,X1,395
2023-11,수입,폭스바겐,Tiguan,379
2023-11,국산,기아,EV9,375
2023-11,수입,렉서스,NX,358
2023-11,수입,포르쉐,Cayenne,354
2023-11,수입,미니,Hatch,353
2023-11,수입,벤츠,CLS-Class,349
2023-11,수입,미니,Countryman,336
2023-11,수입,BMW,X3,335
2023-11,국산,현대,쏘나타 뉴 라이즈,321
2023-11,수입,BMW,1 Series,318
2023-11,국산,기아,모하비,313
2023-11,수입,BMW,X6,284
2023-11,수입,토요타,RAV4,276
2023-11,국산,제네시스,G70,267
2023-11,수입,미니,Clubman,259
2023-11,수입,BMW,iX3,249
2023-11,국산,기아,니로 EV,248
2023-11,국산,현대,카운티,241
2023-11,국산,기아,K9,236
2023-11,국산,현대,넥쏘,232
2023-11,수입,볼보,XC90,232
2023-11,수입,BMW,X4,231
2023-11,수입,볼보,XC40,230
2023-11,수입,포드,Explorer,219
2023-11,수입,아우디,Q5,202
2023-11,수입,BMW,3 Series,197
2023-11,수입,벤츠,Maybach S-Class,196
2023-11,수입,벤츠,EQB,192
2023-11,수입,벤츠,EQS,188
2023-11,수입,벤츠,C-Class,178
2023-11,수입,BMW,i7,176
2023-11,수입,포르쉐,Taycan,175
2023-11,국산,KGM,렉스턴 뉴 아레나,170
2023-11,수입,폴스타,Polestar 2,167
2023-11,수입,볼보,S90,165
2023-11,수입,지프,Grand Cherokee,164
2023-11,수입,렉서스,RX,163
2023-11,수입,토요타,Alphard,155
2023-11,수입,볼보,S60,152
2023-11,국산,르노코리아,SM6,147
2023-11,수입,폭스바겐,ID.4,146
2023-11,수입,벤츠,EQE,136
2023-11,수입,폭스바겐,Arteon,135
2023-11,수입,벤츠,EQS SUV,134
2023-11,수입,토요타,Crown,133
2023-11,수입,링컨,Aviator,131
2023-11,국산,기아,버스 (기아),129
2023-11,수입,벤츠,GLB-Class,129
2023-11,수입,벤츠,G-Class,128
2023-11,수입,지프,Wrangler,128
2023-11,국산,기아,니로 플러스,120
2023-11,수입,토요타,Camry,120
2023-11,수입,폭스바겐,Golf,120
2023-11,국산,현대,쏠라티,119
2023-11,수입,벤츠,EQE SUV,119
2023-11,국산,현대,아반떼 N,115
2023-11,수입,벤츠,GLS-Class,115
2023-11,수입,포드,Ranger,113
2023-11,수입,혼다,Accord,113
2023-11,수입,BMW,iX1,112
2023-11,수입,아우디,A3,111
2023-11,수입,폭스바겐,Jetta,109
2023-11,수입,지프,Renegade,106
2023-11,수입,BMW,X2,103
2023-11,수입,BMW,2 Series Active Tourer,101
2023-11,국산,KGM,코란도,98
2023-11,국산,쉐보레,콜로라도,98
2023-11,수입,벤츠,EQA,98
2023-11,수입,랜드로버,Range Rover,97
2023-11,국산,제네시스,GV60,96
2023-11,국산,KGM,티볼리 에어,95
2023-11,수입,BMW,2 Series,95
2023-11,수입,BMW,4 Series,95
2023-11,수입,볼보,V60 Cross Country,95
2023-11,국산,제네시스,Electrified GV70,91
2023-11,수입,벤츠,Maybach GLS,90
2023-11,수입,BMW,i5,88
2023-11,수입,포르쉐,Panamera,87
2023-11,수입,랜드로버,Defender,86
2023-11,수입,BMW,iX,85
2023-11,수입,BMW,8 Series,83
2023-11,수입,아우디,Q4 e-tron,83
2023-11,수입,토요타,Sienna,82
2023-11,국산,쉐보레,트래버스,81
2023-11,수입,렉서스,UX,79
2023-11,수입,아우디,A8,77
2023-11,수입,폭스바겐,Touareg,77
2023-11,수입,아우디,Q3,74
2023-11,수입,아우디,Q8,72
2023-11,국산,제네시스,Electrified G80,67
2023-11,수입,아우디,Q7,66
2023-11,수입,푸조,e-2008,63
2023-11,수입,아우디,A4,61
2023-11,수입,BMW,XM,60
2023-11,수입,포르쉐,911,60
2023-11,수입,BMW,i4,59
2023-11,수입,벤츠,GLA-Class,58
2023-11,수입,푸조,408,58
2023-11,수입,랜드로버,Range Rover Sport,57
2023-11,국산,현대,아이오닉 5 N,54
2023-11,수입,벤츠,AMG GT,53
2023-11,수입,미니,Convertible,49
2023-11,수입,캐딜락,Escalade,49
2023-11,수입,토요타,Highlander,43
2023-11,수입,링컨,Nautilus,42
2023-11,수입,캐딜락,XT4,42
2023-11,수입,푸조,2008,41
2023-11,수입,푸조,308,39
2023-11,수입,혼다,CR-V,39
2023-11,수입,포드,Bronco,37
2023-11,수입,GMC,Sierra,36
2023-11,수입,벤틀리,Flying Spur,34
2023-11,국산,쉐보레,볼트 EUV,32
2023-11,수입,아우디,A7,32
2023-11,수입,푸조,5008,32
2023-11,수입,볼보,C40 Recharge,31
2023-11,수입,아우디,A5,31
2023-11,수입,포르쉐,718 Boxster,31
2023-11,수입,포르쉐,Macan,31
2023-11,수입,BMW,M4,28
2023-11,수입,푸조,e-208,27
2023-11,수입,BMW,Z4,26
2023-11,수입,랜드로버,Range Rover Velar,26
2023-11,수입,BMW,M2,23
2023-11,수입,벤츠,A-Class,23
2023-11,수입,지프,Gladiator,22
2023-11,수입,볼보,V90 Cross Country,20
2023-11,수입,혼다,Odyssey,20
2023-11,국산,쉐보레,볼트 EV,19
2023-11,수입,랜드로버,Discovery,19
2023-11,수입,토요타,Prius,19
2023-11,국산,쉐보레,이쿼녹스,18
2023-11,수입,BMW,M3,18
2023-11,수입,아우디,Q2,18
2023-11,수입,아우디,e-tron,17
2023-11,수입,마세라티,Grecale,16
2023-11,수입,벤틀리,Continental GT,16
2023-11,수입,벤틀리,Bentayga,15
2023-11,수입,혼다,Pilot,15
2023-11,국산,쉐보레,타호,14
2023-11,수입,포르쉐,718 Cayman,14
2023-11,수입,푸조,3008,14
2023-11,수입,렉서스,RZ,13
2023-11,수입,람보르기니,Huracan EVO,12
2023-11,수입,캐딜락,XT6,12
2023-11,수입,테슬라,Model X,12
2023-11,국산,현대,카운티 일렉트릭,11
2023-11,수입,BMW,X3 M,11
2023-11,수입,람보르기니,Urus,11
2023-11,수입,벤츠,CLA-Class,11
2023-11,수입,람보르기니,Urus S,10
2023-11,수입,랜드로버,Discovery Sport,10
2023-11,수입,포드,Expedition,10
2023-11,수입,캐딜락,CT5,9
2023-11,수입,BMW,X4 M,8
2023-11,수입,벤츠,SL-Class,8
2023-11,수입,테슬라,Model S,8
2023-11,수입,BMW,X5 M,7
2023-11,수입,DS,DS7 Crossback,7
2023-11,수입,토요타,GR 86,7
2023-11,수입,렉서스,LS,6
2023-11,수입,랜드로버,Range Rover Evoque,5
2023-11,수입,롤스로이스,Cullinan,5
2023-11,수입,롤스로이스,Ghost,5
2023-11,수입,마세라티,Levante,5
2023-11,수입,볼보,XC40 Recharge,5
2023-11,수입,BMW,X6 M,4
2023-11,수입,DS,DS4,3
2023-11,수입,링컨,Navigator,3
2023-11,수입,아우디,e-tron GT,3
2023-11,수입,캐딜락,XT5,3
2023-11,수입,BMW,M5,2
2023-11,수입,BMW,M8,2
2023-11,수입,렉서스,LC,2
2023-11,수입,푸조,508,2
2023-11,국산,쉐보레,말리부 2.4,1
2023-11,수입,롤스로이스,Spectre,1
2023-11,수입,마세라티,MC20 Cielo,1
2023-11,수입,마세라티,Quattroporte,1
2023-11,수입,재규어,F-Type,1
2023-12,국산,현대,그랜저,8410
2023-12,국산,기아,쏘렌토,8068
2023-12,국산,현대,싼타페,7682
2023-12,국산,기아,스포티지,5739
2023-12,국산,현대,포터2,5658
2023-12,국산,기아,카니발,5305
2023-12,국산,현대,아반떼,4990
2023-12,국산,현대,쏘나타 디 엣지,4855
2023-12,국산,제네시스,GV80,4437
2023-12,국산,현대,캐스퍼,4021
2023-12,국산,기아,봉고 3,3958
2023-12,국산,기아,셀토스,3758
2023-12,국산,현대,투싼,3588
2023-12,국산,기아,K5,3563
2023-12,국산,현대,스타리아,3536
2023-12,국산,기아,레이,3269
2023-12,국산,기아,EV9,2688
2023-12,국산,제네시스,GV70,2617
2023-12,국산,제네시스,G80,2092
2023-12,국산,현대,팰리세이드,2066
2023-12,수입,BMW,5 Series,1983
2023-12,국산,현대,코나,1900
2023-12,국산,기아,K8,1859
2023-12,국산,기아,모닝,1808
2023-12,국산,쉐보레,트랙스 크로스오버,1637
2023-12,수입,벤츠,E-Class,1427
2023-12,국산,KGM,토레스,1383
2023-12,국산,기아,K3,1346
2023-12,국산,현대,버스/트럭 (현대),1209
2023-12,국산,기아,니로,1172
2023-12,국산,제네시스,G90,1154
2023-12,수입,벤츠,GLE-Class,1142
2023-12,수입,벤츠,S-Class,1036
2023-12,국산,기아,레이 EV,985
2023-12,수입,벤츠,GLC-Class,950
2023-12,수입,테슬라,Model Y,799
2023-12,국산,현대,아이오닉 5,763
2023-12,국산,르노코리아,QM6,756
2023-12,국산,르노코리아,XM3,706
2023-12,국산,기아,EV6,693
2023-12,수입,렉서스,ES,661
2023-12,수입,BMW,X7,625
2023-12,수입,폭스바겐,Tiguan,608
2023-12,수입,볼보,XC60,602
2023-12,수입,벤츠,C-Class,597
2023-12,수입,BMW,X5,568
2023-12,국산,KGM,렉스턴 스포츠,550
2023-12,수입,아우디,A6,539
2023-12,국산,현대,베뉴,526
2023-12,국산,현대,마이티,524
2023-12,수입,BMW,i5,514
2023-12,수입,BMW,X3,477
2023-12,국산,KGM,렉스턴 스포츠 칸,458
2023-12,수입,BMW,X1,457
2023-12,수입,BMW,X6,425
2023-12,수입,렉서스,NX,424
2023-12,국산,KGM,티볼리,416
2023-12,국산,쉐보레,트레일블레이저,407
2023-12,수입,BMW,X4,402
2023-12,국산,KGM,토레스 EVX,398
2023-12,수입,폭스바겐,Jetta,397
2023-12,국산,현대,포터2 일렉트릭,395
2023-12,수입,벤츠,EQB,383
2023-12,수입,포르쉐,Cayenne,380
2023-12,수입,BMW,7 Series,377
2023-12,수입,BMW,3 Series,357
2023-12,수입,미니,Hatch,346
2023-12,수입,볼보,XC40,333
2023-12,수입,벤츠,EQA,321
2023-12,수입,포르쉐,Taycan,312
2023-12,국산,현대,쏘나타 뉴 라이즈,310
2023-12,수입,토요타,RAV4,305
2023-12,국산,제네시스,G70,276
2023-12,수입,벤츠,EQE,263
2023-12,수입,벤츠,EQE SUV,260
2023-12,국산,현대,카운티,257
2023-12,국산,기아,모하비,252
2023-12,수입,벤츠,Maybach S-Class,239
2023-12,수입,BMW,i7,236
2023-12,수입,지프,Grand Cherokee,231
2023-12,수입,벤츠,CLS-Class,227
2023-12,수입,링컨,Nautilus,226
2023-12,국산,기아,K9,223
2023-12,수입,BMW,6 Series,223
2023-12,국산,기아,봉고 3 EV,221
2023-12,수입,볼보,S90,216
2023-12,국산,현대,코나 일렉트릭,212
2023-12,수입,미니,Clubman,212
2023-12,수입,BMW,1 Series,209
2023-12,수입,미니,Countryman,206
2023-12,수입,폭스바겐,Arteon,203
2023-12,수입,벤츠,A-Class,199
2023-12,수입,벤츠,EQS,198
2023-12,수입,벤츠,G-Class,193
2023-12,수입,벤츠,EQS SUV,189
2023-12,수입,렉서스,RX,184
2023-12,수입,벤츠,GLS-Class,184
2023-12,국산,현대,아이오닉 6,183
2023-12,수입,벤츠,GLB-Class,176
2023-12,수입,볼보,XC90,174
2023-12,수입,랜드로버,Range Rover,159
2023-12,수입,벤츠,CLA-Class,159
2023-12,수입,포드,Explorer,156
2023-12,수입,링컨,Corsair,153
2023-12,국산,현대,아반떼 N,152
2023-12,수입,벤츠,AMG GT,151
2023-12,국산,KGM,렉스턴 뉴 아레나,149
2023-12,수입,토요타,Prius,148
2023-12,수입,테슬라,Model X,143
2023-12,수입,링컨,Aviator,134
2023-12,수입,벤츠,Maybach GLS,134
2023-12,국산,르노코리아,SM6,132
2023-12,수입,BMW,2 Series Active Tourer,128
2023-12,수입,토요타,Camry,123
2023-12,국산,현대,쏠라티,121
2023-12,수입,볼보,V60 Cross Country,121
2023-12,수입,볼보,S60,120
2023-12,수입,지프,Wrangler,118
2023-12,수입,토요타,Sienna,117
2023-12,수입,아우디,A3,115
2023-12,수입,BMW,iX3,114
2023-12,수입,아우디,Q5,110
2023-12,수입,포드,Ranger,109
2023-12,수입,BMW,i4,107
2023-12,국산,기아,버스 (기아),106
2023-12,수입,BMW,4 Series,105
2023-12,수입,폭스바겐,Golf,104
2023-12,국산,KGM,코란도,103
2023-12,수입,폴스타,Polestar 2,98
2023-12,수입,토요타,Crown,91
2023-12,수입,캐딜락,Escalade,90
2023-12,수입,벤츠,GLA-Class,89
2023-12,국산,기아,니로 EV,84
2023-12,수입,아우디,A8,84
2023-12,수입,폭스바겐,ID.4,83
2023-12,수입,랜드로버,Defender,82
2023-12,수입,지프,Renegade,82
2023-12,수입,테슬라,Model S,80
2023-12,수입,포르쉐,Panamera,80
2023-12,국산,현대,넥쏘,79
2023-12,수입,BMW,8 Series,78
2023-12,수입,렉서스,UX,76
2023-12,수입,푸조,e-2008,76
2023-12,국산,기아,니로 플러스,70
2023-12,수입,BMW,X2,69
2023-12,수입,아우디,Q7,67
2023-12,수입,폭스바겐,Touareg,67
2023-12,수입,토요타,Highlander,63
2023-12,수입,BMW,2 Series,62
2023-12,수입,아우디,Q8,62
2023-12,수입,포르쉐,911,62
2023-12,수입,BMW,M4,61
2023-12,수입,아우디,Q3,59
2023-12,수입,혼다,CR-V,56
2023-12,국산,KGM,티볼리 에어,50
2023-12,국산,제네시스,GV60,50
2023-12,수입,푸조,308,49
2023-12,수입,아우디,A4,48
2023-12,국산,쉐보레,트래버스,47
2023-12,수입,BMW,iX,47
2023-12,수입,BMW,iX1,47
2023-12,수입,푸조,408,45
2023-12,수입,BMW,XM,44
2023-12,수입,혼다,Accord,43
2023-12,수입,토요타,Alphard,42
2023-12,수입,푸조,5008,42
2023-12,수입,랜드로버,Range Rover Sport,41
2023-12,수입,혼다,Odyssey,41
2023-12,수입,BMW,Z4,40
2023-12,수입,미니,Convertible,40
2023-12,수입,마세라티,Grecale,38
2023-12,수입,아우디,A5,38
2023-12,국산,쉐보레,콜로라도,37
2023-12,국산,제네시스,Electrified G80,37
2023-12,수입,포르쉐,718 Boxster,37
2023-12,수입,랜드로버,Range Rover Velar,35
2023-12,수입,아우디,A7,35
2023-12,수입,포르쉐,Macan,35
2023-12,수입,볼보,V90 Cross Country,33
2023-12,국산,제네시스,Electrified GV70,31
2023-12,수입,벤틀리,Flying Spur,31
2023-12,수입,지프,Gladiator,29
2023-12,수입,포드,Bronco,29
2023-12,국산,현대,아이오닉 5 N,28
2023-12,수입,람보르기니,Huracan EVO,27
2023-12,수입,아우디,Q4 e-tron,27
2023-12,국산,쉐보레,이쿼녹스,26
2023-12,수입,푸조,2008,25
2023-12,수입,벤틀리,Continental GT,23
2023-12,수입,아우디,Q2,23
2023-12,수입,BMW,M3,22
2023-12,수입,BMW,X3 M,22
2023-12,수입,GMC,Sierra,22
2023-12,수입,렉서스,LS,21
2023-12,수입,벤츠,SL-Class,20
2023-12,수입,캐딜락,XT6,18
2023-12,국산,쉐보레,말리부,15
2023-12,수입,포드,Expedition,15
2023-12,수입,푸조,3008,15
2023-12,수입,BMW,M2,14
2023-12,국산,쉐보레,타호,13
2023-12,국산,쉐보레,볼트 EUV,12
2023-12,수입,BMW,X4 M,12
2023-12,수입,람보르기니,Urus S,11
2023-12,수입,혼다,Pilot,11
2023-12,수입,BMW,X5 M,10
2023-12,수입,랜드로버,Discovery,10
2023-12,국산,현대,카운티 일렉트릭,9
2023-12,수입,람보르기니,Urus,9
2023-12,수입,벤틀리,Bentayga,8
2023-12,수입,볼보,C40 Recharge,8
2023-12,수입,푸조,e-208,8
2023-12,수입,BMW,M5,7
2023-12,수입,롤스로이스,Cullinan,7
2023-12,수입,롤스로이스,Phantom Series II,7
2023-12,수입,롤스로이스,Spectre,7
2023-12,수입,아우디,e-tron,7
2023-12,수입,포르쉐,718 Cayman,7
2023-12,수입,마세라티,Levante,6
2023-12,수입,랜드로버,Discovery Sport,5
2023-12,수입,캐딜락,CT5,5
2023-12,수입,BMW,X6 M,4
2023-12,수입,렉서스,RZ,4
2023-12,수입,벤츠,The New E-Class,4
2023-12,수입,아우디,e-tron GT,4
2023-12,수입,BMW,M8,3
2023-12,수입,랜드로버,Range Rover Evoque,3
2023-12,수입,마세라티,Ghibli,3
2023-12,수입,캐딜락,XT5,3
2023-12,수입,토요타,GR 86,3
2023-12,수입,푸조,508,3
2023-12,수입,DS,DS4,2
2023-12,수입,링컨,Navigator,2
2023-12,수입,볼보,XC40 Recharge,1
2023-12,수입,토요타,GR SUPRA,1
2024-01,국산,기아,쏘렌토,9284
2024-01,국산,현대,싼타페,8016
2024-01,국산,기아,카니발,7049
2024-01,국산,기아,스포티지,5934
2024-01,국산,현대,투싼,5152
2024-01,국산,현대,포터2,4923
2024-01,국산,제네시스,GV80,4596
2024-01,국산,현대,아반떼,4392
2024-01,국산,기아,레이,4020
2024-01,국산,기아,셀토스,3944
2024-01,국산,현대,그랜저,3635
2024-01,국산,제네시스,G80,3468
2024-01,국산,기아,K5,3336
2024-01,국산,기아,봉고 3,3130
2024-01,국산,현대,캐스퍼,3006
2024-01,국산,현대,스타리아,2996
2024-01,국산,기아,K8,2917
2024-01,국산,쉐보레,트랙스 크로스오버,2246
2024-01,국산,제네시스,GV70,2195
2024-01,국산,현대,코나,1972
2024-01,국산,현대,팰리세이드,1741
2024-01,국산,KGM,토레스,1462
2024-01,국산,기아,K3,1419
2024-01,국산,기아,니로,1220
2024-01,국산,기아,모닝,1214
2024-01,수입,BMW,5 Series,1126
2024-01,국산,현대,버스/트럭 (현대),1075
2024-01,국산,르노코리아,XM3,974
2024-01,국산,제네시스,G90,768
2024-01,국산,KGM,렉스턴 스포츠,724
2024-01,수입,벤츠,E-Class,652
2024-01,국산,KGM,렉스턴 스포츠 칸,638
2024-01,수입,BMW,X5,585
2024-01,국산,르노코리아,QM6,577
2024-01,국산,KGM,티볼리,566
2024-01,수입,렉서스,ES,556
2024-01,수입,벤츠,GLE-Class,531
2024-01,국산,현대,쏘나타 디 엣지,496
2024-01,국산,현대,마이티,477
2024-01,국산,쉐보레,트레일블레이저,461
2024-01,국산,기아,EV9,449
2024-01,수입,볼보,XC60,402
2024-01,수입,BMW,X3,389
2024-01,수입,BMW,X7,387
2024-01,수입,포르쉐,Cayenne,357
2024-01,국산,현대,베뉴,323
2024-01,수입,벤츠,GLC-Class,321
2024-01,수입,BMW,X4,318
2024-01,국산,현대,쏘나타 뉴 라이즈,310
2024-01,국산,기아,모하비,291
2024-01,수입,미니,Hatch,261
2024-01,수입,BMW,X6,256
2024-01,국산,제네시스,G70,252
2024-01,수입,벤츠,C-Class,244
2024-01,수입,렉서스,NX,241
2024-01,수입,BMW,3 Series,207
2024-01,수입,BMW,i5,190
2024-01,수입,벤츠,A-Class,186
2024-01,국산,KGM,렉스턴 뉴 아레나,180
2024-01,국산,기아,K9,175
2024-01,수입,벤츠,S-Class,169
2024-01,수입,토요타,RAV4,163
2024-01,수입,토요타,Camry,158
2024-01,수입,링컨,Nautilus,157
2024-01,수입,볼보,S90,155
2024-01,수입,미니,Countryman,139
2024-01,수입,토요타,Prius,137
2024-01,수입,볼보,XC90,126
2024-01,수입,BMW,6 Series,124
2024-01,수입,BMW,X1,123
2024-01,국산,기아,버스 (기아),122
2024-01,수입,랜드로버,Range Rover,120
2024-01,국산,쉐보레,트래버스,119
2024-01,수입,렉서스,RX,116
2024-01,수입,미니,Clubman,116
2024-01,수입,볼보,S60,113
2024-01,국산,기아,레이 EV,110
2024-01,수입,벤츠,GLS-Class,110
2024-01,수입,볼보,XC40,108
2024-01,수입,포르쉐,Macan,107
2024-01,국산,현대,쏠라티,106
2024-01,국산,KGM,코란도,104
2024-01,수입,포드,Ranger,101
2024-01,수입,벤츠,GLB-Class,100
2024-01,수입,벤츠,EQE SUV,98
2024-01,국산,르노코리아,SM6,94
2024-01,수입,벤츠,EQB,93
2024-01,수입,링컨,Aviator,92
2024-01,수입,BMW,7 Series,87
2024-01,수입,토요타,Crown,85
2024-01,수입,포르쉐,911,85
2024-01,수입,포드,Explorer,82
2024-01,수입,지프,Grand Cherokee,79
2024-01,수입,혼다,CR-V,78
2024-01,수입,토요타,Sienna,77
2024-01,수입,랜드로버,Defender,74
2024-01,수입,벤츠,CLA-Class,74
2024-01,수입,BMW,iX3,73
2024-01,수입,토요타,Highlander,71
2024-01,수입,랜드로버,Range Rover Sport,69
2024-01,수입,지프,Wrangler,69
2024-01,수입,렉서스,UX,65
2024-01,수입,벤츠,G-Class,64
2024-01,수입,토요타,Alphard,62
2024-01,국산,KGM,티볼리 에어,61
2024-01,수입,BMW,4 Series,59
2024-01,수입,BMW,i4,58
2024-01,수입,혼다,Accord,58
2024-01,수입,벤츠,EQE,55
2024-01,수입,지프,Renegade,49
2024-01,국산,현대,카운티,47
2024-01,수입,벤츠,GLA-Class,47
2024-01,국산,현대,아반떼 N,46
2024-01,수입,BMW,2 Series Active Tourer,46
2024-01,수입,포르쉐,718 Boxster,45
2024-01,수입,BMW,Z4,43
2024-01,수입,포르쉐,Taycan,43
2024-01,수입,BMW,i7,42
2024-01,국산,쉐보레,콜로라도,38
2024-01,수입,BMW,1 Series,38
2024-01,수입,벤츠,EQS SUV,38
2024-01,국산,제네시스,Electrified GV70,37
2024-01,수입,볼보,V60 Cross Country,36
2024-01,수입,포드,Bronco,35
2024-01,국산,현대,아이오닉 5,34
2024-01,수입,링컨,Corsair,34
2024-01,수입,벤츠,EQA,34
2024-01,수입,포르쉐,Panamera,34
2024-01,수입,BMW,XM,33
2024-01,수입,푸조,408,33
2024-01,수입,BMW,8 Series,32
2024-01,수입,BMW,M2,30
2024-01,국산,기아,EV6,29
2024-01,수입,BMW,2 Series,29
2024-01,수입,랜드로버,Range Rover Velar,29
2024-01,수입,벤츠,Maybach S-Class,29
2024-01,수입,푸조,308,28
2024-01,국산,KGM,토레스 EVX,27
2024-01,수입,미니,Convertible,27
2024-01,수입,아우디,Q4 e-tron,27
2024-01,수입,캐딜락,Escalade,27
2024-01,수입,혼다,Odyssey,27
2024-01,국산,제네시스,Electrified G80,26
2024-01,수입,벤츠,AMG GT,26
2024-01,수입,토요타,GR 86,26
2024-01,수입,랜드로버,Discovery,24
2024-01,수입,아우디,Q3,24
2024-01,수입,폭스바겐,Golf,24
2024-01,수입,벤츠,Maybach GLS,22
2024-01,수입,아우디,A6,22
2024-01,수입,아우디,Q8,21
2024-01,국산,기아,니로 EV,19
2024-01,국산,기아,봉고 3 EV,19
2024-01,수입,GMC,Sierra,18
2024-01,수입,벤츠,CLS-Class,17
2024-01,수입,볼보,V90 Cross Country,17
2024-01,수입,아우디,A3,17
2024-01,수입,푸조,5008,17
2024-01,수입,BMW,iX,16
2024-01,수입,지프,Gladiator,16
2024-01,수입,랜드로버,Range Rover Evoque,15
2024-01,수입,마세라티,Grecale,15
2024-01,수입,푸조,2008,15
2024-01,수입,혼다,Pilot,14
2024-01,수입,벤츠,EQS,13
2024-01,수입,아우디,A8,13
2024-01,수입,캐딜락,XT4,12
2024-01,수입,BMW,M4,11
2024-01,수입,렉서스,LS,11
2024-01,수입,아우디,Q7,11
2024-01,수입,캐딜락,XT6,11
2024-01,수입,아우디,Q5,10
2024-01,수입,랜드로버,Discovery Sport,9
2024-01,수입,아우디,A7,9
2024-01,수입,폭스바겐,Jetta,9
2024-01,수입,BMW,M3,8
2024-01,수입,렉서스,RZ,8
2024-01,수입,벤츠,SL-Class,8
2024-01,수입,벤틀리,Continental GT,8
2024-01,수입,아우디,A4,8
2024-01,수입,포드,Expedition,8
2024-01,수입,폭스바겐,Tiguan,8
2024-01,수입,폭스바겐,Touareg,8
2024-01,국산,쉐보레,타호,7
2024-01,국산,제네시스,GV60,7
2024-01,수입,람보르기니,Huracan EVO,7
2024-01,수입,아우디,e-tron GT,7
2024-01,수입,토요타,GR SUPRA,7
2024-01,수입,푸조,3008,7
2024-01,수입,BMW,X4 M,6
2024-01,수입,롤스로이스,Cullinan,6
2024-01,수입,볼보,C40 Recharge,6
2024-01,수입,아우디,e-tron,6
2024-01,수입,포르쉐,718 Cayman,6
2024-01,국산,쉐보레,이쿼녹스,5
2024-01,국산,현대,아이오닉 5 N,5
2024-01,국산,현대,카운티 일렉트릭,5
2024-01,수입,캐딜락,CT5,5
2024-01,국산,현대,아이오닉 6,4
2024-01,국산,현대,코나 일렉트릭,4
2024-01,국산,현대,포터2 일렉트릭,4
2024-01,수입,BMW,X3 M,4
2024-01,수입,BMW,X6 M,4
2024-01,수입,아우디,A5,4
2024-01,수입,BMW,iX1,3
2024-01,수입,롤스로이스,Spectre,3
2024-01,수입,벤틀리,Flying Spur,3
2024-01,수입,포드,Mustang,3
2024-01,국산,기아,니로 플러스,2
2024-01,국산,쉐보레,볼트 EUV,2
2024-01,국산,현대,넥쏘,2
2024-01,수입,BMW,X5 M,2
2024-01,수입,링컨,Navigator,2
2024-01,수입,벤틀리,Bentayga,2
2024-01,수입,볼보,XC40 Recharge,2
2024-01,수입,캐딜락,XT5,2
2024-01,수입,폭스바겐,Arteon,2
2024-01,수입,폭스바겐,ID.4,2
2024-01,국산,쉐보레,말리부,1
2024-01,국산,쉐보레,스파크,1
2024-01,수입,BMW,X2,1
2024-01,수입,렉서스,LC,1
2024-01,수입,마세라티,Levante,1
2024-01,수입,테슬라,Model Y,1
2024-01,수입,푸조,508,1
2024-02,국산,기아,쏘렌토,8671
2024-02,국산,기아,카니발,7989
2024-02,국산,현대,싼타페,7413
2024-02,국산,기아,스포티지,6991
2024-02,국산,현대,포터2,6093
2024-02,국산,제네시스,GV80,4652
2024-02,국산,기아,셀토스,3967
2024-02,국산,현대,그랜저,3963
2024-02,국산,제네시스,G80,3250
2024-02,국산,기아,레이,3160
2024-02,국산,현대,캐스퍼,3118
2024-02,국산,현대,투싼,3070
2024-02,국산,기아,K5,2970
2024-02,국산,기아,봉고 3,2957
2024-02,국산,현대,스타리아,2878
2024-02,국산,현대,팰리세이드,2365
2024-02,국산,현대,아반떼,2230
2024-02,국산,기아,K8,2165
2024-02,수입,BMW,5 Series,2160
2024-02,국산,제네시스,GV70,1796
2024-02,국산,KGM,토레스,1540
2024-02,국산,쉐보레,트랙스 크로스오버,1447
2024-02,국산,현대,쏘나타 디 엣지,1397
2024-02,국산,현대,코나,1397
2024-02,국산,기아,K3,1315
2024-02,국산,기아,모닝,1140
2024-02,국산,현대,버스/트럭 (현대),1024
2024-02,수입,벤츠,E-Class,960
2024-02,국산,기아,니로,938
2024-02,국산,르노코리아,XM3,905
2024-02,국산,기아,레이 EV,812
2024-02,국산,르노코리아,QM6,803
2024-02,국산,제네시스,G90,605
2024-02,수입,BMW,X5,599
2024-02,국산,KGM,렉스턴 스포츠,550
2024-02,수입,벤츠,C-Class,534
2024-02,국산,현대,마이티,529
2024-02,수입,볼보,XC60,499
2024-02,국산,KGM,티볼리,498
2024-02,수입,포르쉐,Cayenne,490
2024-02,수입,벤츠,GLE-Class,485
2024-02,수입,BMW,X3,451
2024-02,국산,KGM,렉스턴 스포츠 칸,444
2024-02,수입,렉서스,ES,432
2024-02,국산,KGM,토레스 EVX,400
2024-02,수입,미니,Countryman,387
2024-02,국산,쉐보레,트레일블레이저,367
2024-02,수입,BMW,7 Series,332
2024-02,국산,현대,넥쏘,331
2024-02,국산,현대,베뉴,323
2024-02,수입,BMW,X6,298
2024-02,수입,BMW,X7,298
2024-02,수입,벤츠,S-Class,296
2024-02,수입,BMW,X4,295
2024-02,수입,벤츠,GLC-Class,268
2024-02,국산,현대,포터2 일렉트릭,262
2024-02,수입,렉서스,NX,261
2024-02,국산,제네시스,G70,254
2024-02,국산,기아,모하비,241
2024-02,수입,미니,Hatch,241
2024-02,수입,BMW,3 Series,235
2024-02,수입,토요타,RAV4,224
2024-02,국산,현대,아이오닉 5,221
2024-02,수입,벤츠,A-Class,219
2024-02,수입,BMW,iX3,206
2024-02,수입,폭스바겐,Tiguan,195
2024-02,국산,기아,K9,191
2024-02,수입,BMW,X1,190
2024-02,수입,BMW,6 Series,185
2024-02,국산,기아,봉고 3 EV,180
2024-02,국산,KGM,렉스턴 뉴 아레나,175
2024-02,수입,포드,Mustang,169
2024-02,수입,폭스바겐,Jetta,166
2024-02,국산,기아,EV6,155
2024-02,수입,렉서스,RX,155
2024-02,수입,볼보,XC40,152
2024-02,수입,토요타,Camry,140
2024-02,수입,BMW,i5,137
2024-02,수입,벤츠,EQB,125
2024-02,수입,볼보,S90,125
2024-02,국산,기아,EV9,124
2024-02,수입,BMW,4 Series,119
2024-02,국산,쉐보레,트래버스,117
2024-02,국산,현대,카운티,116
2024-02,수입,링컨,Nautilus,115
2024-02,국산,기아,버스 (기아),100
2024-02,국산,르노코리아,SM6,99
2024-02,국산,현대,아이오닉 6,98
2024-02,수입,랜드로버,Defender,98
2024-02,수입,벤츠,CLE,94
2024-02,수입,포르쉐,911,90
2024-02,국산,KGM,코란도,88
2024-02,국산,현대,쏠라티,87
2024-02,수입,미니,Clubman,87
2024-02,수입,테슬라,Model X,87
2024-02,수입,볼보,XC90,86
2024-02,수입,토요타,Prius,86
2024-02,수입,포르쉐,Macan,84
2024-02,수입,링컨,Aviator,83
2024-02,수입,벤츠,CLA-Class,83
2024-02,수입,벤츠,EQE SUV,83
2024-02,수입,BMW,2 Series Active Tourer,81
2024-02,수입,BMW,i4,80
2024-02,수입,BMW,i7,78
2024-02,수입,아우디,Q4 e-tron,77
2024-02,수입,테슬라,Model Y,77
2024-02,수입,토요타,Crown,77
2024-02,수입,벤츠,GLB-Class,76
2024-02,수입,벤츠,GLS-Class,75
2024-02,수입,BMW,1 Series,70
2024-02,수입,벤츠,GLA-Class,67
2024-02,수입,토요타,Alphard,67
2024-02,수입,지프,Wrangler,66
2024-02,수입,BMW,8 Series,64
2024-02,국산,현대,아반떼 N,62
2024-02,수입,BMW,2 Series,60
2024-02,수입,랜드로버,Range Rover,60
2024-02,수입,토요타,GR 86,59
2024-02,수입,포르쉐,718 Boxster,59
2024-02,국산,현대,코나 일렉트릭,58
2024-02,수입,폭스바겐,Golf,57
2024-02,수입,아우디,A6,56
2024-02,수입,렉서스,UX,55
2024-02,수입,볼보,V60 Cross Country,54
2024-02,국산,KGM,티볼리 에어,53
2024-02,수입,포드,Explorer,53
2024-02,수입,랜드로버,Range Rover Sport,50
2024-02,수입,포르쉐,Taycan,48
2024-02,수입,포드,Ranger,47
2024-02,수입,지프,Renegade,46
2024-02,수입,포르쉐,Panamera,45
2024-02,수입,벤츠,EQE,43
2024-02,수입,캐딜락,Escalade,42
2024-02,수입,지프,Grand Cherokee,41
2024-02,수입,토요타,Sienna,41
2024-02,수입,미니,Convertible,40
2024-02,수입,토요타,Highlander,39
2024-02,수입,혼다,Accord,39
2024-02,수입,벤츠,Maybach S-Class,36
2024-02,수입,BMW,XM,34
2024-02,수입,푸조,408,34
2024-02,수입,랜드로버,Range Rover Evoque,33
2024-02,수입,혼다,Odyssey,33
2024-02,수입,BMW,Z4,32
2024-02,수입,벤츠,AMG GT,31
2024-02,수입,BMW,iX,30
2024-02,수입,벤츠,Maybach GLS,30
2024-02,수입,폭스바겐,Arteon,30
2024-02,수입,혼다,CR-V,30
2024-02,수입,벤츠,EQA,29
2024-02,수입,볼보,S60,29
2024-02,수입,포드,Bronco,29
2024-02,수입,푸조,2008,27
2024-02,국산,현대,쏘나타 뉴 라이즈,26
2024-02,수입,아우디,A3,25
2024-02,수입,링컨,Corsair,24
2024-02,수입,벤츠,EQS SUV,23
2024-02,수입,아우디,A7,23
2024-02,수입,푸조,308,22
2024-02,수입,GMC,Sierra,20
2024-02,수입,벤츠,G-Class,19
2024-02,수입,BMW,M2,17
2024-02,수입,아우디,A4,17
2024-02,수입,볼보,V90 Cross Country,16
2024-02,수입,아우디,Q3,16
2024-02,수입,랜드로버,Discovery,15
2024-02,수입,BMW,M3,14
2024-02,수입,마세라티,Grecale,14
2024-02,수입,지프,Gladiator,14
2024-02,수입,포르쉐,718 Cayman,12
2024-02,수입,푸조,5008,12
2024-02,국산,쉐보레,콜로라도,11
2024-02,수입,랜드로버,Range Rover Velar,11
2024-02,수입,아우디,A5,11
2024-02,수입,푸조,3008,11
2024-02,국산,제네시스,GV60,10
2024-02,수입,렉서스,LS,10
2024-02,수입,벤츠,SL-Class,10
2024-02,수입,아우디,Q7,10
2024-02,수입,테슬라,Model S,10
2024-02,국산,제네시스,Electrified GV70,9
2024-02,수입,아우디,Q5,9
2024-02,수입,아우디,Q8,9
2024-02,수입,혼다,Pilot,9
2024-02,수입,BMW,M4,8
2024-02,수입,랜드로버,Discovery Sport,8
2024-02,수입,벤틀리,Flying Spur,8
2024-02,수입,아우디,A8,8
2024-02,수입,캐딜락,XT4,8
2024-02,수입,포드,Expedition,8
2024-02,국산,쉐보레,타호,7
2024-02,국산,현대,카운티 일렉트릭,7
2024-02,수입,캐딜락,XT6,7
2024-02,수입,폭스바겐,ID.4,7
2024-02,수입,폭스바겐,Touareg,7
2024-02,국산,제네시스,Electrified G80,6
2024-02,수입,벤츠,EQS,6
2024-02,국산,쉐보레,볼트 EV,5
2024-02,국산,쉐보레,이쿼녹스,5
2024-02,수입,BMW,X3 M,5
2024-02,수입,롤스로이스,Spectre,5
2024-02,수입,BMW,X5 M,4
2024-02,수입,람보르기니,Huracan EVO,4
2024-02,수입,아우디,Q2,4
2024-02,국산,쉐보레,볼트 EUV,3
2024-02,국산,현대,아이오닉 5 N,3
2024-02,수입,렉서스,LC,3
2024-02,수입,렉서스,RZ,3
2024-02,수입,롤스로이스,Cullinan,3
2024-02,수입,롤스로이스,Ghost,3
2024-02,수입,벤틀리,Continental GT,3
2024-02,수입,캐딜락,CT5,3
2024-02,수입,캐딜락,Lyriq,3
2024-02,수입,토요타,GR SUPRA,3
2024-02,수입,폴스타,Polestar 2,3
2024-02,국산,기아,니로 EV,2
2024-02,수입,BMW,X2,2
2024-02,수입,BMW,X4 M,2
2024-02,수입,BMW,X6 M,2
2024-02,수입,링컨,Navigator,2
2024-02,수입,마세라티,Levante,2
2024-02,수입,아우디,e-tron,2
2024-02,국산,쉐보레,말리부,1
2024-02,수입,BMW,iX1,1
2024-02,수입,아우디,e-tron GT,1
2024-03,국산,기아,쏘렌토,8974
2024-03,국산,현대,싼타페,7884
2024-03,국산,기아,카니발,7643
2024-03,국산,기아,스포티지,6736
2024-03,국산,현대,그랜저,6100
2024-03,수입,테슬라,Model Y,5934
2024-03,국산,제네시스,G80,5266
2024-03,국산,현대,포터2,5257
2024-03,국산,기아,셀토스,4748
2024-03,국산,제네시스,GV80,4304
2024-03,국산,현대,아반떼,4113
2024-03,국산,현대,쏘나타 디 엣지,4074
2024-03,국산,기아,K5,3577
2024-03,국산,현대,투싼,3524
2024-03,국산,기아,봉고 3,3510
2024-03,국산,현대,캐스퍼,3442
2024-03,국산,기아,레이,3172
2024-03,국산,현대,스타리아,3123
2024-03,국산,현대,포터2 일렉트릭,2775
2024-03,국산,현대,코나,2395
2024-03,수입,BMW,5 Series,2259
2024-03,국산,기아,K8,2016
2024-03,국산,현대,팰리세이드,1974
2024-03,국산,현대,아이오닉 5,1810
2024-03,국산,기아,레이 EV,1520
2024-03,국산,쉐보레,트랙스 크로스오버,1485
2024-03,국산,기아,K3,1460
2024-03,국산,KGM,토레스 EVX,1443
2024-03,국산,기아,모닝,1416
2024-03,국산,KGM,토레스,1366
2024-03,국산,현대,버스/트럭 (현대),1282
2024-03,국산,기아,EV6,1275
2024-03,국산,기아,봉고 3 EV,1180
2024-03,국산,제네시스,GV70,1145
2024-03,국산,르노코리아,XM3,1058
2024-03,국산,현대,아이오닉 6,936
2024-03,국산,기아,니로,917
2024-03,국산,르노코리아,QM6,860
2024-03,수입,렉서스,ES,822
2024-03,수입,벤츠,GLC-Class,637
2024-03,국산,현대,마이티,623
2024-03,수입,벤츠,C-Class,610
2024-03,수입,BMW,X5,566
2024-03,국산,KGM,렉스턴 스포츠,555
2024-03,국산,제네시스,G90,550
2024-03,국산,KGM,티볼리,539
2024-03,수입,벤츠,GLE-Class,524
2024-03,수입,포르쉐,Cayenne,518
2024-03,수입,벤츠,E-Class,505
2024-03,국산,KGM,렉스턴 스포츠 칸,460
2024-03,수입,BMW,3 Series,424
2024-03,수입,BMW,X3,418
2024-03,국산,쉐보레,트레일블레이저,416
2024-03,수입,아우디,Q4 e-tron,396
2024-03,수입,BMW,7 Series,388
2024-03,수입,볼보,XC60,374
2024-03,수입,벤츠,S-Class,358
2024-03,수입,미니,Countryman,357
2024-03,수입,BMW,X7,356
2024-03,수입,BMW,X4,355
2024-03,국산,현대,코나 일렉트릭,352
2024-03,수입,폭스바겐,ID.4,351
2024-03,수입,미니,Hatch,336
2024-03,수입,BMW,X6,304
2024-03,국산,기아,모하비,298
2024-03,국산,현대,베뉴,283
2024-03,국산,현대,넥쏘,268
2024-03,수입,토요타,RAV4,265
2024-03,수입,벤츠,A-Class,261
2024-03,수입,벤츠,EQE SUV,238
2024-03,수입,폭스바겐,Tiguan,235
2024-03,수입,폴스타,Polestar 2,219
2024-03,국산,제네시스,G70,211
2024-03,수입,폭스바겐,Jetta,211
2024-03,수입,BMW,i5,195
2024-03,수입,볼보,S60,190
2024-03,국산,기아,EV9,183
2024-03,수입,렉서스,RX,176
2024-03,국산,KGM,렉스턴 뉴 아레나,175
2024-03,수입,BMW,6 Series,175
2024-03,수입,BMW,X1,172
2024-03,수입,볼보,S90,171
2024-03,수입,벤츠,G-Class,170
2024-03,수입,벤츠,CLE,167
2024-03,수입,BMW,iX3,164
2024-03,국산,현대,쏠라티,161
2024-03,수입,볼보,XC40,157
2024-03,국산,현대,카운티,154
2024-03,수입,미니,Clubman,147
2024-03,국산,기아,K9,140
2024-03,수입,렉서스,NX,136
2024-03,국산,기아,니로 EV,134
2024-03,국산,기아,버스 (기아),127
2024-03,수입,토요타,Camry,126
2024-03,수입,랜드로버,Range Rover,123
2024-03,국산,르노코리아,SM6,121
2024-03,수입,포드,Mustang,119
2024-03,수입,혼다,Accord,119
2024-03,국산,KGM,코란도,118
2024-03,수입,포드,Explorer,118
2024-03,수입,링컨,Nautilus,117
2024-03,수입,BMW,2 Series Active Tourer,114
2024-03,수입,벤츠,EQB,111
2024-03,수입,지프,Grand Cherokee,109
2024-03,수입,링컨,Aviator,108
2024-03,수입,BMW,i4,104
2024-03,수입,볼보,XC90,104
2024-03,수입,혼다,Odyssey,104
2024-03,수입,BMW,4 Series,103
2024-03,수입,토요타,Sienna,100
2024-03,수입,랜드로버,Defender,99
2024-03,국산,제네시스,Electrified GV70,98
2024-03,수입,지프,Wrangler,93
2024-03,수입,벤츠,GLS-Class,92
2024-03,수입,토요타,Prius,92
2024-03,국산,기아,니로 플러스,86
2024-03,수입,벤츠,AMG GT,86
2024-03,수입,혼다,CR-V,85
2024-03,수입,아우디,A6,84
2024-03,수입,폭스바겐,Golf,84
2024-03,수입,벤츠,GLB-Class,82
2024-03,국산,쉐보레,트래버스,78
2024-03,국산,현대,아반떼 N,75
2024-03,수입,포르쉐,911,73
2024-03,수입,렉서스,UX,72
2024-03,수입,미니,Convertible,71
2024-03,수입,토요타,Crown,69
2024-03,국산,제네시스,GV60,68
2024-03,수입,BMW,iX1,67
2024-03,수입,랜드로버,Range Rover Sport,65
2024-03,수입,벤츠,EQE,65
2024-03,수입,벤츠,CLA-Class,64
2024-03,수입,지프,Renegade,64
2024-03,수입,BMW,1 Series,62
2024-03,수입,포드,Bronco,62
2024-03,수입,BMW,i7,60
2024-03,수입,포르쉐,Panamera,60
2024-03,수입,벤츠,EQA,56
2024-03,수입,포드,Ranger,56
2024-03,수입,포르쉐,Taycan,55
2024-03,수입,BMW,2 Series,52
2024-03,수입,벤츠,Maybach S-Class,49
2024-03,수입,벤츠,GLA-Class,48
2024-03,국산,현대,아이오닉 5 N,47
2024-03,수입,BMW,XM,47
2024-03,국산,KGM,티볼리 에어,46
2024-03,수입,BMW,8 Series,45
2024-03,수입,폭스바겐,Arteon,45
2024-03,수입,테슬라,Model X,44
2024-03,수입,토요타,GR 86,42
2024-03,수입,볼보,V60 Cross Country,38
2024-03,수입,포르쉐,Macan,36
2024-03,수입,BMW,Z4,33
2024-03,수입,GMC,Sierra,33
2024-03,수입,토요타,Highlander,33
2024-03,수입,포르쉐,718 Boxster,33
2024-03,국산,제네시스,Electrified G80,32
2024-03,수입,캐딜락,Escalade,32
2024-03,수입,테슬라,Model S,32
2024-03,수입,토요타,Alphard,31
2024-03,수입,벤츠,Maybach GLS,29
2024-03,수입,푸조,408,29
2024-03,수입,벤츠,EQS SUV,28
2024-03,수입,지프,Gladiator,28
2024-03,수입,아우디,Q3,26
2024-03,수입,아우디,Q5,26
2024-03,수입,람보르기니,Urus S,24
2024-03,수입,볼보,C40 Recharge,24
2024-03,수입,랜드로버,Range Rover Evoque,22
2024-03,수입,볼보,V90 Cross Country,22
2024-03,수입,폭스바겐,Touareg,22
2024-03,수입,아우디,Q8,21
2024-03,수입,BMW,M2,20
2024-03,수입,아우디,e-tron,20
2024-03,수입,BMW,iX,19
2024-03,수입,마세라티,Grecale,19
2024-03,수입,BMW,M4,18
2024-03,수입,아우디,A7,18
2024-03,국산,쉐보레,콜로라도,17
2024-03,수입,아우디,A4,15
2024-03,수입,테슬라,Model 3,15
2024-03,수입,랜드로버,Discovery,14
2024-03,수입,푸조,3008,14
2024-03,수입,푸조,e-208,14
2024-03,수입,아우디,A3,13
2024-03,수입,혼다,Pilot,13
2024-03,수입,랜드로버,Discovery Sport,12
2024-03,수입,푸조,e-2008,12
2024-03,수입,벤츠,SL-Class,11
2024-03,수입,벤틀리,Flying Spur,10
2024-03,수입,아우디,Q2,10
2024-03,수입,캐딜락,XT4,10
2024-03,수입,푸조,5008,10
2024-03,국산,현대,카운티 일렉트릭,9
2024-03,수입,아우디,A8,9
2024-03,수입,아우디,Q7,9
2024-03,수입,BMW,M3,8
2024-03,수입,렉서스,LS,8
2024-03,수입,롤스로이스,Spectre,8
2024-03,수입,캐딜락,XT6,8
2024-03,수입,BMW,X6 M,7
2024-03,수입,BMW,X5 M,6
2024-03,수입,아우디,A5,6
2024-03,수입,포르쉐,718 Cayman,6
2024-03,국산,쉐보레,타호,5
2024-03,수입,람보르기니,Huracan EVO,5
2024-03,수입,푸조,2008,5
2024-03,수입,푸조,308,5
2024-03,수입,푸조,508,5
2024-03,국산,현대,쏘나타 뉴 라이즈,4
2024-03,수입,롤스로이스,Ghost,4
2024-03,수입,벤츠,EQS,4
2024-03,수입,벤틀리,Continental GT,4
2024-03,수입,포드,Expedition,4
2024-03,수입,BMW,M5,3
2024-03,수입,BMW,X3 M,3
2024-03,수입,랜드로버,Range Rover Velar,3
2024-03,수입,렉서스,RZ,3
2024-03,수입,링컨,Navigator,3
2024-03,국산,쉐보레,이쿼녹스,2
2024-03,수입,람보르기니,Urus,2
2024-03,수입,롤스로이스,Cullinan,2
2024-03,수입,링컨,Corsair,2
2024-03,수입,벤츠,CLS-Class,2
2024-03,수입,캐딜락,Lyriq,2
2024-03,수입,BMW,X2,1
2024-03,수입,BMW,X4 M,1
2024-03,수입,렉서스,LC,1
2024-03,수입,롤스로이스,Phantom Series II,1
2024-03,수입,마세라티,Levante,1
2024-03,수입,마세라티,MC20 Cielo,1
2024-03,수입,마세라티,Quattroporte,1
2024-03,수입,볼보,XC40 Recharge,1
2024-03,수입,캐딜락,CT5,1
2024-03,수입,토요타,GR SUPRA,1
2024-03,수입,폭스바겐,Jetta 1.4 TSI,1
2024-04,국산,기아,쏘렌토,7865
2024-04,국산,기아,스포티지,7179
2024-04,국산,현대,그랜저,7085
2024-04,국산,기아,카니발,6879
2024-04,국산,현대,싼타페,5847
2024-04,국산,현대,포터2,5748
2024-04,국산,현대,아반떼,5698
2024-04,국산,기아,셀토스,5025
2024-04,국산,제네시스,G80,4934
2024-04,국산,현대,스타리아,4844
2024-04,국산,현대,쏘나타 디 엣지,4695
2024-04,국산,현대,투싼,4262
2024-04,국산,제네시스,GV80,4084
2024-04,국산,기아,봉고 3,3980
2024-04,국산,현대,캐스퍼,3549
2024-04,국산,기아,레이,3244
2024-04,국산,기아,K5,3168
2024-04,국산,현대,코나,2528
2024-04,수입,벤츠,E-Class,2081
2024-04,국산,기아,K8,1988
2024-04,국산,현대,팰리세이드,1789
2024-04,국산,쉐보레,트랙스 크로스오버,1737
2024-04,수입,테슬라,Model 3,1716
2024-04,국산,기아,니로,1597
2024-04,국산,제네시스,GV70,1592
2024-04,수입,BMW,5 Series,1556
2024-04,국산,현대,아이오닉 5,1549
2024-04,국산,기아,모닝,1421
2024-04,국산,현대,버스/트럭 (현대),1414
2024-04,국산,기아,K3,1336
2024-04,국산,기아,레이 EV,1216
2024-04,국산,KGM,토레스,1148
2024-04,국산,기아,EV6,1036
2024-04,국산,르노코리아,아르카나,962
2024-04,수입,벤츠,C-Class,952
2024-04,국산,제네시스,G90,829
2024-04,국산,KGM,토레스 EVX,767
2024-04,국산,르노코리아,QM6,731
2024-04,국산,현대,포터2 일렉트릭,695
2024-04,수입,벤츠,GLC-Class,649
2024-04,국산,현대,마이티,646
2024-04,수입,렉서스,ES,607
2024-04,국산,기아,봉고 3 EV,550
2024-04,수입,벤츠,S-Class,547
2024-04,국산,KGM,렉스턴 스포츠,530
2024-04,국산,KGM,티볼리,490
2024-04,수입,BMW,3 Series,490
2024-04,수입,벤츠,GLE-Class,465
2024-04,국산,쉐보레,트레일블레이저,459
2024-04,국산,현대,아이오닉 6,421
2024-04,국산,KGM,렉스턴 스포츠 칸,413
2024-04,수입,BMW,7 Series,412
2024-04,수입,볼보,XC60,400
2024-04,수입,BMW,X3,395
2024-04,수입,BMW,X4,371
2024-04,수입,벤츠,A-Class,367
2024-04,수입,BMW,X5,364
2024-04,수입,포르쉐,Cayenne,341
2024-04,수입,BMW,X7,340
2024-04,수입,아우디,Q4 e-tron,325
2024-04,국산,현대,베뉴,295
2024-04,수입,토요타,RAV4,285
2024-04,수입,미니,Countryman,268
2024-04,국산,기아,모하비,257
2024-04,수입,벤츠,G-Class,256
2024-04,국산,기아,K9,253
2024-04,국산,현대,넥쏘,252
2024-04,수입,벤츠,CLE,244
2024-04,수입,볼보,S90,242
2024-04,수입,BMW,X6,235
2024-04,수입,벤츠,GLB-Class,221
2024-04,국산,기아,니로 EV,218
2024-04,수입,BMW,6 Series,210
2024-04,국산,현대,코나 일렉트릭,208
2024-04,수입,BMW,X1,206
2024-04,수입,미니,Hatch,206
2024-04,수입,BMW,i5,199
2024-04,수입,벤츠,EQE SUV,192
2024-04,수입,볼보,XC40,177
2024-04,국산,KGM,렉스턴 뉴 아레나,174
2024-04,국산,기아,EV9,174
2024-04,수입,볼보,XC90,172
2024-04,수입,토요타,Camry,165
2024-04,수입,폭스바겐,ID.4,159
2024-04,수입,포드,Explorer,158
2024-04,수입,렉서스,RX,157
2024-04,수입,폭스바겐,Tiguan,152
2024-04,국산,제네시스,G70,151
2024-04,국산,현대,카운티,142
2024-04,수입,아우디,A6,136
2024-04,수입,BMW,4 Series,135
2024-04,수입,미니,Clubman,132
2024-04,국산,현대,쏠라티,131
2024-04,수입,BMW,2 Series Active Tourer,131
2024-04,수입,랜드로버,Range Rover,124
2024-04,국산,기아,니로 플러스,123
2024-04,국산,기아,버스 (기아),122
2024-04,수입,지프,Wrangler,121
2024-04,수입,토요타,Sienna,117
2024-04,수입,폭스바겐,Jetta,115
2024-04,수입,링컨,Aviator,112
2024-04,수입,BMW,iX1,111
2024-04,수입,포르쉐,Taycan,110
2024-04,국산,현대,아반떼 N,108
2024-04,수입,벤츠,CLA-Class,107
2024-04,수입,포르쉐,911,107
2024-04,수입,지프,Grand Cherokee,106
2024-04,국산,KGM,코란도,99
2024-04,수입,벤츠,GLS-Class,97
2024-04,수입,BMW,iX3,96
2024-04,수입,BMW,i4,95
2024-04,국산,제네시스,GV60,88
2024-04,국산,르노코리아,SM6,87
2024-04,수입,링컨,Nautilus,86
2024-04,수입,벤츠,GLA-Class,84
2024-04,수입,볼보,S60,84
2024-04,수입,토요타,Alphard,84
2024-04,수입,토요타,Crown,83
2024-04,수입,폴스타,Polestar 2,83
2024-04,수입,폭스바겐,Golf,81
2024-04,수입,아우디,e-tron,79
2024-04,수입,혼다,Accord,79
2024-04,수입,렉서스,UX,77
2024-04,수입,벤츠,Maybach S-Class,76
2024-04,수입,볼보,V60 Cross Country,76
2024-04,국산,제네시스,Electrified GV70,74
2024-04,수입,포드,Bronco,71
2024-04,수입,BMW,Z4,70
2024-04,수입,랜드로버,Defender,70
2024-04,수입,미니,Convertible,70
2024-04,수입,벤츠,EQB,70
2024-04,수입,BMW,i7,68
2024-04,수입,포드,Ranger,65
2024-04,수입,토요타,GR 86,57
2024-04,수입,랜드로버,Range Rover Sport,55
2024-04,수입,벤츠,EQA,55
2024-04,수입,BMW,1 Series,53
2024-04,수입,렉서스,RZ,53
2024-04,수입,토요타,Highlander,52
2024-04,수입,포드,Mustang,52
2024-04,국산,쉐보레,트래버스,51
2024-04,수입,혼다,CR-V,50
2024-04,수입,벤츠,Maybach GLS,47
2024-04,수입,토요타,Prius,46
2024-04,수입,벤츠,EQE,45
2024-04,수입,BMW,8 Series,44
2024-04,수입,벤츠,AMG GT,44
2024-04,국산,KGM,티볼리 에어,42
2024-04,수입,벤츠,EQS SUV,42
2024-04,수입,아우디,A3,42
2024-04,수입,람보르기니,Urus,40
2024-04,수입,폭스바겐,Arteon,40
2024-04,수입,푸조,408,37
2024-04,수입,BMW,2 Series,36
2024-04,수입,GMC,Sierra,36
2024-04,수입,아우디,Q3,36
2024-04,국산,현대,아이오닉 5 N,35
2024-04,수입,BMW,M2,34
2024-04,수입,지프,Gladiator,34
2024-04,국산,제네시스,Electrified G80,32
2024-04,수입,아우디,A7,32
2024-04,수입,볼보,V90 Cross Country,31
2024-04,수입,캐딜락,Escalade,31
2024-04,수입,포르쉐,Panamera,29
2024-04,수입,아우디,Q7,28
2024-04,수입,벤츠,SL-Class,27
2024-04,수입,아우디,Q8,25
2024-04,수입,혼다,Odyssey,24
2024-04,수입,푸조,e-208,23
2024-04,수입,아우디,Q5,22
2024-04,수입,푸조,e-2008,22
2024-04,수입,BMW,X2,21
2024-04,수입,마세라티,Grecale,21
2024-04,수입,지프,Renegade,20
2024-04,수입,폭스바겐,Touareg,19
2024-04,수입,포르쉐,718 Boxster,18
2024-04,수입,BMW,iX,17
2024-04,수입,아우디,A5,17
2024-04,수입,BMW,M3,15
2024-04,수입,람보르기니,Urus S,15
2024-04,수입,벤츠,EQS,15
2024-04,수입,렉서스,LS,14
2024-04,수입,벤틀리,Continental GT,14
2024-04,수입,볼보,C40 Recharge,14
2024-04,수입,볼보,XC40 Recharge,14
2024-04,수입,아우디,Q2,14
2024-04,수입,혼다,Pilot,14
2024-04,국산,쉐보레,타호,13
2024-04,수입,BMW,M4,13
2024-04,수입,랜드로버,Range Rover Evoque,13
2024-04,수입,렉서스,NX,12
2024-04,수입,롤스로이스,Spectre,11
2024-04,수입,BMW,XM,10
2024-04,수입,벤틀리,Flying Spur,10
2024-04,수입,포르쉐,Macan,10
2024-04,수입,푸조,5008,10
2024-04,수입,아우디,A4,9
2024-04,국산,현대,카운티 일렉트릭,8
2024-04,수입,BMW,X5 M,8
2024-04,수입,푸조,3008,8
2024-04,수입,BMW,X6 M,7
2024-04,수입,BMW,M8,6
2024-04,수입,롤스로이스,Cullinan,6
2024-04,수입,캐딜락,Lyriq,6
2024-04,수입,캐딜락,XT4,6
2024-04,수입,캐딜락,XT6,6
2024-04,국산,쉐보레,콜로라도,5
2024-04,수입,람보르기니,Huracan EVO,5
2024-04,수입,랜드로버,Discovery Sport,5
2024-04,수입,아우디,A8,5
2024-04,수입,포르쉐,718 Cayman,5
2024-04,수입,테슬라,Model Y,4
2024-04,수입,토요타,GR SUPRA,4
2024-04,수입,포드,Expedition,4
2024-04,수입,롤스로이스,Phantom Series II,3
2024-04,수입,롤스로이스,Ghost,2
2024-04,수입,테슬라,Model S,2
2024-04,국산,쉐보레,말리부 1.5,1
2024-04,수입,BMW,M5,1
2024-04,수입,BMW,X4 M,1
2024-04,수입,랜드로버,Range Rover Velar,1
2024-04,수입,링컨,Corsair,1
2024-04,수입,링컨,Navigator,1
2024-04,수입,마세라티,Ghibli,1
2024-04,수입,마세라티,Quattroporte,1
2024-04,수입,캐딜락,CT5,1
2024-04,수입,푸조,508,1
2024-05,국산,기아,쏘렌토,7487
2024-05,국산,기아,카니발,7211
2024-05,국산,현대,그랜저,6884
2024-05,국산,기아,스포티지,6644
2024-05,국산,현대,포터2,6193
2024-05,국산,기아,셀토스,6120
2024-05,국산,현대,쏘나타 디 엣지,5820
2024-05,국산,현대,아반떼,5658
2024-05,국산,현대,싼타페,5605
2024-05,국산,현대,투싼,4838
2024-05,국산,현대,캐스퍼,3861
2024-05,국산,제네시스,G80,3622
2024-05,국산,기아,봉고 3,3588
2024-05,수입,테슬라,Model 3,3542
2024-05,국산,제네시스,GV80,3313
2024-05,국산,기아,레이,3178
2024-05,국산,현대,스타리아,2744
2024-05,국산,현대,코나,2520
2024-05,국산,기아,K5,2406
2024-05,수입,벤츠,E-Class,2244
2024-05,국산,제네시스,GV70,2010
2024-05,국산,기아,K8,1873
2024-05,국산,쉐보레,트랙스 크로스오버,1841
2024-05,국산,기아,니로,1596
2024-05,국산,현대,아이오닉 5,1559
2024-05,국산,KGM,토레스,1552
2024-05,국산,현대,버스/트럭 (현대),1503
2024-05,수입,BMW,5 Series,1481
2024-05,국산,기아,EV6,1380
2024-05,국산,현대,팰리세이드,1335
2024-05,국산,기아,레이 EV,1278
2024-05,국산,기아,K3,995
2024-05,국산,르노코리아,아르카나,945
2024-05,국산,기아,모닝,907
2024-05,수입,벤츠,GLC-Class,897
2024-05,국산,제네시스,G90,866
2024-05,국산,현대,포터2 일렉트릭,796
2024-05,국산,르노코리아,QM6,760
2024-05,수입,BMW,6 Series,689
2024-05,국산,KGM,토레스 EVX,688
2024-05,국산,현대,마이티,681
2024-05,수입,BMW,X3,649
2024-05,수입,테슬라,Model Y,621
2024-05,국산,현대,베뉴,603
2024-05,수입,볼보,XC60,573
2024-05,수입,렉서스,NX,550
2024-05,수입,렉서스,ES,543
2024-05,국산,KGM,렉스턴 스포츠,534
2024-05,수입,BMW,3 Series,477
2024-05,수입,벤츠,GLE-Class,473
2024-05,국산,기아,봉고 3 EV,462
2024-05,국산,KGM,렉스턴 스포츠 칸,440
2024-05,국산,KGM,티볼리,424
2024-05,수입,벤츠,S-Class,383
2024-05,국산,현대,아이오닉 6,377
2024-05,수입,BMW,X5,373
2024-05,국산,쉐보레,트레일블레이저,368
2024-05,수입,BMW,X4,337
2024-05,수입,BMW,7 Series,327
2024-05,국산,현대,넥쏘,316
2024-05,수입,BMW,X7,312
2024-05,수입,아우디,A6,289
2024-05,수입,미니,Countryman,288
2024-05,수입,아우디,Q4 e-tron,288
2024-05,국산,기아,K9,282
2024-05,수입,볼보,XC40,270
2024-05,수입,벤츠,A-Class,269
2024-05,국산,현대,코나 일렉트릭,253
2024-05,수입,벤츠,CLE,250
2024-05,수입,BMW,X6,229
2024-05,수입,벤츠,C-Class,229
2024-05,수입,토요타,RAV4,228
2024-05,국산,기아,모하비,224
2024-05,국산,KGM,렉스턴 뉴 아레나,220
2024-05,수입,미니,Hatch,220
2024-05,수입,벤츠,G-Class,209
2024-05,수입,볼보,S90,204
2024-05,수입,볼보,XC90,200
2024-05,수입,벤츠,GLB-Class,188
2024-05,국산,기아,EV9,182
2024-05,수입,토요타,Camry,178
2024-05,수입,BMW,iX3,172
2024-05,국산,현대,카운티,170
2024-05,수입,BMW,i5,167
2024-05,수입,랜드로버,Range Rover,167
2024-05,수입,포드,Explorer,166
2024-05,수입,렉서스,RX,158
2024-05,국산,제네시스,G70,156
2024-05,수입,폭스바겐,Jetta,156
2024-05,국산,르노코리아,마스터,151
2024-05,국산,현대,쏠라티,146
2024-05,수입,BMW,X1,138
2024-05,수입,BMW,4 Series,136
2024-05,국산,현대,아반떼 N,135
2024-05,수입,링컨,Aviator,134
2024-05,수입,미니,Clubman,132
2024-05,수입,벤츠,CLA-Class,122
2024-05,수입,지프,Wrangler,121
2024-05,수입,포르쉐,911,120
2024-05,국산,기아,버스 (기아),118
2024-05,수입,BMW,iX1,118
2024-05,수입,볼보,S60,118
2024-05,국산,기아,니로 EV,113
2024-05,수입,혼다,Accord,111
2024-05,수입,포르쉐,Cayenne,109
2024-05,수입,볼보,V60 Cross Country,108
2024-05,수입,포드,Mustang,108
2024-05,수입,벤츠,EQE,107
2024-05,수입,링컨,Nautilus,104
2024-05,수입,벤츠,EQE SUV,98
2024-05,수입,BMW,2 Series Active Tourer,97
2024-05,국산,쉐보레,트래버스,94
2024-05,수입,BMW,i4,93
2024-05,수입,BMW,i7,93
2024-05,수입,폭스바겐,Tiguan,90
2024-05,국산,KGM,코란도,89
2024-05,수입,지프,Grand Cherokee,89
2024-05,수입,토요타,Sienna,89
2024-05,국산,제네시스,GV60,88
2024-05,수입,포르쉐,Taycan,88
2024-05,수입,토요타,Crown,86
2024-05,수입,랜드로버,Defender,84
2024-05,수입,벤츠,EQS SUV,83
2024-05,수입,미니,Convertible,82
2024-05,수입,벤츠,Maybach S-Class,82
2024-05,수입,폭스바겐,Golf,82
2024-05,수입,벤츠,EQB,72
2024-05,국산,기아,니로 플러스,67
2024-05,수입,아우디,e-tron,67
2024-05,수입,폭스바겐,ID.4,67
2024-05,수입,BMW,Z4,63
2024-05,수입,랜드로버,Range Rover Sport,63
2024-05,수입,렉서스,UX,61
2024-05,수입,혼다,CR-V,60
2024-05,수입,BMW,1 Series,58
2024-05,국산,제네시스,Electrified GV70,56
2024-05,수입,BMW,8 Series,55
2024-05,국산,KGM,티볼리 에어,54
2024-05,수입,토요타,Highlander,54
2024-05,수입,포드,Bronco,54
2024-05,수입,벤츠,GLS-Class,53
2024-05,수입,포드,Ranger,51
2024-05,수입,포르쉐,Panamera,51
2024-05,수입,폭스바겐,Arteon,50
2024-05,수입,BMW,2 Series,48
2024-05,수입,벤츠,GLA-Class,47
2024-05,수입,토요타,Alphard,46
2024-05,국산,르노코리아,SM6,45
2024-05,수입,혼다,Odyssey,45
2024-05,수입,푸조,408,44
2024-05,수입,지프,Gladiator,41
2024-05,수입,벤츠,AMG GT,40
2024-05,수입,벤츠,EQA,40
2024-05,수입,아우디,Q5,39
2024-05,수입,벤츠,Maybach GLS,35
2024-05,수입,아우디,A3,34
2024-05,수입,BMW,iX,32
2024-05,국산,현대,아이오닉 5 N,31
2024-05,수입,캐딜락,Escalade,31
2024-05,수입,폴스타,Polestar 2,30
2024-05,수입,GMC,Sierra,26
2024-05,수입,람보르기니,Urus,26
2024-05,수입,지프,Renegade,26
2024-05,국산,제네시스,Electrified G80,25
2024-05,수입,아우디,Q3,25
2024-05,국산,현대,ST1,24
2024-05,수입,BMW,M2,23
2024-05,수입,BMW,X2,23
2024-05,수입,람보르기니,Urus S,23
2024-05,수입,마세라티,Grecale,20
2024-05,수입,BMW,M4,19
2024-05,수입,볼보,XC40 Recharge,19
2024-05,수입,혼다,Pilot,19
2024-05,수입,마세라티,Levante,17
2024-05,수입,벤틀리,Bentayga,17
2024-05,수입,토요타,GR 86,17
2024-05,수입,푸조,e-2008,17
2024-05,수입,랜드로버,Discovery Sport,16
2024-05,수입,랜드로버,Range Rover Evoque,16
2024-05,수입,포르쉐,718 Boxster,16
2024-05,수입,아우디,A7,15
2024-05,수입,아우디,Q8,15
2024-05,수입,푸조,5008,15
2024-05,수입,마세라티,Ghibli,14
2024-05,수입,벤츠,EQS,14
2024-05,국산,쉐보레,타호,13
2024-05,수입,볼보,V90 Cross Country,13
2024-05,국산,현대,카운티 일렉트릭,12
2024-05,수입,벤츠,SL-Class,12
2024-05,수입,아우디,A4,12
2024-05,수입,아우디,Q7,12
2024-05,수입,벤틀리,Flying Spur,11
2024-05,수입,볼보,C40 Recharge,11
2024-05,수입,푸조,e-208,11
2024-05,수입,벤틀리,Continental GT,10
2024-05,수입,아우디,e-tron GT,10
2024-05,수입,BMW,M3,9
2024-05,수입,아우디,A5,9
2024-05,수입,롤스로이스,Cullinan,8
2024-05,수입,아우디,A8,8
2024-05,수입,아우디,Q2,8
2024-05,수입,캐딜락,XT6,8
2024-05,수입,BMW,M8,7
2024-05,수입,롤스로이스,Spectre,7
2024-05,수입,렉서스,LS,6
2024-05,수입,캐딜락,Lyriq,6
2024-05,수입,포드,Expedition,6
2024-05,수입,푸조,3008,6
2024-05,수입,캐딜락,New XT4,5
2024-05,수입,포르쉐,718 Cayman,5
2024-05,수입,BMW,M5,4
2024-05,수입,BMW,X3 M,4
2024-05,수입,람보르기니,Huracan EVO,4
2024-05,수입,랜드로버,Range Rover Velar,4
2024-05,수입,링컨,Navigator,4
2024-05,수입,BMW,X4 M,3
2024-05,수입,토요타,GR SUPRA,3
2024-05,수입,BMW,X5 M,2
2024-05,수입,BMW,X6 M,2
2024-05,수입,롤스로이스,Ghost,2
2024-05,수입,테슬라,Model X,2
2024-05,국산,쉐보레,이쿼녹스,1
2024-05,수입,랜드로버,Discovery,1
2024-05,수입,렉서스,RZ,1
2024-05,수입,롤스로이스,Phantom Series II,1
2024-05,수입,캐딜락,CT5,1
2024-05,수입,캐딜락,XT5,1
2024-05,수입,포르쉐,Macan,1
2024-06,국산,기아,카니발,8097
2024-06,국산,기아,쏘렌토,7307
2024-06,국산,기아,스포티지,5815
2024-06,국산,현대,쏘나타 디 엣지,5712
2024-06,국산,현대,그랜저,5703
2024-06,국산,기아,셀토스,5399
2024-06,국산,현대,싼타페,5000
2024-06,국산,현대,포터2,4867
2024-06,국산,현대,아반떼,4664
2024-06,국산,제네시스,GV70,4651
2024-06,국산,현대,투싼,4216
2024-06,국산,제네시스,G80,3656
2024-06,국산,현대,스타리아,3623
2024-06,수입,테슬라,Model Y,3404
2024-06,국산,기아,봉고 3,3365
2024-06,국산,현대,캐스퍼,3352
2024-06,국산,기아,K5,2932
2024-06,국산,제네시스,GV80,2863
2024-06,수입,벤츠,E-Class,2476
2024-06,국산,현대,코나,2347
2024-06,국산,기아,레이,2285
2024-06,수입,테슬라,Model 3,1753
2024-06,국산,현대,아이오닉 5,1727
2024-06,국산,현대,버스/트럭 (현대),1612
2024-06,수입,BMW,5 Series,1574
2024-06,국산,기아,K8,1519
2024-06,국산,쉐보레,트랙스 크로스오버,1463
2024-06,국산,기아,EV6,1430
2024-06,국산,KGM,토레스,1424
2024-06,국산,기아,K3,1341
2024-06,국산,기아,레이 EV,1289
2024-06,국산,현대,팰리세이드,1273
2024-06,국산,기아,니로,1210
2024-06,국산,르노코리아,아르카나,1150
2024-06,국산,기아,모닝,985
2024-06,국산,현대,포터2 일렉트릭,948
2024-06,수입,벤츠,GLC-Class,836
2024-06,국산,르노코리아,QM6,808
2024-06,국산,현대,마이티,651
2024-06,수입,BMW,6 Series,637
2024-06,국산,제네시스,G90,633
2024-06,국산,KGM,렉스턴 스포츠,627
2024-06,국산,KGM,티볼리,598
2024-06,수입,볼보,XC60,583
2024-06,국산,KGM,토레스 EVX,567
2024-06,수입,BMW,X3,553
2024-06,수입,벤츠,GLE-Class,522
2024-06,수입,렉서스,ES,516
2024-06,국산,KGM,렉스턴 스포츠 칸,515
2024-06,국산,현대,베뉴,494
2024-06,수입,BMW,X5,481
2024-06,수입,벤츠,S-Class,458
2024-06,국산,기아,봉고 3 EV,439
2024-06,수입,BMW,3 Series,436
2024-06,수입,렉서스,NX,380
2024-06,수입,BMW,7 Series,371
2024-06,수입,벤츠,CLE,364
2024-06,수입,아우디,Q4 e-tron,355
2024-06,국산,쉐보레,트레일블레이저,331
2024-06,수입,미니,Hatch,315
2024-06,수입,BMW,X7,299
2024-06,국산,현대,넥쏘,294
2024-06,수입,BMW,X4,293
2024-06,수입,아우디,A6,293
2024-06,국산,현대,아이오닉 6,292
2024-06,국산,기아,모하비,288
2024-06,수입,BMW,X6,260
2024-06,국산,현대,코나 일렉트릭,246
2024-06,수입,벤츠,A-Class,235
2024-06,수입,볼보,XC40,225
2024-06,수입,토요타,RAV4,217
2024-06,수입,BMW,iX3,205
2024-06,수입,벤츠,G-Class,203
2024-06,수입,벤츠,C-Class,197
2024-06,수입,볼보,S90,197
2024-06,수입,벤츠,EQS SUV,195
2024-06,수입,미니,Countryman,179
2024-06,국산,현대,ST1,175
2024-06,국산,제네시스,G70,171
2024-06,수입,벤츠,EQE,166
2024-06,국산,기아,K9,160
2024-06,수입,볼보,XC90,158
2024-06,수입,벤츠,GLB-Class,156
2024-06,수입,벤츠,EQA,152
2024-06,수입,미니,Convertible,150
2024-06,국산,KGM,렉스턴 뉴 아레나,148
2024-06,수입,폭스바겐,Jetta,148
2024-06,수입,포드,Explorer,143
2024-06,국산,현대,아반떼 N,142
2024-06,수입,BMW,X1,142
2024-06,수입,랜드로버,Range Rover,142
2024-06,국산,현대,쏠라티,135
2024-06,수입,렉서스,RX,133
2024-06,수입,볼보,V60 Cross Country,131
2024-06,수입,토요타,Camry,131
2024-06,수입,BMW,4 Series,129
2024-06,수입,벤츠,EQE SUV,129
2024-06,국산,KGM,코란도,123
2024-06,국산,기아,니로 EV,123
2024-06,국산,기아,버스 (기아),122
2024-06,수입,BMW,i5,115
2024-06,국산,기아,EV9,113
2024-06,국산,현대,카운티,111
2024-06,수입,랜드로버,Range Rover Sport,109
2024-06,수입,벤츠,EQB,109
2024-06,수입,폭스바겐,Tiguan,108
2024-06,수입,혼다,CR-V,108
2024-06,국산,현대,아이오닉 5 N,107
2024-06,수입,테슬라,Model X,106
2024-06,수입,벤츠,GLS-Class,105
2024-06,수입,BMW,iX1,102
2024-06,수입,미니,Clubman,102
2024-06,수입,벤츠,CLA-Class,98
2024-06,수입,볼보,S60,98
2024-06,수입,BMW,i4,96
2024-06,수입,지프,Wrangler,86
2024-06,국산,KGM,티볼리 에어,85
2024-06,수입,링컨,Nautilus,85
2024-06,수입,혼다,Accord,80
2024-06,수입,랜드로버,Defender,78
2024-06,수입,토요타,Crown,78
2024-06,수입,링컨,Aviator,76
2024-06,수입,벤츠,GLA-Class,76
2024-06,수입,벤츠,Maybach S-Class,76
2024-06,수입,BMW,i7,74
2024-06,수입,토요타,Sienna,73
2024-06,수입,포르쉐,Panamera,70
2024-06,수입,폭스바겐,Golf,69
2024-06,수입,토요타,Alphard,68
2024-06,수입,포드,Bronco,67
2024-06,국산,기아,니로 플러스,65
2024-06,수입,BMW,1 Series,64
2024-06,국산,쉐보레,트래버스,62
2024-06,수입,아우디,Q5,57
2024-06,수입,포르쉐,911,57
2024-06,국산,제네시스,GV60,54
2024-06,수입,BMW,2 Series Active Tourer,53
2024-06,수입,지프,Grand Cherokee,53
2024-06,수입,포르쉐,Cayenne,53
2024-06,수입,토요타,GR 86,49
2024-06,수입,BMW,8 Series,47
2024-06,수입,포드,Mustang,46
2024-06,수입,BMW,Z4,45
2024-06,국산,르노코리아,SM6,43
2024-06,수입,폭스바겐,Touareg,43
2024-06,국산,제네시스,Electrified GV70,42
2024-06,수입,BMW,2 Series,42
2024-06,수입,캐딜락,Escalade,41
2024-06,수입,토요타,Highlander,41
2024-06,국산,르노코리아,마스터,40
2024-06,수입,지프,Gladiator,40
2024-06,수입,푸조,408,40
2024-06,수입,벤츠,EQS,38
2024-06,수입,포르쉐,Taycan,38
2024-06,수입,랜드로버,Range Rover Evoque,37
2024-06,국산,제네시스,Electrified G80,34
2024-06,수입,벤츠,AMG GT,34
2024-06,수입,포르쉐,718 Boxster,34
2024-06,수입,랜드로버,Discovery Sport,33
2024-06,수입,BMW,M2,32
2024-06,수입,폭스바겐,Arteon,32
2024-06,수입,BMW,iX,30
2024-06,수입,아우디,e-tron,30
2024-06,수입,테슬라,Model S,30
2024-06,수입,볼보,C40 Recharge,29
2024-06,수입,아우디,A3,29
2024-06,수입,혼다,Odyssey,29
2024-06,수입,볼보,V90 Cross Country,28
2024-06,수입,아우디,Q8 e-tron,27
2024-06,수입,지프,Renegade,27
2024-06,수입,포드,Ranger,27
2024-06,수입,폴스타,Polestar 2,27
2024-06,수입,GMC,Sierra,26
2024-06,수입,아우디,Q8,24
2024-06,수입,BMW,X2,22
2024-06,수입,벤츠,Maybach GLS,22
2024-06,수입,BMW,M4,20
2024-06,수입,아우디,A7,19
2024-06,수입,마세라티,Grecale,18
2024-06,수입,아우디,Q2,18
2024-06,수입,BMW,M3,17
2024-06,수입,람보르기니,Urus,16
2024-06,국산,KGM,코란도 EV,15
2024-06,수입,벤틀리,Bentayga,15
2024-06,수입,아우디,Q3,15
2024-06,수입,벤틀리,Continental GT,14
2024-06,수입,람보르기니,Urus S,13
2024-06,수입,아우디,Q7,13
2024-06,수입,캐딜락,New XT4,13
2024-06,수입,혼다,Pilot,13
2024-06,국산,쉐보레,타호,12
2024-06,수입,렉서스,UX,12
2024-06,수입,푸조,e-208,12
2024-06,수입,람보르기니,Huracan EVO,11
2024-06,수입,벤틀리,Flying Spur,11
2024-06,수입,포르쉐,Macan,11
2024-06,수입,BMW,M8,10
2024-06,수입,랜드로버,Discovery,10
2024-06,수입,벤츠,SL-Class,10
2024-06,수입,아우디,A5,10
2024-06,수입,푸조,5008,10
2024-06,국산,현대,카운티 일렉트릭,8
2024-06,수입,캐딜락,XT6,8
2024-06,수입,롤스로이스,Ghost,7
2024-06,수입,아우디,A4,7
2024-06,수입,푸조,3008,7
2024-06,수입,BMW,X3 M,6
2024-06,수입,BMW,X4 M,6
2024-06,수입,BMW,X6 M,6
2024-06,수입,롤스로이스,Spectre,6
2024-06,수입,마세라티,Levante,6
2024-06,수입,포드,Expedition,6
2024-06,수입,푸조,e-2008,6
2024-06,수입,랜드로버,Range Rover Velar,5
2024-06,수입,렉서스,LS,4
2024-06,수입,롤스로이스,Phantom Series II,4
2024-06,수입,링컨,Navigator,4
2024-06,수입,벤츠,CLS-Class,4
2024-06,수입,포르쉐,718 Cayman,4
2024-06,수입,BMW,X5 M,3
2024-06,수입,롤스로이스,Cullinan,3
2024-06,수입,볼보,XC40 Recharge,3
2024-06,수입,아우디,e-tron GT,3
2024-06,수입,토요타,GR SUPRA,3
2024-06,국산,쉐보레,콜로라도,2
2024-06,수입,BMW,M5,2
2024-06,수입,렉서스,LC,2
2024-06,수입,마세라티,Ghibli,2
2024-06,수입,아우디,A8,2
2024-06,국산,쉐보레,볼트 EUV,1
2024-06,수입,마세라티,MC20,1
2024-06,수입,푸조,308,1
2024-07,국산,기아,쏘렌토,7596
2024-07,국산,기아,카니발,7050
2024-07,국산,현대,그랜저,6287
2024-07,국산,기아,스포티지,6235
2024-07,국산,현대,쏘나타 디 엣지,5532
2024-07,국산,기아,셀토스,5489
2024-07,국산,현대,싼타페,5248
2024-07,국산,현대,포터2,4145
2024-07,국산,현대,아반떼,3873
2024-07,국산,제네시스,GV70,3803
2024-07,국산,현대,스타리아,3575
2024-07,국산,현대,캐스퍼,3425
2024-07,국산,기아,봉고 3,3148
2024-07,국산,현대,투싼,3124
2024-07,국산,제네시스,G80,3110
2024-07,국산,기아,레이,2977
2024-07,국산,제네시스,GV80,2837
2024-07,국산,기아,K5,2702
2024-07,국산,기아,EV3,1975
2024-07,국산,현대,코나,1906
2024-07,수입,BMW,5 Series,1645
2024-07,수입,테슬라,Model Y,1623
2024-07,국산,현대,아이오닉 5,1615
2024-07,국산,쉐보레,트랙스 크로스오버,1606
2024-07,수입,벤츠,E-Class,1505
2024-07,국산,기아,레이 EV,1407
2024-07,국산,현대,버스/트럭 (현대),1375
2024-07,국산,기아,K3,1373
2024-07,국산,기아,EV6,1344
2024-07,국산,기아,모닝,1335
2024-07,국산,현대,팰리세이드,1316
2024-07,국산,KGM,토레스,1310
2024-07,국산,기아,K8,1154
2024-07,수입,테슬라,Model 3,1055
2024-07,국산,기아,니로,1049
2024-07,국산,현대,포터2 일렉트릭,1032
2024-07,국산,KGM,토레스 EVX,778
2024-07,국산,르노코리아,QM6,738
2024-07,국산,KGM,렉스턴 스포츠,704
2024-07,국산,현대,마이티,690
2024-07,국산,르노코리아,아르카나,680
2024-07,수입,BMW,6 Series,680
2024-07,수입,BMW,X5,675
2024-07,수입,벤츠,GLC-Class,626
2024-07,수입,볼보,XC60,596
2024-07,국산,제네시스,G90,594
2024-07,국산,기아,봉고 3 EV,567
2024-07,국산,KGM,티볼리,562
2024-07,수입,렉서스,ES,526
2024-07,국산,현대,코나 일렉트릭,508
2024-07,국산,KGM,렉스턴 스포츠 칸,489
2024-07,수입,벤츠,GLE-Class,458
2024-07,수입,벤츠,CLE,443
2024-07,수입,BMW,3 Series,440
2024-07,수입,BMW,7 Series,420
2024-07,수입,포르쉐,Cayenne,410
2024-07,수입,아우디,Q4 e-tron,401
2024-07,수입,렉서스,NX,392
2024-07,수입,BMW,X7,383
2024-07,국산,현대,베뉴,365
2024-07,수입,포르쉐,Panamera,357
2024-07,수입,폭스바겐,ID.4,355
2024-07,국산,쉐보레,트레일블레이저,350
2024-07,국산,현대,넥쏘,330
2024-07,수입,BMW,X6,326
2024-07,수입,벤츠,S-Class,306
2024-07,수입,BMW,X4,298
2024-07,국산,현대,아이오닉 6,275
2024-07,수입,볼보,XC40,257
2024-07,수입,아우디,A6,243
2024-07,수입,토요타,RAV4,236
2024-07,국산,제네시스,G70,226
2024-07,수입,벤츠,C-Class,209
2024-07,수입,포르쉐,911,204
2024-07,수입,폭스바겐,Jetta,203
2024-07,국산,기아,K9,202
2024-07,수입,포드,Explorer,202
2024-07,국산,기아,모하비,197
2024-07,국산,KGM,렉스턴 뉴 아레나,195
2024-07,국산,현대,ST1,194
2024-07,수입,BMW,iX3,194
2024-07,수입,BMW,1 Series,174
2024-07,수입,미니,Cooper,172
2024-07,수입,BMW,i4,170
2024-07,수입,토요타,Prius,167
2024-07,수입,랜드로버,Range Rover,166
2024-07,수입,볼보,XC90,163
2024-07,수입,볼보,S90,162
2024-07,국산,기아,EV9,161
2024-07,수입,렉서스,RX,159
2024-07,수입,미니,Countryman,156
2024-07,국산,기아,니로 EV,150
2024-07,수입,토요타,Camry,150
2024-07,국산,현대,아이오닉 5 N,149
2024-07,수입,아우디,Q8,140
2024-07,수입,미니,Convertible,137
2024-07,수입,폭스바겐,Tiguan,137
2024-07,수입,혼다,CR-V,133
2024-07,국산,현대,쏠라티,130
2024-07,수입,BMW,X1,130
2024-07,수입,BMW,4 Series,119
2024-07,수입,링컨,Nautilus,119
2024-07,국산,기아,버스 (기아),113
2024-07,국산,KGM,코란도,106
2024-07,국산,쉐보레,트래버스,106
2024-07,수입,BMW,i5,105
2024-07,수입,BMW,iX1,105
2024-07,국산,현대,아반떼 N,102
2024-07,수입,토요타,Alphard,99
2024-07,수입,미니,Hatch,97
2024-07,수입,지프,Grand Cherokee,97
2024-07,국산,현대,카운티,95
2024-07,수입,랜드로버,Defender,91
2024-07,수입,벤츠,GLS-Class,91
2024-07,수입,벤츠,EQA,90
2024-07,수입,벤츠,G-Class,90
2024-07,수입,폭스바겐,Golf,90
2024-07,수입,혼다,Accord,90
2024-07,국산,KGM,티볼리 에어,87
2024-07,수입,볼보,S60,87
2024-07,수입,BMW,i7,86
2024-07,수입,볼보,V60 Cross Country,86
2024-07,수입,랜드로버,Range Rover Sport,78
2024-07,수입,토요타,Crown,77
2024-07,수입,BMW,2 Series,74
2024-07,수입,BMW,X3,73
2024-07,수입,벤츠,A-Class,73
2024-07,수입,지프,Wrangler,73
2024-07,수입,포드,Bronco,72
2024-07,수입,벤츠,GLA-Class,70
2024-07,국산,쉐보레,콜로라도,65
2024-07,국산,제네시스,GV60,64
2024-07,수입,벤츠,EQB,64
2024-07,수입,포드,Mustang,64
2024-07,수입,벤츠,EQE,63
2024-07,수입,벤츠,GLB-Class,57
2024-07,수입,벤츠,Maybach S-Class,55
2024-07,수입,BMW,2 Series Active Tourer,53
2024-07,수입,BMW,iX,53
2024-07,수입,BMW,8 Series,51
2024-07,수입,벤츠,CLA-Class,45
2024-07,수입,토요타,GR 86,45
2024-07,수입,폭스바겐,Arteon,45
2024-07,수입,지프,Gladiator,43
2024-07,수입,토요타,Highlander,42
2024-07,수입,랜드로버,Range Rover Velar,40
2024-07,수입,볼보,C40 Recharge,40
2024-07,수입,폴스타,Polestar 2,39
2024-07,수입,푸조,408,39
2024-07,수입,벤츠,AMG GT,38
2024-07,국산,제네시스,Electrified GV70,36
2024-07,수입,BMW,Z4,35
2024-07,국산,제네시스,Electrified G80,33
2024-07,수입,GMC,Sierra,32
2024-07,국산,르노코리아,SM6,31
2024-07,수입,BMW,M2,31
2024-07,수입,푸조,e-2008,31
2024-07,수입,캐딜락,Escalade,28
2024-07,수입,토요타,Sienna,27
2024-07,수입,포르쉐,718 Boxster,27
2024-07,수입,람보르기니,Urus S,25
2024-07,수입,벤츠,EQS SUV,25
2024-07,수입,아우디,A3,24
2024-07,수입,벤츠,Maybach GLS,22
2024-07,수입,아우디,Q5,22
2024-07,수입,링컨,Aviator,21
2024-07,수입,마세라티,Grecale,21
2024-07,수입,아우디,Q3,21
2024-07,국산,르노코리아,마스터,20
2024-07,수입,캐딜락,Lyriq,20
2024-07,수입,BMW,X2,19
2024-07,수입,아우디,A7,19
2024-07,수입,랜드로버,Discovery,18
2024-07,국산,쉐보레,타호,16
2024-07,수입,렉서스,LM,16
2024-07,수입,벤틀리,Bentayga,16
2024-07,수입,아우디,e-tron,16
2024-07,수입,캐딜락,New XT4,16
2024-07,국산,현대,카운티 일렉트릭,15
2024-07,수입,BMW,M3,15
2024-07,수입,람보르기니,Urus,15
2024-07,수입,볼보,V90 Cross Country,15
2024-07,국산,기아,니로 플러스,14
2024-07,국산,쉐보레,볼트 EUV,14
2024-07,수입,포드,Ranger,14
2024-07,수입,람보르기니,Huracan EVO,13
2024-07,수입,벤츠,EQE SUV,13
2024-07,수입,벤츠,EQS,13
2024-07,수입,BMW,M4,12
2024-07,수입,미니,Clubman,12
2024-07,수입,아우디,Q7,12
2024-07,수입,푸조,5008,12
2024-07,수입,지프,Renegade,11
2024-07,수입,혼다,Pilot,11
2024-07,수입,렉서스,LS,10
2024-07,수입,벤츠,SL-Class,10
2024-07,수입,벤틀리,Flying Spur,10
2024-07,수입,롤스로이스,Ghost,9
2024-07,수입,벤틀리,Continental GT,9
2024-07,수입,아우디,A5,9
2024-07,수입,랜드로버,Range Rover Evoque,8
2024-07,수입,랜드로버,Discovery Sport,7
2024-07,수입,아우디,Q2,7
2024-07,수입,캐딜락,XT6,7
2024-07,수입,푸조,e-208,7
2024-07,국산,KGM,코란도 EV,6
2024-07,국산,쉐보레,볼트 EV,6
2024-07,수입,BMW,X6 M,6
2024-07,수입,포르쉐,Macan,6
2024-07,수입,포르쉐,Taycan,6
2024-07,수입,폭스바겐,Touareg,6
2024-07,수입,BMW,X5 M,5
2024-07,수입,볼보,XC40 Recharge,5
2024-07,수입,아우디,A4,5
2024-07,수입,렉서스,UX,4
2024-07,수입,롤스로이스,Spectre,4
2024-07,수입,링컨,Navigator,4
2024-07,수입,포드,Expedition,4
2024-07,수입,토요타,GR SUPRA,3
2024-07,수입,푸조,3008,3
2024-07,수입,BMW,X4 M,2
2024-07,수입,벤츠,CLS-Class,2
2024-07,수입,아우디,A8,2
2024-07,수입,캐딜락,CT5,2
2024-07,수입,포르쉐,718 Cayman,2
2024-07,국산,쉐보레,말리부,1
2024-07,수입,BMW,X3 M,1
2024-07,수입,렉서스,LC,1
2024-07,수입,롤스로이스,Cullinan,1
2024-07,수입,롤스로이스,Phantom Series II,1
2024-07,수입,벤츠,EQC,1
2024-07,수입,테슬라,Model S,1
2024-07,수입,테슬라,Model X,1
2024-07,수입,혼다,Odyssey,1
2024-08,국산,현대,쏘나타 디 엣지,6317
2024-08,국산,현대,그랜저,6187
2024-08,국산,기아,스포티지,5988
2024-08,국산,현대,싼타페,5715
2024-08,국산,기아,셀토스,5551
2024-08,국산,기아,카니발,5534
2024-08,국산,기아,EV3,4002
2024-08,국산,현대,투싼,3965
2024-08,국산,현대,포터2,3962
2024-08,국산,현대,아반떼,3885
2024-08,국산,제네시스,GV70,3835
2024-08,국산,현대,캐스퍼,3592
2024-08,국산,기아,쏘렌토,3502
2024-08,국산,제네시스,G80,3485
2024-08,국산,현대,스타리아,2951
2024-08,국산,기아,레이,2787
2024-08,국산,기아,봉고 3,2782
2024-08,국산,기아,K8,2711
2024-08,국산,기아,K5,2690
2024-08,수입,벤츠,E-Class,2237
2024-08,국산,제네시스,GV80,2161
2024-08,국산,현대,코나,1872
2024-08,국산,현대,팰리세이드,1529
2024-08,국산,현대,버스/트럭 (현대),1523
2024-08,국산,현대,캐스퍼 일렉트릭,1439
2024-08,수입,테슬라,Model Y,1215
2024-08,국산,현대,포터2 일렉트릭,1208
2024-08,국산,쉐보레,트랙스 크로스오버,1145
2024-08,국산,현대,아이오닉 5,1127
2024-08,수입,BMW,5 Series,1118
2024-08,국산,기아,니로,1048
2024-08,국산,기아,레이 EV,923
2024-08,수입,테슬라,Model 3,921
2024-08,국산,KGM,토레스,915
2024-08,수입,폭스바겐,ID.4,911
2024-08,국산,기아,모닝,910
2024-08,수입,벤츠,GLC-Class,810
2024-08,국산,KGM,액티언,780
2024-08,수입,BMW,6 Series,674
2024-08,국산,르노코리아,QM6,672
2024-08,수입,BMW,X3,639
2024-08,수입,BMW,3 Series,618
2024-08,국산,현대,마이티,607
2024-08,국산,기아,EV6,599
2024-08,국산,기아,K3,588
2024-08,수입,렉서스,ES,582
2024-08,국산,르노코리아,아르카나,579
2024-08,국산,KGM,렉스턴 스포츠,533
2024-08,국산,제네시스,G90,532
2024-08,수입,볼보,XC60,517
2024-08,국산,KGM,렉스턴 스포츠 칸,516
2024-08,국산,KGM,티볼리,488
2024-08,수입,벤츠,CLE,470
2024-08,수입,벤츠,GLE-Class,443
2024-08,국산,현대,아이오닉 6,405
2024-08,수입,BMW,X5,399
2024-08,수입,렉서스,NX,390
2024-08,국산,기아,봉고 3 EV,382
2024-08,국산,KGM,토레스 EVX,377
2024-08,국산,현대,넥쏘,347
2024-08,수입,벤츠,S-Class,328
2024-08,수입,BMW,X4,317
2024-08,수입,아우디,Q4 e-tron,313
2024-08,국산,현대,베뉴,299
2024-08,수입,BMW,7 Series,292
2024-08,국산,쉐보레,트레일블레이저,264
2024-08,수입,BMW,X7,264
2024-08,국산,현대,코나 일렉트릭,263
2024-08,수입,토요타,RAV4,263
2024-08,수입,포르쉐,911,235
2024-08,국산,제네시스,G70,230
2024-08,수입,포드,Explorer,223
2024-08,수입,포르쉐,Panamera,220
2024-08,수입,BMW,X6,215
2024-08,수입,BMW,4 Series,214
2024-08,국산,기아,모하비,204
2024-08,수입,볼보,XC40,204
2024-08,수입,벤츠,C-Class,199
2024-08,수입,포르쉐,Cayenne,190
2024-08,수입,아우디,A6,187
2024-08,국산,현대,ST1,183
2024-08,수입,폭스바겐,Jetta,180
2024-08,국산,기아,K9,177
2024-08,수입,BMW,1 Series,167
2024-08,국산,KGM,렉스턴 뉴 아레나,166
2024-08,수입,토요타,Camry,165
2024-08,수입,랜드로버,Range Rover,159
2024-08,수입,BMW,i4,154
2024-08,수입,볼보,S90,153
2024-08,수입,렉서스,UX,151
2024-08,수입,미니,Countryman,150
2024-08,수입,폭스바겐,Tiguan,149
2024-08,수입,볼보,S60,147
2024-08,수입,아우디,Q2,146
2024-08,수입,아우디,Q8,142
2024-08,수입,폭스바겐,Golf,142
2024-08,수입,렉서스,RX,139
2024-08,수입,미니,Cooper,136
2024-08,수입,링컨,Nautilus,135
2024-08,수입,볼보,XC90,133
2024-08,수입,혼다,CR-V,132
2024-08,수입,혼다,Accord,126
2024-08,국산,현대,쏠라티,125
2024-08,수입,토요타,Sienna,123
2024-08,수입,지프,Wrangler,122
2024-08,수입,BMW,iX3,120
2024-08,수입,벤츠,A-Class,119
2024-08,수입,랜드로버,Defender,113
2024-08,국산,기아,버스 (기아),110
2024-08,수입,벤츠,GLS-Class,110
2024-08,수입,포드,Bronco,110
2024-08,국산,현대,카운티,101
2024-08,수입,토요타,Prius,97
2024-08,국산,현대,아이오닉 5 N,95
2024-08,수입,BMW,X1,95
2024-08,수입,토요타,Crown,95
2024-08,수입,BMW,XM,93
2024-08,국산,기아,EV9,92
2024-08,수입,BMW,2 Series,90
2024-08,수입,미니,Convertible,90
2024-08,수입,벤츠,CLA-Class,88
2024-08,국산,KGM,티볼리 에어,85
2024-08,국산,쉐보레,콜로라도,85
2024-08,국산,쉐보레,트래버스,84
2024-08,국산,KGM,코란도,82
2024-08,수입,렉서스,LM,80
2024-08,수입,벤츠,GLB-Class,79
2024-08,수입,BMW,8 Series,74
2024-08,수입,토요타,Alphard,74
2024-08,수입,벤츠,G-Class,69
2024-08,수입,볼보,V60 Cross Country,69
2024-08,수입,랜드로버,Range Rover Sport,63
2024-08,수입,포르쉐,Taycan,63
2024-08,수입,벤츠,Maybach S-Class,62
2024-08,국산,기아,니로 EV,61
2024-08,수입,BMW,2 Series Active Tourer,59
2024-08,수입,아우디,Q7,56
2024-08,수입,토요타,Highlander,56
2024-08,수입,아우디,A3,55
2024-08,국산,현대,아반떼 N,54
2024-08,수입,테슬라,Model X,52
2024-08,수입,BMW,iX1,48
2024-08,수입,벤츠,Maybach GLS,48
2024-08,수입,벤츠,AMG GT,47
2024-08,국산,르노코리아,그랑 콜레오스,45
2024-08,국산,제네시스,Electrified GV70,44
2024-08,국산,기아,니로 플러스,43
2024-08,수입,벤츠,EQA,43
2024-08,수입,벤츠,EQE,39
2024-08,수입,폭스바겐,Touareg,39
2024-08,수입,벤츠,GLA-Class,37
2024-08,국산,르노코리아,SM6,34
2024-08,수입,BMW,i5,34
2024-08,수입,포드,Mustang,34
2024-08,국산,제네시스,GV60,33
2024-08,수입,아우디,Q5,33
2024-08,수입,캐딜락,Lyriq,33
2024-08,수입,BMW,iX,31
2024-08,수입,BMW,Z4,30
2024-08,수입,랜드로버,Range Rover Velar,29
2024-08,수입,벤츠,EQS,28
2024-08,수입,포르쉐,718 Boxster,28
2024-08,수입,BMW,M4,27
2024-08,수입,GMC,Sierra,27
2024-08,수입,람보르기니,Urus S,25
2024-08,수입,지프,Gladiator,25
2024-08,수입,토요타,GR 86,25
2024-08,수입,BMW,M3,24
2024-08,수입,아우디,Q3,24
2024-08,수입,폭스바겐,Arteon,24
2024-08,수입,푸조,408,24
2024-08,수입,랜드로버,Range Rover Evoque,23
2024-08,수입,BMW,M2,22
2024-08,수입,벤츠,EQB,22
2024-08,수입,지프,Renegade,22
2024-08,수입,포드,Ranger,22
2024-08,국산,르노코리아,마스터,20
2024-08,수입,테슬라,Model S,20
2024-08,수입,BMW,i7,19
2024-08,수입,BMW,X2,17
2024-08,수입,벤틀리,Bentayga,15
2024-08,수입,아우디,A7,15
2024-08,수입,혼다,Pilot,14
2024-08,국산,현대,카운티 일렉트릭,13
2024-08,수입,렉서스,LS,13
2024-08,수입,벤틀리,Continental GT,13
2024-08,수입,아우디,A4,13
2024-08,수입,벤틀리,Flying Spur,12
2024-08,수입,볼보,V90 Cross Country,12
2024-08,수입,람보르기니,Urus,11
2024-08,수입,캐딜락,Escalade,11
2024-08,수입,푸조,e-2008,11
2024-08,수입,마세라티,Grecale,10
2024-08,국산,쉐보레,타호,9
2024-08,수입,아우디,e-tron,9
2024-08,수입,BMW,X5 M,8
2024-08,수입,아우디,A8,8
2024-08,수입,캐딜락,New XT4,8
2024-08,수입,BMW,X6 M,7
2024-08,수입,벤츠,SL-Class,7
2024-08,수입,포르쉐,718 Cayman,7
2024-08,수입,푸조,3008,7
2024-08,수입,BMW,X4 M,6
2024-08,수입,랜드로버,Discovery Sport,6
2024-08,수입,볼보,C40 Recharge,6
2024-08,수입,아우디,A5,6
2024-08,수입,지프,Grand Cherokee,6
2024-08,수입,캐딜락,XT6,6
2024-08,수입,BMW,X3 M,5
2024-08,수입,폴스타,Polestar 2,5
2024-08,수입,랜드로버,Discovery,4
2024-08,수입,롤스로이스,Phantom Series II,4
2024-08,수입,롤스로이스,Spectre,4
2024-08,수입,볼보,XC40 Recharge,4
2024-08,수입,포르쉐,Macan,4
2024-08,수입,푸조,5008,4
2024-08,국산,제네시스,Electrified G80,3
2024-08,수입,롤스로이스,Ghost,3
2024-08,수입,링컨,Navigator,3
2024-08,수입,미니,Clubman,3
2024-08,수입,지프,Avenger,3
2024-08,수입,캐딜락,CT5,3
2024-08,수입,포드,Expedition,3
2024-08,수입,푸조,e-208,3
2024-08,수입,람보르기니,Huracan EVO,2
2024-08,수입,롤스로이스,Cullinan,2
2024-08,수입,아우디,e-tron GT,2
2024-08,수입,토요타,GR SUPRA,2
2024-08,국산,KGM,코란도 EV,1
2024-08,수입,마세라티,Ghibli,1
2024-08,수입,벤츠,Maybach EQS SUV,1
2024-08,수입,아우디,Q8 e-tron,1
2024-09,국산,기아,쏘렌토,6628
2024-09,국산,현대,그랜저,6120
2024-09,국산,현대,싼타페,5314
2024-09,수입,벤츠,E-Class,4941
2024-09,국산,기아,카니발,4900
2024-09,국산,현대,쏘나타 디 엣지,4890
2024-09,국산,기아,K8,4724
2024-09,국산,현대,투싼,4553
2024-09,국산,기아,스포티지,4541
2024-09,국산,기아,셀토스,4433
2024-09,국산,르노코리아,그랑 콜레오스,3900
2024-09,국산,제네시스,G80,3892
2024-09,국산,현대,아반떼,3686
2024-09,국산,현대,포터2,3517
2024-09,국산,제네시스,GV70,3324
2024-09,국산,현대,스타리아,3194
2024-09,국산,제네시스,GV80,2610
2024-09,국산,기아,레이,2589
2024-09,국산,기아,K5,2277
2024-09,국산,기아,봉고 3,2272
2024-09,국산,현대,캐스퍼 일렉트릭,2075
2024-09,국산,현대,코나,2029
2024-09,국산,기아,EV3,2022
2024-09,수입,BMW,5 Series,1998
2024-09,국산,현대,캐스퍼,1927
2024-09,국산,현대,팰리세이드,1704
2024-09,국산,KGM,액티언,1686
2024-09,국산,쉐보레,트랙스 크로스오버,1444
2024-09,국산,현대,버스/트럭 (현대),1358
2024-09,국산,현대,아이오닉 5,1084
2024-09,수입,벤츠,GLC-Class,994
2024-09,국산,기아,모닝,968
2024-09,국산,현대,포터2 일렉트릭,940
2024-09,국산,기아,니로,866
2024-09,수입,테슬라,Model Y,793
2024-09,국산,기아,레이 EV,774
2024-09,국산,KGM,렉스턴 스포츠,758
2024-09,수입,BMW,X3,640
2024-09,국산,KGM,토레스,632
2024-09,국산,현대,코나 일렉트릭,632
2024-09,수입,BMW,3 Series,622
2024-09,수입,렉서스,ES,603
2024-09,수입,벤츠,S-Class,590
2024-09,국산,르노코리아,아르카나,579
2024-09,국산,현대,마이티,560
2024-09,국산,제네시스,G90,551
2024-09,수입,테슬라,Model 3,534
2024-09,수입,볼보,XC60,528
2024-09,수입,BMW,X5,501
2024-09,수입,벤츠,GLE-Class,493
2024-09,국산,르노코리아,QM6,468
2024-09,국산,KGM,렉스턴 스포츠 칸,467
2024-09,국산,KGM,티볼리,451
2024-09,국산,기아,봉고 3 EV,443
2024-09,수입,렉서스,NX,433
2024-09,수입,BMW,6 Series,421
2024-09,수입,BMW,7 Series,417
2024-09,국산,현대,베뉴,411
2024-09,수입,BMW,X7,408
2024-09,국산,현대,아이오닉 6,368
2024-09,수입,BMW,X6,366
2024-09,수입,BMW,X4,354
2024-09,수입,아우디,Q4 e-tron,338
2024-09,국산,기아,EV6,324
2024-09,국산,쉐보레,트레일블레이저,324
2024-09,수입,볼보,XC40,292
2024-09,국산,KGM,토레스 EVX,287
2024-09,수입,포르쉐,Cayenne,280
2024-09,국산,현대,넥쏘,268
2024-09,수입,폭스바겐,ID.4,267
2024-09,수입,벤츠,CLE,248
2024-09,수입,토요타,RAV4,238
2024-09,수입,미니,Countryman,233
2024-09,국산,제네시스,G70,202
2024-09,수입,BMW,X1,195
2024-09,수입,랜드로버,Range Rover,190
2024-09,수입,벤츠,GLS-Class,186
2024-09,수입,BMW,4 Series,181
2024-09,수입,폭스바겐,Tiguan,176
2024-09,수입,미니,Cooper,173
2024-09,수입,포르쉐,Taycan,166
2024-09,국산,기아,K9,163
2024-09,국산,현대,쏠라티,163
2024-09,수입,아우디,Q8,157
2024-09,수입,벤츠,A-Class,154
2024-09,수입,벤츠,G-Class,154
2024-09,수입,폭스바겐,Jetta,153
2024-09,수입,렉서스,RX,150
2024-09,수입,BMW,i4,138
2024-09,국산,KGM,렉스턴 뉴 아레나,137
2024-09,수입,볼보,V60 Cross Country,135
2024-09,수입,토요타,Camry,133
2024-09,수입,포르쉐,Panamera,133
2024-09,수입,포르쉐,911,126
2024-09,수입,지프,Wrangler,125
2024-09,수입,폭스바겐,Golf,124
2024-09,수입,포드,Explorer,123
2024-09,국산,기아,EV9,122
2024-09,수입,벤츠,C-Class,122
2024-09,국산,기아,모하비,118
2024-09,국산,현대,카운티,115
2024-09,수입,BMW,iX3,115
2024-09,수입,아우디,A6,114
2024-09,수입,혼다,CR-V,113
2024-09,수입,랜드로버,Defender,109
2024-09,수입,볼보,S60,108
2024-09,수입,벤츠,GLB-Class,106
2024-09,수입,링컨,Nautilus,104
2024-09,국산,현대,ST1,102
2024-09,수입,렉서스,UX,102
2024-09,수입,볼보,S90,101
2024-09,수입,BMW,1 Series,100
2024-09,수입,볼보,XC90,98
2024-09,수입,아우디,Q2,98
2024-09,수입,포드,Ranger,97
2024-09,수입,토요타,Crown,95
2024-09,국산,기아,버스 (기아),94
2024-09,수입,벤츠,Maybach S-Class,91
2024-09,국산,현대,아이오닉 5 N,88
2024-09,수입,혼다,Accord,87
2024-09,수입,링컨,Aviator,85
2024-09,국산,쉐보레,트래버스,84
2024-09,수입,토요타,Sienna,84
2024-09,수입,토요타,Alphard,82
2024-09,수입,아우디,A3,78
2024-09,수입,BMW,2 Series,74
2024-09,수입,토요타,Prius,72
2024-09,수입,BMW,XM,71
2024-09,수입,BMW,i5,71
2024-09,수입,벤츠,CLA-Class,69
2024-09,국산,쉐보레,콜로라도,68
2024-09,국산,KGM,티볼리 에어,64
2024-09,국산,현대,아반떼 N,61
2024-09,수입,아우디,Q7,61
2024-09,수입,BMW,X2,58
2024-09,수입,BMW,iX1,56
2024-09,수입,BMW,8 Series,55
2024-09,수입,랜드로버,Range Rover Sport,53
2024-09,수입,벤츠,EQE,51
2024-09,국산,KGM,코란도,50
2024-09,수입,BMW,2 Series Active Tourer,48
2024-09,수입,벤츠,Maybach GLS,46
2024-09,수입,토요타,Highlander,46
2024-09,수입,포드,Mustang,43
2024-09,수입,아우디,Q3,41
2024-09,수입,BMW,i7,40
2024-09,수입,벤츠,GLA-Class,39
2024-09,수입,벤츠,AMG GT,38
2024-09,수입,랜드로버,Range Rover Evoque,37
2024-09,수입,벤츠,EQB,35
2024-09,국산,제네시스,GV60,34
2024-09,수입,BMW,iX,34
2024-09,국산,르노코리아,SM6,33
2024-09,수입,아우디,A8,33
2024-09,수입,랜드로버,Range Rover Velar,32
2024-09,국산,르노코리아,마스터,30
2024-09,수입,BMW,M4,30
2024-09,수입,토요타,GR 86,28
2024-09,수입,BMW,Z4,26
2024-09,수입,GMC,Sierra,26
2024-09,수입,람보르기니,Urus S,24
2024-09,수입,지프,Renegade,24
2024-09,수입,혼다,Pilot,23
2024-09,수입,아우디,A5,21
2024-09,수입,캐딜락,Escalade,21
2024-09,수입,포드,Bronco,21
2024-09,수입,폭스바겐,Arteon,21
2024-09,국산,제네시스,Electrified GV70,19
2024-09,수입,랜드로버,Discovery Sport,19
2024-09,수입,미니,Convertible,19
2024-09,수입,폭스바겐,Touareg,19
2024-09,수입,BMW,M2,17
2024-09,수입,벤틀리,Bentayga,17
2024-09,수입,아우디,A7,17
2024-09,수입,아우디,Q5,17
2024-09,수입,지프,Gladiator,17
2024-09,수입,캐딜락,Lyriq,17
2024-09,수입,테슬라,Model X,17
2024-09,수입,렉서스,LM,16
2024-09,수입,마세라티,Grecale,16
2024-09,수입,지프,Avenger,16
2024-09,수입,푸조,408,16
2024-09,수입,BMW,X6 M,15
2024-09,수입,벤틀리,Continental GT,13
2024-09,수입,캐딜락,New XT4,13
2024-09,수입,벤틀리,Flying Spur,12
2024-09,수입,지프,Grand Cherokee,12
2024-09,수입,포르쉐,718 Boxster,11
2024-09,수입,BMW,X5 M,10
2024-09,수입,람보르기니,Urus,10
2024-09,수입,아우디,A4,10
2024-09,수입,푸조,e-2008,9
2024-09,국산,현대,카운티 일렉트릭,8
2024-09,수입,BMW,M3,8
2024-09,수입,렉서스,LS,8
2024-09,수입,BMW,X4 M,7
2024-09,수입,벤츠,Maybach EQS SUV,7
2024-09,수입,볼보,C40 Recharge,7
2024-09,수입,볼보,V90 Cross Country,7
2024-09,국산,쉐보레,타호,6
2024-09,국산,제네시스,Electrified G80,6
2024-09,수입,BMW,X3 M,6
2024-09,수입,랜드로버,Discovery,6
2024-09,수입,벤츠,EQA,6
2024-09,수입,벤츠,SL-Class,6
2024-09,수입,볼보,XC40 Recharge,6
2024-09,수입,아우디,e-tron,6
2024-09,수입,푸조,5008,6
2024-09,수입,롤스로이스,Ghost,5
2024-09,수입,테슬라,Model S,5
2024-09,수입,포르쉐,718 Cayman,5
2024-09,수입,푸조,3008,5
2024-09,국산,기아,K3,4
2024-09,국산,기아,니로 EV,4
2024-09,수입,링컨,Navigator,4
2024-09,수입,벤츠,EQE SUV,4
2024-09,수입,폴스타,Polestar 2,4
2024-09,수입,푸조,e-208,4
2024-09,국산,KGM,코란도 EV,3
2024-09,국산,기아,니로 플러스,3
2024-09,수입,람보르기니,Huracan EVO,3
2024-09,수입,롤스로이스,Cullinan,3
2024-09,수입,롤스로이스,Phantom Series II,3
2024-09,수입,아우디,e-tron GT,3
2024-09,수입,캐딜락,XT6,3
2024-09,수입,미니,Clubman,2
2024-09,수입,벤츠,EQS SUV,2
2024-09,국산,쉐보레,볼트 EV,1
2024-09,수입,롤스로이스,Spectre,1
2024-09,수입,미니,Hatch,1
2024-09,수입,아우디,Q8 e-tron,1
2024-09,수입,포드,Expedition,1
2024-10,국산,기아,쏘렌토,7962
2024-10,국산,현대,그랜저,7433
2024-10,국산,현대,싼타페,7294
2024-10,국산,기아,셀토스,6822
2024-10,국산,현대,투싼,6365
2024-10,국산,현대,아반떼,5928
2024-10,국산,기아,카니발,5645
2024-10,국산,기아,스포티지,5531
2024-10,국산,현대,포터2,5509
2024-10,국산,르노코리아,그랑 콜레오스,5385
2024-10,국산,현대,쏘나타 디 엣지,5047
2024-10,국산,기아,K8,4977
2024-10,국산,제네시스,GV70,3921
2024-10,국산,제네시스,G80,3822
2024-10,국산,현대,스타리아,3747
2024-10,국산,기아,레이,3036
2024-10,국산,기아,K5,3030
2024-10,국산,기아,봉고 3,2954
2024-10,수입,벤츠,E-Class,2545
2024-10,국산,현대,캐스퍼 일렉트릭,2186
2024-10,국산,현대,코나,2140
2024-10,국산,기아,EV3,2107
2024-10,수입,BMW,5 Series,2073
2024-10,국산,제네시스,GV80,2028
2024-10,국산,현대,버스/트럭 (현대),1626
2024-10,국산,현대,팰리세이드,1517
2024-10,국산,쉐보레,트랙스 크로스오버,1516
2024-10,국산,KGM,액티언,1482
2024-10,국산,기아,모닝,1464
2024-10,국산,현대,캐스퍼,1434
2024-10,국산,현대,아이오닉 5,983
2024-10,수입,테슬라,Model Y,951
2024-10,국산,기아,니로,941
2024-10,국산,현대,아이오닉 6,866
2024-10,수입,벤츠,GLC-Class,771
2024-10,국산,KGM,토레스,724
2024-10,국산,KGM,렉스턴 스포츠,691
2024-10,수입,렉서스,ES,673
2024-10,국산,기아,봉고 3 EV,614
2024-10,국산,KGM,티볼리,590
2024-10,국산,르노코리아,QM6,582
2024-10,국산,기아,EV6,557
2024-10,국산,제네시스,G90,550
2024-10,수입,볼보,XC60,531
2024-10,국산,현대,마이티,502
2024-10,수입,벤츠,S-Class,489
2024-10,수입,BMW,3 Series,458
2024-10,국산,현대,베뉴,439
2024-10,국산,KGM,렉스턴 스포츠 칸,409
2024-10,수입,BMW,X5,392
2024-10,수입,렉서스,NX,359
2024-10,수입,미니,Cooper,355
2024-10,수입,BMW,X7,349
2024-10,수입,포르쉐,Cayenne,349
2024-10,국산,KGM,토레스 EVX,347
2024-10,국산,르노코리아,아르카나,346
2024-10,수입,벤츠,GLE-Class,344
2024-10,수입,BMW,X6,338
2024-10,수입,BMW,X4,336
2024-10,수입,벤츠,EQA,327
2024-10,수입,벤츠,EQB,325
2024-10,수입,벤츠,G-Class,312
2024-10,국산,쉐보레,트레일블레이저,306
2024-10,수입,테슬라,Model 3,302
2024-10,수입,폭스바겐,Jetta,297
2024-10,국산,현대,포터2 일렉트릭,273
2024-10,수입,BMW,6 Series,273
2024-10,수입,BMW,X3,271
2024-10,수입,아우디,Q4 e-tron,263
2024-10,수입,아우디,Q5,255
2024-10,수입,토요타,RAV4,248
2024-10,국산,기아,레이 EV,242
2024-10,수입,폭스바겐,Tiguan,242
2024-10,수입,벤츠,C-Class,199
2024-10,국산,현대,코나 일렉트릭,189
2024-10,국산,현대,쏠라티,187
2024-10,수입,볼보,XC40,185
2024-10,국산,현대,넥쏘,184
2024-10,수입,BMW,7 Series,182
2024-10,수입,벤츠,CLE,180
2024-10,수입,벤츠,EQE,180
2024-10,수입,BMW,4 Series,179
2024-10,수입,미니,Countryman,170
2024-10,수입,폭스바겐,Golf,170
2024-10,수입,BMW,i4,168
2024-10,국산,기아,EV9,159
2024-10,국산,현대,카운티,154
2024-10,수입,BMW,1 Series,150
2024-10,수입,벤츠,A-Class,143
2024-10,수입,BMW,X1,137
2024-10,수입,BMW,iX3,137
2024-10,수입,지프,Wrangler,137
2024-10,국산,제네시스,G70,134
2024-10,수입,벤츠,GLS-Class,133
2024-10,국산,KGM,렉스턴 뉴 아레나,132
2024-10,국산,제네시스,Electrified G80,129
2024-10,국산,기아,K9,127
2024-10,국산,기아,버스 (기아),124
2024-10,수입,포르쉐,Taycan,123
2024-10,수입,랜드로버,Range Rover,120
2024-10,수입,렉서스,UX,119
2024-10,수입,BMW,2 Series Active Tourer,118
2024-10,수입,볼보,S90,116
2024-10,수입,볼보,XC90,113
2024-10,수입,포르쉐,Panamera,109
2024-10,수입,토요타,Camry,107
2024-10,수입,링컨,Nautilus,106
2024-10,국산,기아,모하비,98
2024-10,수입,토요타,Crown,95
2024-10,수입,벤츠,GLB-Class,93
2024-10,수입,벤츠,Maybach S-Class,92
2024-10,수입,토요타,Alphard,92
2024-10,수입,렉서스,RX,91
2024-10,국산,현대,ST1,88
2024-10,수입,포르쉐,911,88
2024-10,수입,토요타,Prius,84
2024-10,국산,쉐보레,트래버스,83
2024-10,수입,볼보,S60,83
2024-10,국산,KGM,코란도,82
2024-10,수입,토요타,Sienna,82
2024-10,국산,현대,아이오닉 5 N,81
2024-10,수입,포드,Ranger,81
2024-10,수입,BMW,XM,80
2024-10,수입,볼보,V60 Cross Country,79
2024-10,수입,아우디,A6,77
2024-10,수입,랜드로버,Range Rover Sport,76
2024-10,수입,아우디,A8,74
2024-10,수입,BMW,8 Series,73
2024-10,수입,벤츠,Maybach EQS SUV,69
2024-10,수입,BMW,2 Series,68
2024-10,수입,벤츠,CLA-Class,66
2024-10,국산,현대,아반떼 N,64
2024-10,수입,랜드로버,Defender,60
2024-10,수입,BMW,i7,59
2024-10,수입,BMW,iX1,56
2024-10,수입,아우디,A3,51
2024-10,수입,혼다,CR-V,51
2024-10,수입,혼다,Accord,50
2024-10,국산,르노코리아,SM6,48
2024-10,수입,아우디,Q8,47
2024-10,수입,링컨,Aviator,45
2024-10,수입,벤츠,Maybach GLS,44
2024-10,수입,아우디,A5,43
2024-10,국산,KGM,티볼리 에어,42
2024-10,국산,제네시스,GV60,42
2024-10,수입,아우디,A4,41
2024-10,수입,BMW,iX,40
2024-10,수입,포드,Bronco,40
2024-10,수입,BMW,X2,39
2024-10,수입,벤츠,AMG GT,37
2024-10,수입,포드,Mustang,37
2024-10,수입,BMW,Z4,36
2024-10,수입,GMC,Sierra,36
2024-10,국산,르노코리아,마스터,34
2024-10,수입,토요타,Highlander,33
2024-10,수입,아우디,A7,30
2024-10,국산,제네시스,Electrified GV70,29
2024-10,수입,벤츠,GLA-Class,29
2024-10,수입,캐딜락,Escalade,29
2024-10,수입,람보르기니,Urus S,28
2024-10,국산,쉐보레,콜로라도,27
2024-10,수입,볼보,V90 Cross Country,27
2024-10,수입,아우디,Q3,27
2024-10,수입,렉서스,LM,26
2024-10,수입,벤츠,EQE SUV,26
2024-10,수입,포르쉐,718 Boxster,26
2024-10,수입,지프,Renegade,25
2024-10,수입,BMW,M2,24
2024-10,수입,폭스바겐,Touareg,23
2024-10,국산,현대,카운티 일렉트릭,21
2024-10,수입,폴스타,Polestar 4,20
2024-10,수입,랜드로버,Range Rover Evoque,19
2024-10,수입,혼다,Pilot,19
2024-10,수입,BMW,i5,18
2024-10,국산,기아,니로 EV,17
2024-10,수입,벤틀리,Continental GT,17
2024-10,수입,람보르기니,Urus,16
2024-10,수입,마세라티,Grecale,16
2024-10,수입,아우디,e-tron GT,16
2024-10,수입,랜드로버,Range Rover Velar,15
2024-10,수입,렉서스,LS,15
2024-10,국산,쉐보레,타호,14
2024-10,수입,BMW,M3,14
2024-10,수입,BMW,M4,14
2024-10,수입,볼보,C40 Recharge,14
2024-10,수입,랜드로버,Discovery Sport,13
2024-10,수입,미니,Convertible,13
2024-10,수입,벤츠,SL-Class,13
2024-10,수입,볼보,XC40 Recharge,13
2024-10,수입,지프,Gladiator,13
2024-10,수입,BMW,X6 M,11
2024-10,수입,토요타,GR 86,11
2024-10,수입,벤틀리,Bentayga,10
2024-10,수입,캐딜락,XT6,10
2024-10,수입,벤틀리,Flying Spur,9
2024-10,수입,아우디,Q7,9
2024-10,수입,폭스바겐,Arteon,9
2024-10,수입,푸조,408,9
2024-10,수입,롤스로이스,Cullinan,8
2024-10,수입,캐딜락,Lyriq,8
2024-10,수입,푸조,3008,8
2024-10,수입,푸조,e-2008,8
2024-10,수입,BMW,X4 M,7
2024-10,수입,BMW,X5 M,7
2024-10,수입,벤츠,EQS,7
2024-10,수입,테슬라,Model X,7
2024-10,수입,푸조,5008,7
2024-10,수입,포드,Explorer,6
2024-10,수입,포르쉐,718 Cayman,6
2024-10,국산,KGM,코란도 EV,5
2024-10,수입,람보르기니,Huracan EVO,5
2024-10,수입,아우디,e-tron,5
2024-10,수입,지프,Grand Cherokee,5
2024-10,수입,캐딜락,New XT4,5
2024-10,수입,BMW,X3 M,4
2024-10,수입,아우디,Q2,4
2024-10,국산,기아,니로 플러스,3
2024-10,수입,롤스로이스,Spectre,3
2024-10,수입,링컨,Navigator,3
2024-10,수입,벤츠,Electric G-Class,3
2024-10,수입,지프,Avenger,3
2024-10,수입,테슬라,Model S,3
2024-10,수입,푸조,e-208,3
2024-10,국산,쉐보레,볼트 EUV,2
2024-10,수입,BMW,M8,2
2024-10,수입,랜드로버,Discovery,2
2024-10,수입,롤스로이스,Ghost,2
2024-10,수입,롤스로이스,Phantom Series II,2
2024-10,수입,토요타,GR SUPRA,2
2024-10,국산,쉐보레,볼트 EV,1
2024-10,수입,아우디,Q8 e-tron,1
2024-10,수입,캐딜락,CT5,1
2024-10,수입,포드,Expedition,1
2024-11,국산,기아,쏘렌토,10434
2024-11,국산,현대,싼타페,7576
2024-11,국산,기아,카니발,7516
2024-11,국산,현대,쏘나타 디 엣지,6658
2024-11,국산,르노코리아,그랑 콜레오스,6582
2024-11,국산,현대,투싼,5583
2024-11,국산,현대,아반떼,5283
2024-11,국산,현대,그랜저,5047
2024-11,국산,기아,셀토스,4887
2024-11,국산,기아,레이,4417
2024-11,국산,기아,K8,4336
2024-11,국산,기아,스포티지,4233
2024-11,국산,현대,스타리아,4094
2024-11,국산,현대,포터2,3414
2024-11,국산,제네시스,G80,3398
2024-11,국산,제네시스,GV80,3362
2024-11,국산,제네시스,GV70,3137
2024-11,수입,테슬라,Model Y,3048
2024-11,국산,기아,K5,2645
2024-11,국산,기아,봉고 3,2335
2024-11,국산,기아,EV3,2284
2024-11,국산,현대,팰리세이드,2282
2024-11,국산,현대,캐스퍼,2014
2024-11,수입,BMW,5 Series,1957
2024-11,수입,벤츠,E-Class,1886
2024-11,국산,현대,코나,1801
2024-11,국산,현대,캐스퍼 일렉트릭,1731
2024-11,국산,현대,버스/트럭 (현대),1478
2024-11,국산,기아,모닝,1467
2024-11,국산,쉐보레,트랙스 크로스오버,1398
2024-11,국산,현대,포터2 일렉트릭,1268
2024-11,국산,현대,아이오닉 5,1158
2024-11,국산,기아,니로,1034
2024-11,국산,기아,봉고 3 EV,925
2024-11,수입,벤츠,GLC-Class,846
2024-11,국산,기아,EV6,770
2024-11,국산,현대,아이오닉 6,734
2024-11,국산,KGM,액티언,693
2024-11,국산,제네시스,G90,683
2024-11,수입,BMW,X5,657
2024-11,국산,KGM,토레스,644
2024-11,국산,KGM,렉스턴 스포츠,616
2024-11,수입,렉서스,ES,609
2024-11,국산,현대,마이티,569
2024-11,수입,BMW,7 Series,541
2024-11,국산,KGM,티볼리,529
2024-11,수입,BMW,X7,511
2024-11,수입,벤츠,G-Class,500
2024-11,수입,테슬라,Model 3,481
2024-11,수입,벤츠,S-Class,462
2024-11,수입,BMW,X4,452
2024-11,국산,현대,베뉴,395
2024-11,수입,렉서스,NX,393
2024-11,수입,볼보,XC60,383
2024-11,수입,미니,Cooper,382
2024-11,수입,BMW,3 Series,354
2024-11,국산,르노코리아,QM6,350
2024-11,수입,폭스바겐,ID.4,341
2024-11,국산,기아,레이 EV,336
2024-11,국산,KGM,토레스 EVX,332
2024-11,수입,BMW,X6,312
2024-11,국산,KGM,렉스턴 스포츠 칸,310
2024-11,국산,르노코리아,아르카나,309
2024-11,국산,쉐보레,트레일블레이저,302
2024-11,수입,폭스바겐,Jetta,292
2024-11,수입,볼보,S90,290
2024-11,수입,포르쉐,Panamera,286
2024-11,수입,아우디,Q5,268
2024-11,수입,볼보,XC40,266
2024-11,수입,토요타,RAV4,246
2024-11,국산,현대,코나 일렉트릭,233
2024-11,수입,미니,Countryman,232
2024-11,수입,폭스바겐,Tiguan,229
2024-11,수입,포르쉐,Cayenne,224
2024-11,수입,벤츠,GLE-Class,217
2024-11,수입,BMW,6 Series,209
2024-11,수입,포드,Explorer,209
2024-11,국산,제네시스,G70,206
2024-11,국산,현대,카운티,198
2024-11,수입,벤츠,CLE,198
2024-11,수입,BMW,iX3,184
2024-11,수입,BMW,X1,182
2024-11,수입,아우디,Q4 e-tron,182
2024-11,수입,BMW,4 Series,179
2024-11,수입,포르쉐,Taycan,175
2024-11,국산,현대,ST1,173
2024-11,국산,현대,아반떼 N,169
2024-11,수입,폭스바겐,Golf,160
2024-11,수입,렉서스,RX,159
2024-11,수입,랜드로버,Range Rover,154
2024-11,수입,벤츠,GLS-Class,148
2024-11,국산,기아,EV9,144
2024-11,수입,BMW,X3,141
2024-11,수입,토요타,Camry,133
2024-11,수입,벤츠,A-Class,130
2024-11,국산,기아,니로 EV,128
2024-11,수입,BMW,1 Series,125
2024-11,국산,기아,버스 (기아),123
2024-11,수입,벤츠,EQE,123
2024-11,수입,아우디,A6,122
2024-11,국산,현대,쏠라티,121
2024-11,수입,토요타,Crown,119
2024-11,수입,BMW,2 Series,113
2024-11,국산,KGM,렉스턴 뉴 아레나,112
2024-11,국산,현대,넥쏘,111
2024-11,수입,벤츠,C-Class,111
2024-11,수입,토요타,Sienna,110
2024-11,수입,볼보,XC90,108
2024-11,수입,벤츠,Maybach S-Class,107
2024-11,수입,토요타,Alphard,106
2024-11,수입,렉서스,LM,103
2024-11,수입,랜드로버,Range Rover Sport,101
2024-11,수입,BMW,iX1,100
2024-11,수입,아우디,A8,100
2024-11,국산,기아,K9,99
2024-11,수입,BMW,2 Series Active Tourer,96
2024-11,수입,렉서스,UX,96
2024-11,국산,현대,아이오닉 5 N,94
2024-11,수입,벤츠,CLA-Class,90
2024-11,국산,제네시스,Electrified G80,89
2024-11,수입,BMW,XM,88
2024-11,수입,랜드로버,Defender,88
2024-11,수입,볼보,S60,84
2024-11,수입,BMW,8 Series,79
2024-11,국산,기아,모하비,78
2024-11,수입,지프,Grand Cherokee,76
2024-11,수입,포드,Ranger,75
2024-11,수입,BMW,iX,74
2024-11,수입,지프,Wrangler,73
2024-11,국산,KGM,코란도,69
2024-11,수입,벤츠,GLB-Class,69
2024-11,수입,토요타,Prius,69
2024-11,수입,볼보,C40 Recharge,67
2024-11,수입,포르쉐,911,66
2024-11,수입,BMW,i7,64
2024-11,수입,링컨,Nautilus,63
2024-11,수입,테슬라,Model X,62
2024-11,수입,볼보,V60 Cross Country,60
2024-11,국산,제네시스,GV60,58
2024-11,수입,BMW,X2,54
2024-11,수입,BMW,i4,54
2024-11,수입,아우디,A4,52
2024-11,수입,포드,Bronco,51
2024-11,수입,폴스타,Polestar 4,50
2024-11,국산,쉐보레,트래버스,45
2024-11,수입,벤츠,Maybach GLS,45
2024-11,수입,폭스바겐,Touareg,45
2024-11,수입,푸조,408,45
2024-11,수입,벤츠,AMG GT,43
2024-11,수입,아우디,Q3,42
2024-11,수입,BMW,i5,41
2024-11,수입,볼보,XC40 Recharge,40
2024-11,국산,르노코리아,SM6,39
2024-11,수입,람보르기니,Urus S,39
2024-11,수입,링컨,Aviator,39
2024-11,수입,아우디,A5,39
2024-11,국산,현대,카운티 일렉트릭,35
2024-11,수입,아우디,e-tron GT,35
2024-11,수입,벤틀리,Bentayga,33
2024-11,수입,벤츠,GLA-Class,32
2024-11,수입,포드,Mustang,32
2024-11,수입,캐딜락,Escalade,29
2024-11,국산,쉐보레,콜로라도,28
2024-11,수입,랜드로버,Range Rover Velar,27
2024-11,수입,아우디,A7,27
2024-11,수입,테슬라,Model S,27
2024-11,수입,벤츠,EQB,26
2024-11,수입,BMW,Z4,24
2024-11,수입,GMC,Sierra,24
2024-11,국산,쉐보레,타호,23
2024-11,수입,혼다,Accord,23
2024-11,국산,르노코리아,마스터,21
2024-11,수입,볼보,V90 Cross Country,21
2024-11,수입,아우디,Q8,21
2024-11,수입,포르쉐,718 Boxster,21
2024-11,수입,람보르기니,Urus,20
2024-11,수입,벤츠,Electric G-Class,19
2024-11,국산,제네시스,Electrified GV70,18
2024-11,수입,지프,Renegade,18
2024-11,수입,혼다,CR-V,18
2024-11,수입,랜드로버,Range Rover Evoque,17
2024-11,수입,랜드로버,Discovery Sport,15
2024-11,수입,랜드로버,Discovery,14
2024-11,수입,아우디,Q7,14
2024-11,수입,BMW,X5 M,13
2024-11,수입,캐딜락,XT6,13
2024-11,수입,혼다,Pilot,13
2024-11,수입,BMW,X4 M,12
2024-11,수입,BMW,M2,11
2024-11,수입,BMW,M3,11
2024-11,수입,BMW,X6 M,11
2024-11,수입,벤츠,EQE SUV,11
2024-11,수입,벤틀리,Continental GT,11
2024-11,수입,푸조,3008,11
2024-11,수입,BMW,M4,10
2024-11,수입,렉서스,LS,10
2024-11,수입,롤스로이스,Cullinan,10
2024-11,수입,벤츠,EQA,10
2024-11,수입,아우디,A3,10
2024-11,수입,폭스바겐,Arteon,10
2024-11,수입,마세라티,Grecale,9
2024-11,수입,토요타,Highlander,9
2024-11,수입,벤츠,Maybach EQS SUV,7
2024-11,수입,토요타,GR 86,7
2024-11,수입,푸조,e-2008,5
2024-11,수입,BMW,M5,4
2024-11,수입,롤스로이스,Ghost,4
2024-11,수입,벤츠,EQS SUV,4
2024-11,수입,캐딜락,Lyriq,4
2024-11,국산,KGM,코란도 EV,3
2024-11,수입,링컨,Navigator,3
2024-11,수입,벤틀리,Flying Spur,3
2024-11,수입,푸조,5008,3
2024-11,수입,BMW,X3 M,2
2024-11,수입,람보르기니,Huracan EVO,2
2024-11,수입,벤츠,SL-Class,2
2024-11,수입,캐딜락,New XT4,2
2024-11,수입,토요타,GR SUPRA,2
2024-11,국산,KGM,티볼리 에어,1
2024-11,국산,기아,니로 플러스,1
2024-11,수입,롤스로이스,Spectre,1
2024-11,수입,마세라티,GranCabrio,1
2024-11,수입,마세라티,MC20 Cielo,1
2024-11,수입,미니,Clubman,1
2024-11,수입,미니,Convertible,1
2024-11,수입,아우디,Q8 e-tron,1
2024-11,수입,아우디,e-tron,1
2024-11,수입,지프,Gladiator,1
2024-11,수입,캐딜락,CT5,1
2024-11,수입,포드,Expedition,1
2024-11,수입,푸조,e-208,1
2024-12,국산,기아,쏘렌토,8828
2024-12,국산,기아,스포티지,8428
2024-12,국산,기아,카니발,7235
2024-12,국산,현대,그랜저,7212
2024-12,국산,현대,쏘나타 디 엣지,6687
2024-12,국산,현대,투싼,6605
2024-12,국산,현대,아반떼,6383
2024-12,국산,현대,싼타페,6249
2024-12,국산,르노코리아,그랑 콜레오스,6122
2024-12,국산,기아,셀토스,5512
2024-12,국산,현대,포터2,5111
2024-12,국산,기아,레이,4046
2024-12,수입,벤츠,E-Class,3916
2024-12,국산,제네시스,G80,3470
2024-12,국산,현대,스타리아,3349
2024-12,국산,기아,모닝,2608
2024-12,국산,제네시스,GV70,2574
2024-12,국산,제네시스,GV80,2559
2024-12,국산,현대,코나,2548
2024-12,국산,기아,봉고 3,2505
2024-12,국산,기아,K8,2354
2024-12,국산,현대,팰리세이드,2142
2024-12,국산,기아,K5,2105
2024-12,수입,BMW,5 Series,1750
2024-12,국산,쉐보레,트랙스 크로스오버,1306
2024-12,국산,현대,캐스퍼,1197
2024-12,국산,현대,버스/트럭 (현대),1191
2024-12,국산,기아,니로,1174
2024-12,수입,테슬라,Model Y,1046
2024-12,수입,벤츠,GLC-Class,1004
2024-12,국산,제네시스,G90,705
2024-12,수입,렉서스,NX,656
2024-12,수입,볼보,XC60,602
2024-12,국산,현대,아이오닉 5,563
2024-12,국산,KGM,렉스턴 스포츠,540
2024-12,수입,BMW,3 Series,532
2024-12,수입,벤츠,G-Class,524
2024-12,국산,KGM,티볼리,517
2024-12,수입,BMW,X5,508
2024-12,수입,BMW,7 Series,490
2024-12,국산,르노코리아,QM6,464
2024-12,국산,기아,EV3,461
2024-12,수입,BMW,X3,460
2024-12,국산,현대,마이티,457
2024-12,국산,KGM,토레스,453
2024-12,국산,현대,캐스퍼 일렉트릭,440
2024-12,수입,BMW,X4,435
2024-12,수입,미니,Cooper,433
2024-12,수입,BMW,X7,425
2024-12,국산,현대,베뉴,415
2024-12,수입,토요타,Camry,390
2024-12,국산,KGM,액티언,386
2024-12,국산,르노코리아,아르카나,382
2024-12,국산,현대,포터2 일렉트릭,327
2024-12,수입,미니,Countryman,327
2024-12,수입,폴스타,Polestar 4,320
2024-12,국산,KGM,렉스턴 스포츠 칸,316
2024-12,국산,쉐보레,트레일블레이저,312
2024-12,수입,BMW,X6,310
2024-12,수입,벤츠,S-Class,293
2024-12,수입,토요타,RAV4,275
2024-12,수입,볼보,S90,271
2024-12,수입,포르쉐,Cayenne,263
2024-12,수입,포르쉐,Taycan,260
2024-12,국산,기아,봉고 3 EV,255
2024-12,국산,기아,K9,240
2024-12,수입,BMW,X1,223
2024-12,수입,아우디,Q5,211
2024-12,수입,볼보,XC40,200
2024-12,수입,포드,Explorer,197
2024-12,국산,현대,카운티,190
2024-12,수입,렉서스,RX,187
2024-12,수입,테슬라,Model 3,183
2024-12,국산,현대,아이오닉 6,181
2024-12,수입,혼다,Accord,178
2024-12,수입,아우디,A6,177
2024-12,수입,포르쉐,Panamera,176
2024-12,국산,기아,레이 EV,173
2024-12,수입,BMW,6 Series,169
2024-12,국산,제네시스,G70,168
2024-12,수입,혼다,CR-V,168
2024-12,수입,랜드로버,Range Rover,161
2024-12,수입,BMW,4 Series,159
2024-12,수입,BMW,2 Series Active Tourer,158
2024-12,수입,벤츠,A-Class,157
2024-12,국산,현대,쏠라티,156
2024-12,국산,기아,EV6,155
2024-12,수입,볼보,XC90,155
2024-12,수입,폭스바겐,ID.4,153
2024-12,수입,토요타,Crown,152
2024-12,수입,벤츠,CLE,147
2024-12,국산,KGM,렉스턴 뉴 아레나,144
2024-12,국산,기아,버스 (기아),132
2024-12,수입,폭스바겐,Golf,132
2024-12,수입,폭스바겐,Tiguan,129
2024-12,수입,벤츠,GLE-Class,128
2024-12,수입,벤츠,GLS-Class,125
2024-12,수입,랜드로버,Defender,122
2024-12,수입,지프,Wrangler,121
2024-12,수입,벤츠,CLA-Class,118
2024-12,국산,쉐보레,트래버스,116
2024-12,수입,BMW,1 Series,114
2024-12,수입,토요타,Alphard,112
2024-12,수입,렉서스,UX,110
2024-12,국산,기아,EV9,109
2024-12,수입,BMW,2 Series,106
2024-12,수입,지프,Renegade,105
2024-12,수입,벤츠,Maybach S-Class,103
2024-12,국산,KGM,토레스 EVX,99
2024-12,수입,BMW,i5,98
2024-12,수입,볼보,S60,98
2024-12,수입,렉서스,ES,89
2024-12,수입,포드,Mustang,88
2024-12,수입,랜드로버,Range Rover Sport,84
2024-12,국산,KGM,코란도,83
2024-12,수입,아우디,A8,81
2024-12,국산,현대,아반떼 N,79
2024-12,수입,BMW,iX3,79
2024-12,수입,폭스바겐,Jetta,79
2024-12,수입,BMW,iX,78
2024-12,국산,르노코리아,SM6,77
2024-12,수입,아우디,Q3,77
2024-12,수입,토요타,Prius,77
2024-12,수입,아우디,Q4 e-tron,76
2024-12,수입,벤츠,GLB-Class,75
2024-12,수입,토요타,Sienna,75
2024-12,수입,링컨,Nautilus,72
2024-12,수입,렉서스,LM,71
2024-12,국산,제네시스,Electrified G80,66
2024-12,수입,BMW,8 Series,65
2024-12,수입,BMW,iX1,64
2024-12,수입,BMW,X2,63
2024-12,수입,볼보,V60 Cross Country,62
2024-12,수입,볼보,V90 Cross Country,60
2024-12,국산,현대,코나 일렉트릭,58
2024-12,수입,랜드로버,Range Rover Velar,52
2024-12,수입,아우디,Q8 e-tron,50
2024-12,국산,현대,ST1,49
2024-12,수입,푸조,408,49
2024-12,국산,현대,넥쏘,48
2024-12,국산,현대,아이오닉 5 N,48
2024-12,수입,포르쉐,911,46
2024-12,수입,아우디,A7,45
2024-12,국산,제네시스,GV60,44
2024-12,수입,벤츠,AMG GT,44
2024-12,수입,BMW,i7,43
2024-12,수입,아우디,e-tron GT,43
2024-12,수입,포드,Bronco,43
2024-12,수입,아우디,A5,41
2024-12,수입,람보르기니,Urus S,40
2024-12,수입,폭스바겐,Touareg,40
2024-12,수입,벤츠,C-Class,39
2024-12,수입,아우디,A4,39
2024-12,수입,포드,Ranger,38
2024-12,수입,BMW,XM,37
2024-12,수입,벤츠,EQE,37
2024-12,국산,르노코리아,마스터,33
2024-12,수입,BMW,M2,33
2024-12,수입,링컨,Aviator,33
2024-12,수입,벤츠,GLA-Class,32
2024-12,수입,벤틀리,Bentayga,32
2024-12,수입,아우디,Q8,32
2024-12,수입,캐딜락,Escalade,31
2024-12,국산,현대,카운티 일렉트릭,28
2024-12,수입,GMC,Sierra,28
2024-12,수입,랜드로버,Discovery Sport,26
2024-12,수입,푸조,5008,26
2024-12,국산,제네시스,Electrified GV70,24
2024-12,수입,랜드로버,Range Rover Evoque,24
2024-12,수입,벤츠,Maybach GLS,24
2024-12,국산,쉐보레,콜로라도,22
2024-12,수입,아우디,Q7,22
2024-12,수입,벤츠,Electric G-Class,20
2024-12,수입,마세라티,Grecale,19
2024-12,수입,벤틀리,Flying Spur,19
2024-12,수입,포르쉐,718 Boxster,19
2024-12,국산,쉐보레,타호,17
2024-12,수입,BMW,Z4,17
2024-12,수입,BMW,i4,17
2024-12,수입,테슬라,Model X,17
2024-12,수입,BMW,M4,16
2024-12,수입,토요타,GR 86,15
2024-12,수입,혼다,Pilot,15
2024-12,수입,BMW,M5,14
2024-12,수입,벤츠,EQA,14
2024-12,수입,벤츠,EQS SUV,13
2024-12,수입,람보르기니,Urus,12
2024-12,수입,벤츠,SL-Class,12
2024-12,수입,아우디,e-tron,12
2024-12,수입,푸조,3008,12
2024-12,국산,기아,니로 EV,11
2024-12,수입,BMW,X6 M,11
2024-12,수입,롤스로이스,Cullinan,11
2024-12,수입,랜드로버,Discovery,10
2024-12,수입,지프,Avenger,10
2024-12,수입,벤틀리,Continental GT,9
2024-12,수입,아우디,A3,9
2024-12,수입,BMW,M3,8
2024-12,수입,BMW,X5 M,8
2024-12,수입,푸조,e-2008,8
2024-12,수입,BMW,X4 M,7
2024-12,수입,렉서스,LS,7
2024-12,수입,지프,Grand Cherokee,7
2024-12,수입,테슬라,Model S,6
2024-12,수입,벤츠,EQB,5
2024-12,수입,폭스바겐,Arteon,5
2024-12,수입,BMW,M8,4
2024-12,수입,링컨,Navigator,4
2024-12,수입,벤츠,EQE SUV,4
2024-12,수입,벤츠,Maybach EQS SUV,4
2024-12,수입,캐딜락,XT6,4
2024-12,수입,토요타,Highlander,4
2024-12,수입,포르쉐,718 Cayman,4
2024-12,수입,BMW,X3 M,3
2024-12,수입,롤스로이스,Ghost,3
2024-12,수입,포드,Expedition,3
2024-12,국산,KGM,코란도 EV,2
2024-12,수입,롤스로이스,Phantom Series II,2
2024-12,수입,롤스로이스,Spectre,2
2024-12,수입,마세라티,GranCabrio,2
2024-12,수입,캐딜락,CT5,2
2024-12,수입,캐딜락,New XT4,2
2024-12,국산,기아,니로 플러스,1
2024-12,수입,람보르기니,Huracan EVO,1
2024-12,수입,람보르기니,Revuelto,1
2024-12,수입,벤츠,EQS,1
2024-12,수입,아우디,A5 40 TDI quattro,1
2024-12,수입,아우디,A6 e-tron,1
2024-12,수입,아우디,Q6 e-tron,1
2024-12,수입,폭스바겐,ID.5,1
2024-12,수입,혼다,Odyssey,1
2025-01,국산,기아,쏘렌토,7454
2025-01,국산,기아,스포티지,6547
2025-01,국산,기아,카니발,6068
2025-01,국산,현대,그랜저,5711
2025-01,국산,현대,아반떼,5319
2025-01,국산,현대,싼타페,4819
2025-01,국산,기아,셀토스,4342
2025-01,국산,기아,레이,3803
2025-01,국산,현대,투싼,3636
2025-01,국산,현대,쏘나타 디 엣지,3620
2025-01,국산,현대,포터2,3329
2025-01,국산,제네시스,GV70,2734
2025-01,국산,제네시스,G80,2710
2025-01,국산,제네시스,GV80,2692
2025-01,국산,기아,K5,2583
2025-01,국산,현대,스타리아,2484
2025-01,국산,기아,봉고 3,2428
2025-01,국산,기아,K8,2297
2025-01,국산,현대,코나,2098
2025-01,국산,르노코리아,그랑 콜레오스,2040
2025-01,수입,BMW,5 Series,1804
2025-01,국산,기아,모닝,1484
2025-01,수입,벤츠,E-Class,1438
2025-01,국산,현대,팰리세이드,1287
2025-01,국산,현대,디 올 뉴 팰리세이드,1234
2025-01,국산,현대,버스/트럭 (현대),954
2025-01,국산,쉐보레,트랙스 크로스오버,953
2025-01,국산,현대,캐스퍼,740
2025-01,국산,현대,베뉴,694
2025-01,수입,벤츠,GLC-Class,641
2025-01,수입,렉서스,ES,632
2025-01,수입,BMW,X5,564
2025-01,국산,기아,니로,560
2025-01,국산,제네시스,G90,554
2025-01,국산,KGM,토레스,547
2025-01,수입,BMW,X3,532
2025-01,국산,현대,마이티,531
2025-01,국산,KGM,액티언,478
2025-01,수입,BMW,7 Series,463
2025-01,국산,기아,EV3,429
2025-01,국산,KGM,렉스턴 스포츠,427
2025-01,수입,볼보,XC60,416
2025-01,수입,BMW,X7,395
2025-01,국산,KGM,렉스턴 스포츠 칸,390
2025-01,수입,BMW,3 Series,388
2025-01,수입,벤츠,GLE-Class,369
2025-01,수입,BMW,X6,320
2025-01,국산,KGM,티볼리,293
2025-01,국산,르노코리아,아르카나,272
2025-01,수입,렉서스,NX,272
2025-01,수입,벤츠,G-Class,267
2025-01,국산,르노코리아,QM6,263
2025-01,수입,벤츠,CLE,247
2025-01,수입,포르쉐,Cayenne,244
2025-01,수입,BMW,X4,231
2025-01,수입,포드,Explorer,222
2025-01,수입,포르쉐,Panamera,215
2025-01,수입,벤츠,S-Class,214
2025-01,국산,쉐보레,트레일블레이저,199
2025-01,수입,볼보,XC40,196
2025-01,수입,BMW,1 Series,188
2025-01,국산,현대,캐스퍼 일렉트릭,186
2025-01,수입,BMW,X1,164
2025-01,수입,볼보,S90,164
2025-01,수입,미니,Cooper,150
2025-01,국산,현대,카운티,149
2025-01,국산,현대,아반떼 N,144
2025-01,수입,토요타,Camry,125
2025-01,국산,기아,K9,123
2025-01,수입,포르쉐,Taycan,122
2025-01,수입,BMW,2 Series,120
2025-01,수입,렉서스,RX,116
2025-01,국산,현대,쏠라티,113
2025-01,국산,KGM,렉스턴 뉴 아레나,109
2025-01,수입,BMW,2 Series Active Tourer,108
2025-01,국산,제네시스,G70,107
2025-01,수입,BMW,4 Series,105
2025-01,수입,벤츠,GLS-Class,105
2025-01,수입,혼다,Accord,104
2025-01,수입,폴스타,Polestar 4,103
2025-01,국산,기아,버스 (기아),101
2025-01,수입,랜드로버,Range Rover,99
2025-01,수입,벤츠,C-Class,98
2025-01,수입,토요타,Alphard,93
2025-01,수입,BMW,i5,92
2025-01,수입,지프,Wrangler,92
2025-01,수입,벤츠,A-Class,90
2025-01,수입,BMW,6 Series,89
2025-01,수입,랜드로버,Defender,87
2025-01,수입,미니,Countryman,84
2025-01,수입,벤츠,Maybach S-Class,83
2025-01,수입,볼보,XC90,76
2025-01,국산,기아,레이 EV,73
2025-01,국산,기아,EV6,72
2025-01,수입,링컨,Nautilus,72
2025-01,수입,볼보,V60 Cross Country,71
2025-01,수입,토요타,Sienna,64
2025-01,수입,포드,Ranger,63
2025-01,수입,벤츠,CLA-Class,62
2025-01,수입,볼보,EX30,62
2025-01,수입,랜드로버,Range Rover Sport,61
2025-01,수입,폭스바겐,Golf,60
2025-01,수입,링컨,Aviator,58
2025-01,수입,혼다,CR-V,56
2025-01,수입,토요타,Prius,55
2025-01,수입,벤츠,GLB-Class,53
2025-01,수입,렉서스,UX,51
2025-01,수입,BMW,8 Series,49
2025-01,국산,현대,아이오닉 5,48
2025-01,수입,포드,Bronco,47
2025-01,수입,아우디,A5,46
2025-01,수입,토요타,Crown,46
2025-01,수입,렉서스,LM,45
2025-01,국산,KGM,코란도,44
2025-01,국산,현대,코나 일렉트릭,43
2025-01,수입,BMW,i7,43
2025-01,수입,BMW,X2,42
2025-01,수입,람보르기니,Urus S,42
2025-01,수입,아우디,A6,42
2025-01,수입,아우디,Q3,42
2025-01,수입,아우디,Q4 e-tron,41
2025-01,수입,토요타,RAV4,41
2025-01,국산,쉐보레,트래버스,39
2025-01,수입,BMW,iX,38
2025-01,수입,랜드로버,Range Rover Velar,38
2025-01,수입,포르쉐,911,38
2025-01,국산,기아,EV9,37
2025-01,수입,폭스바겐,Touareg,35
2025-01,수입,볼보,S60,33
2025-01,수입,포드,Mustang,33
2025-01,수입,BMW,M2,32
2025-01,수입,BMW,XM,32
2025-01,수입,폭스바겐,Tiguan,31
2025-01,수입,BMW,iX3,30
2025-01,수입,아우디,A3,30
2025-01,수입,BMW,Z4,29
2025-01,수입,아우디,A4,28
2025-01,국산,현대,아이오닉 5 N,27
2025-01,수입,BMW,iX1,26
2025-01,수입,벤츠,AMG GT,25
2025-01,국산,현대,넥쏘,24
2025-01,수입,랜드로버,Range Rover Evoque,24
2025-01,수입,아우디,Q8,24
2025-01,수입,지프,Renegade,24
2025-01,수입,벤츠,Maybach GLS,23
2025-01,수입,아우디,A7,22
2025-01,국산,르노코리아,SM6,20
2025-01,국산,제네시스,Electrified G80,20
2025-01,수입,BMW,M4,20
2025-01,수입,BMW,M5,19
2025-01,수입,벤츠,GLA-Class,18
2025-01,수입,포르쉐,718 Boxster,18
2025-01,수입,캐딜락,Escalade,17
2025-01,수입,혼다,Pilot,17
2025-01,수입,벤츠,EQE SUV,16
2025-01,수입,아우디,Q5,16
2025-01,수입,푸조,408,16
2025-01,국산,현대,카운티 일렉트릭,15
2025-01,수입,람보르기니,Urus,15
2025-01,수입,볼보,V90 Cross Country,15
2025-01,국산,쉐보레,콜로라도,14
2025-01,국산,쉐보레,타호,14
2025-01,수입,GMC,Sierra,14
2025-01,국산,KGM,토레스 EVX,12
2025-01,국산,현대,아이오닉 6,12
2025-01,수입,BMW,M3,12
2025-01,수입,랜드로버,Discovery,12
2025-01,수입,아우디,Q7,12
2025-01,수입,푸조,3008,12
2025-01,국산,기아,니로 EV,11
2025-01,수입,마세라티,Grecale,11
2025-01,수입,페라리,Purosangue,11
2025-01,수입,벤츠,EQE,10
2025-01,수입,푸조,5008,10
2025-01,수입,페라리,296 GTS,9
2025-01,수입,페라리,Roma Spider,9
2025-01,수입,BMW,X6 M,8
2025-01,수입,렉서스,LS,8
2025-01,국산,현대,ST1,7
2025-01,수입,벤츠,EQS SUV,7
2025-01,수입,벤츠,SL-Class,7
2025-01,수입,아우디,e-tron GT,7
2025-01,수입,포르쉐,718 Cayman,7
2025-01,국산,르노코리아,마스터,6
2025-01,국산,현대,포터2 일렉트릭,6
2025-01,수입,롤스로이스,Cullinan Series2,6
2025-01,수입,벤츠,Electric G-Class,6
2025-01,수입,토요타,GR 86,6
2025-01,국산,제네시스,Electrified GV70,5
2025-01,수입,BMW,X4 M,5
2025-01,수입,벤츠,EQA,5
2025-01,수입,벤츠,Maybach EQS SUV,5
2025-01,수입,아우디,A8,5
2025-01,수입,아우디,Q8 e-tron,5
2025-01,수입,테슬라,Model X,5
2025-01,수입,BMW,X5 M,4
2025-01,수입,BMW,i4,4
2025-01,수입,랜드로버,Discovery Sport,4
2025-01,수입,링컨,Navigator,4
2025-01,수입,벤틀리,Bentayga,4
2025-01,수입,지프,Grand Cherokee,4
2025-01,수입,캐딜락,Lyriq,4
2025-01,수입,BMW,X3 M,3
2025-01,수입,벤틀리,Continental GT,3
2025-01,수입,벤틀리,Flying Spur,3
2025-01,수입,캐딜락,XT6,3
2025-01,국산,제네시스,GV60,2
2025-01,수입,렉서스,LX,2
2025-01,수입,마세라티,GranTurismo,2
2025-01,수입,페라리,296 GTB,2
2025-01,수입,폭스바겐,ID.4,2
2025-01,수입,BMW,M8,1
2025-01,수입,람보르기니,Huracan EVO,1
2025-01,수입,롤스로이스,Phantom Series II,1
2025-01,수입,마세라티,GranCabrio,1
2025-01,수입,벤츠,EQB,1
2025-01,수입,캐딜락,CT5,1
2025-01,수입,캐딜락,XT4,1
2025-01,수입,페라리,SF90 Stradale,1
2025-01,수입,포드,Expedition,1
2025-01,수입,폭스바겐,ID.5,1
2025-02,국산,기아,쏘렌토,9067
2025-02,국산,기아,카니발,7734
2025-02,국산,기아,스포티지,6568
2025-02,국산,현대,아반떼,6103
2025-02,국산,현대,그랜저,5481
2025-02,국산,현대,싼타페,5076
2025-02,국산,기아,셀토스,4764
2025-02,국산,현대,투싼,4735
2025-02,국산,현대,쏘나타 디 엣지,4585
2025-02,국산,르노코리아,그랑 콜레오스,4106
2025-02,국산,제네시스,G80,3982
2025-02,국산,기아,레이,3774
2025-02,국산,현대,디 올 뉴 팰리세이드,3727
2025-02,국산,현대,포터2,3637
2025-02,국산,현대,스타리아,3005
2025-02,국산,기아,봉고 3,2755
2025-02,국산,제네시스,GV70,2658
2025-02,국산,제네시스,GV80,2642
2025-02,국산,기아,K5,2503
2025-02,국산,기아,K8,2457
2025-02,국산,기아,EV3,2257
2025-02,수입,테슬라,Model Y,2040
2025-02,수입,벤츠,E-Class,1874
2025-02,국산,현대,코나,1823
2025-02,수입,BMW,5 Series,1719
2025-02,국산,현대,포터2 일렉트릭,1532
2025-02,국산,현대,아이오닉 5,1356
2025-02,국산,현대,버스/트럭 (현대),1282
2025-02,국산,쉐보레,트랙스 크로스오버,1120
2025-02,국산,기아,EV6,1100
2025-02,국산,현대,캐스퍼 일렉트릭,1061
2025-02,국산,기아,니로,800
2025-02,국산,기아,모닝,765
2025-02,수입,벤츠,GLC-Class,727
2025-02,국산,현대,베뉴,697
2025-02,국산,제네시스,G90,628
2025-02,수입,렉서스,ES,620
2025-02,수입,BMW,X3,603
2025-02,국산,KGM,토레스,579
2025-02,국산,기아,봉고 3 EV,569
2025-02,국산,현대,마이티,527
2025-02,국산,기아,레이 EV,513
2025-02,수입,BMW,X5,481
2025-02,수입,볼보,XC60,481
2025-02,수입,BMW,3 Series,455
2025-02,국산,르노코리아,QM6,454
2025-02,국산,KGM,토레스 EVX,440
2025-02,국산,KGM,티볼리,428
2025-02,국산,현대,코나 일렉트릭,411
2025-02,수입,BMW,7 Series,408
2025-02,수입,BMW,X7,402
2025-02,국산,KGM,렉스턴 스포츠,390
2025-02,수입,렉서스,NX,387
2025-02,수입,폭스바겐,ID.4,375
2025-02,국산,KGM,액티언,355
2025-02,수입,벤츠,CLE,353
2025-02,국산,현대,아이오닉 6,346
2025-02,수입,BMW,X6,340
2025-02,수입,벤츠,GLE-Class,340
2025-02,수입,BMW,X4,323
2025-02,국산,KGM,렉스턴 스포츠 칸,319
2025-02,국산,쉐보레,트레일블레이저,302
2025-02,수입,벤츠,S-Class,289
2025-02,수입,벤츠,G-Class,272
2025-02,수입,포드,Explorer,269
2025-02,수입,미니,Cooper,265
2025-02,국산,르노코리아,아르카나,260
2025-02,수입,아우디,Q4 e-tron,258
2025-02,수입,BMW,X1,249
2025-02,국산,현대,넥쏘,248
2025-02,국산,현대,캐스퍼,232
2025-02,수입,혼다,Accord,230
2025-02,수입,볼보,XC40,229
2025-02,수입,미니,Countryman,222
2025-02,수입,토요타,Camry,221
2025-02,수입,포르쉐,Cayenne,217
2025-02,수입,포르쉐,Panamera,210
2025-02,국산,현대,ST1,201
2025-02,수입,BMW,4 Series,201
2025-02,국산,현대,아반떼 N,193
2025-02,국산,현대,아이오닉 9,181
2025-02,수입,BMW,2 Series Active Tourer,178
2025-02,국산,기아,K9,164
2025-02,국산,현대,카운티,164
2025-02,국산,제네시스,G70,162
2025-02,수입,렉서스,RX,149
2025-02,수입,랜드로버,Range Rover,148
2025-02,국산,현대,쏠라티,146
2025-02,수입,BMW,1 Series,140
2025-02,수입,벤츠,C-Class,127
2025-02,수입,볼보,S90,124
2025-02,수입,벤츠,A-Class,122
2025-02,수입,아우디,A6,120
2025-02,수입,포르쉐,Taycan,120
2025-02,수입,벤츠,GLS-Class,117
2025-02,국산,기아,버스 (기아),115
2025-02,국산,현대,팰리세이드,115
2025-02,수입,BMW,iX1,114
2025-02,수입,랜드로버,Defender,110
2025-02,수입,테슬라,Model 3,109
2025-02,수입,렉서스,UX,108
2025-02,국산,현대,아이오닉 5 N,107
2025-02,수입,BMW,i5,104
2025-02,수입,토요타,Crown,104
2025-02,수입,볼보,XC90,103
2025-02,수입,랜드로버,Range Rover Sport,99
2025-02,국산,KGM,렉스턴 뉴 아레나,95
2025-02,수입,토요타,Prius,94
2025-02,국산,제네시스,Electrified GV70,91
2025-02,국산,기아,EV9,88
2025-02,수입,포르쉐,Macan Electric,87
2025-02,수입,BMW,iX3,86
2025-02,수입,토요타,Sienna,81
2025-02,수입,지프,Wrangler,76
2025-02,수입,BMW,2 Series,75
2025-02,수입,벤츠,CLA-Class,72
2025-02,수입,토요타,Alphard,71
2025-02,수입,폴스타,Polestar 4,71
2025-02,수입,볼보,V60 Cross Country,67
2025-02,수입,폭스바겐,Touareg,67
2025-02,수입,BMW,X2,65
2025-02,수입,BMW,i7,65
2025-02,국산,KGM,코란도,63
2025-02,수입,링컨,Nautilus,61
2025-02,수입,벤츠,EQE,61
2025-02,수입,아우디,Q3,61
2025-02,수입,테슬라,Model X,58
2025-02,수입,벤츠,GLB-Class,56
2025-02,수입,링컨,Aviator,54
2025-02,수입,포드,Bronco,54
2025-02,국산,기아,니로 EV,53
2025-02,수입,혼다,CR-V,53
2025-02,수입,벤츠,Maybach S-Class,52
2025-02,수입,벤츠,EQE SUV,49
2025-02,수입,포르쉐,911,48
2025-02,수입,렉서스,LM,45
2025-02,국산,제네시스,Electrified G80,44
2025-02,수입,포드,Mustang,44
2025-02,수입,랜드로버,Range Rover Velar,41
2025-02,수입,벤츠,AMG GT,40
2025-02,수입,BMW,iX,39
2025-02,수입,폭스바겐,Golf,39
2025-02,수입,아우디,Q8,38
2025-02,국산,르노코리아,SM6,36
2025-02,수입,BMW,XM,36
2025-02,수입,BMW,8 Series,32
2025-02,수입,BMW,M2,32
2025-02,수입,BMW,6 Series,29
2025-02,수입,마세라티,Grecale,29
2025-02,수입,토요타,RAV4,29
2025-02,수입,아우디,A3,28
2025-02,수입,지프,Renegade,28
2025-02,수입,푸조,e-2008,27
2025-02,수입,미니,Aceman,26
2025-02,수입,벤츠,SL-Class,26
2025-02,수입,포드,Ranger,26
2025-02,국산,르노코리아,마스터,25
2025-02,수입,벤츠,GLA-Class,25
2025-02,수입,볼보,S60,25
2025-02,수입,벤츠,Maybach GLS,24
2025-02,수입,아우디,A5,24
2025-02,수입,BMW,Z4,23
2025-02,수입,미니,Countryman Electric,23
2025-02,국산,현대,카운티 일렉트릭,22
2025-02,수입,GMC,Sierra,21
2025-02,수입,아우디,A7,21
2025-02,수입,캐딜락,Escalade,21
2025-02,수입,랜드로버,Range Rover Evoque,20
2025-02,수입,렉서스,LX,20
2025-02,수입,BMW,M4,19
2025-02,수입,포르쉐,718 Boxster,19
2025-02,수입,BMW,M3,18
2025-02,수입,BMW,M5,18
2025-02,수입,람보르기니,Urus,18
2025-02,수입,폭스바겐,Tiguan,18
2025-02,국산,쉐보레,타호,17
2025-02,수입,람보르기니,Urus S,17
2025-02,수입,벤틀리,Bentayga,17
2025-02,국산,제네시스,GV60,16
2025-02,수입,볼보,V90 Cross Country,15
2025-02,수입,테슬라,Model S,15
2025-02,수입,혼다,Odyssey,15
2025-02,수입,랜드로버,Discovery,14
2025-02,수입,아우디,Q5,14
2025-02,수입,아우디,Q7,13
2025-02,수입,페라리,Purosangue,13
2025-02,수입,토요타,Highlander,12
2025-02,수입,롤스로이스,Cullinan Series2,11
2025-02,수입,토요타,GR 86,11
2025-02,국산,쉐보레,콜로라도,10
2025-02,수입,랜드로버,Discovery Sport,10
2025-02,수입,벤츠,EQA,10
2025-02,수입,페라리,296 GTS,10
2025-02,수입,아우디,A4,9
2025-02,수입,아우디,A8,9
2025-02,수입,벤츠,EQB,8
2025-02,수입,아우디,e-tron GT,8
2025-02,수입,BMW,X5 M,7
2025-02,수입,렉서스,LS,7
2025-02,수입,벤츠,EQS SUV,7
2025-02,수입,벤츠,Electric G-Class,7
2025-02,수입,푸조,5008,7
2025-02,수입,벤틀리,Flying Spur,6
2025-02,국산,KGM,코란도 EV,5
2025-02,수입,BMW,X4 M,5
2025-02,수입,벤츠,Maybach EQS SUV,5
2025-02,수입,아우디,Q6 e-tron,5
2025-02,수입,BMW,X3 M,4
2025-02,수입,링컨,Navigator,4
2025-02,수입,지프,Avenger,4
2025-02,국산,쉐보레,트래버스,3
2025-02,수입,벤틀리,Continental GT,3
2025-02,수입,지프,Grand Cherokee,3
2025-02,수입,캐딜락,Lyriq,3
2025-02,수입,페라리,Roma Spider,3
2025-02,수입,푸조,3008,3
2025-02,수입,푸조,408,3
2025-02,국산,KGM,티볼리 에어,2
2025-02,수입,BMW,X6 M,2
2025-02,수입,볼보,EX30,2
2025-02,수입,포르쉐,718 Cayman,2
2025-02,국산,쉐보레,볼트 EUV,1
2025-02,수입,BMW,M8,1
2025-02,수입,BMW,i4,1
2025-02,수입,렉서스,LC,1
2025-02,수입,롤스로이스,Ghost,1
2025-02,수입,롤스로이스,Spectre,1
2025-02,수입,마세라티,GranTurismo,1
2025-02,수입,미니,Convertible,1
2025-02,수입,미니,Mini Electric,1
2025-02,수입,아우디,Q8 e-tron,1
2025-02,수입,캐딜락,XT6,1
2025-02,수입,페라리,SF90 Spider,1
2025-02,수입,페라리,SF90 Stradale,1
2025-03,국산,기아,쏘렌토,10155
2025-03,국산,기아,카니발,7710
2025-03,국산,현대,아반떼,6750
2025-03,국산,기아,스포티지,6617
2025-03,국산,현대,그랜저,6211
2025-03,국산,현대,싼타페,5593
2025-03,국산,기아,셀토스,5351
2025-03,국산,르노코리아,그랑 콜레오스,5195
2025-03,국산,현대,포터2,4667
2025-03,국산,현대,디 올 뉴 팰리세이드,4620
2025-03,국산,현대,쏘나타 디 엣지,4588
2025-03,국산,현대,투싼,4536
2025-03,국산,현대,스타리아,3717
2025-03,국산,제네시스,G80,3632
2025-03,국산,기아,레이,3375
2025-03,수입,벤츠,E-Class,3086
2025-03,국산,기아,EV3,3032
2025-03,국산,제네시스,GV80,2929
2025-03,국산,기아,봉고 3,2922
2025-03,국산,제네시스,GV70,2871
2025-03,국산,기아,K5,2863
2025-03,국산,기아,K8,2704
2025-03,국산,현대,코나,2423
2025-03,수입,테슬라,Model 3,2344
2025-03,수입,BMW,5 Series,2048
2025-03,국산,현대,버스/트럭 (현대),1525
2025-03,국산,기아,레이 EV,1209
2025-03,국산,현대,캐스퍼 일렉트릭,1185
2025-03,국산,기아,EV6,1163
2025-03,국산,기아,니로,1147
2025-03,국산,쉐보레,트랙스 크로스오버,1097
2025-03,국산,현대,아이오닉 5,1090
2025-03,국산,KGM,토레스,1058
2025-03,국산,현대,포터2 일렉트릭,986
2025-03,국산,현대,캐스퍼,840
2025-03,국산,현대,아이오닉 9,784
2025-03,수입,벤츠,GLC-Class,677
2025-03,국산,기아,봉고 3 EV,596
2025-03,수입,BMW,X3,593
2025-03,국산,현대,베뉴,583
2025-03,수입,렉서스,ES,583
2025-03,국산,기아,모닝,579
2025-03,국산,제네시스,G90,559
2025-03,국산,현대,아이오닉 6,558
2025-03,수입,벤츠,GLE-Class,534
2025-03,국산,현대,마이티,527
2025-03,국산,KGM,무쏘 EV,526
2025-03,수입,아우디,Q4 e-tron,485
2025-03,국산,르노코리아,QM6,484
2025-03,수입,볼보,EX30,478
2025-03,수입,BMW,7 Series,467
2025-03,수입,벤츠,S-Class,464
2025-03,국산,현대,코나 일렉트릭,446
2025-03,수입,벤츠,C-Class,442
2025-03,수입,포드,Explorer,440
2025-03,수입,렉서스,NX,438
2025-03,수입,BMW,X7,430
2025-03,수입,BMW,X5,423
2025-03,수입,볼보,XC60,416
2025-03,수입,BMW,3 Series,407
2025-03,수입,폭스바겐,ID.4,407
2025-03,국산,KGM,티볼리,390
2025-03,국산,르노코리아,아르카나,375
2025-03,수입,포르쉐,Cayenne,344
2025-03,수입,BMW,X6,337
2025-03,국산,KGM,액티언,310
2025-03,수입,폴스타,Polestar 4,307
2025-03,수입,벤츠,CLE,305
2025-03,수입,토요타,Camry,299
2025-03,수입,미니,Cooper,298
2025-03,국산,현대,넥쏘,296
2025-03,수입,토요타,RAV4,296
2025-03,수입,아우디,A6,288
2025-03,수입,BMW,X4,286
2025-03,국산,KGM,무쏘 스포츠,279
2025-03,수입,포르쉐,Panamera,270
2025-03,국산,KGM,토레스 EVX,264
2025-03,국산,쉐보레,트레일블레이저,259
2025-03,수입,포르쉐,Taycan,245
2025-03,수입,볼보,XC40,242
2025-03,국산,제네시스,Electrified GV70,237
2025-03,국산,KGM,무쏘 칸,232
2025-03,국산,기아,K9,226
2025-03,수입,BMW,X1,225
2025-03,국산,제네시스,Electrified G80,217
2025-03,수입,벤츠,G-Class,205
2025-03,국산,기아,EV9,202
2025-03,수입,테슬라,Model Y,189
2025-03,수입,렉서스,RX,183
2025-03,수입,BMW,4 Series,181
2025-03,수입,벤츠,A-Class,181
2025-03,국산,현대,쏠라티,176
2025-03,수입,미니,Countryman,170
2025-03,수입,BMW,i5,169
2025-03,수입,BMW,2 Series Active Tourer,165
2025-03,국산,현대,카운티,152
2025-03,수입,랜드로버,Defender,150
2025-03,수입,토요타,Sienna,148
2025-03,수입,벤츠,GLB-Class,145
2025-03,국산,제네시스,G70,144
2025-03,수입,BMW,iX3,138
2025-03,수입,벤츠,GLS-Class,135
2025-03,수입,포르쉐,Macan Electric,131
2025-03,국산,기아,버스 (기아),129
2025-03,수입,지프,Wrangler,129
2025-03,수입,토요타,Alphard,128
2025-03,수입,랜드로버,Range Rover Sport,116
2025-03,국산,현대,ST1,109
2025-03,수입,혼다,Accord,109
2025-03,수입,렉서스,UX,108
2025-03,수입,벤츠,AMG GT,107
2025-03,수입,볼보,XC90,106
2025-03,국산,KGM,렉스턴 뉴 아레나,105
2025-03,수입,랜드로버,Range Rover,105
2025-03,수입,벤츠,CLA-Class,102
2025-03,국산,기아,타스만,96
2025-03,수입,볼보,S90,96
2025-03,수입,벤츠,Maybach S-Class,86
2025-03,수입,아우디,Q3,86
2025-03,수입,폭스바겐,Golf,86
2025-03,수입,혼다,CR-V,84
2025-03,수입,링컨,Nautilus,82
2025-03,국산,현대,아반떼 N,79
2025-03,수입,미니,Aceman,79
2025-03,수입,벤츠,EQE SUV,79
2025-03,수입,포르쉐,911,78
2025-03,수입,BMW,iX,77
2025-03,수입,미니,Countryman Electric,73
2025-03,수입,BMW,X2,72
2025-03,수입,폭스바겐,Touareg,70
2025-03,수입,토요타,Prius,67
2025-03,수입,볼보,V60 Cross Country,62
2025-03,수입,랜드로버,Range Rover Velar,61
2025-03,수입,BMW,i7,60
2025-03,수입,BMW,iX1,59
2025-03,수입,토요타,Crown,56
2025-03,수입,벤츠,EQE,53
2025-03,수입,링컨,Aviator,50
2025-03,수입,포드,Bronco,49
2025-03,수입,포드,Mustang,48
2025-03,수입,푸조,e-2008,48
2025-03,수입,랜드로버,Range Rover Evoque,47
2025-03,수입,렉서스,LX,47
2025-03,수입,렉서스,LM,45
2025-03,수입,벤츠,GLA-Class,44
2025-03,국산,KGM,코란도,41
2025-03,수입,BMW,8 Series,40
2025-03,수입,벤츠,SL-Class,40
2025-03,수입,테슬라,Model X,40
2025-03,국산,현대,아이오닉 5 N,39
2025-03,수입,랜드로버,Discovery Sport,38
2025-03,수입,아우디,A7,38
2025-03,수입,BMW,Z4,37
2025-03,수입,아우디,Q6 e-tron,35
2025-03,국산,르노코리아,마스터,32
2025-03,수입,아우디,A3,31
2025-03,수입,아우디,Q8,31
2025-03,국산,르노코리아,SM6,30
2025-03,국산,기아,니로 EV,29
2025-03,수입,BMW,M5,29
2025-03,수입,캐딜락,Escalade,29
2025-03,수입,아우디,Q7,28
2025-03,수입,토요타,Highlander,28
2025-03,수입,지프,Renegade,27
2025-03,수입,BMW,M2,26
2025-03,수입,GMC,Sierra,26
2025-03,수입,BMW,XM,25
2025-03,수입,포드,Ranger,24
2025-03,수입,벤츠,EQB,23
2025-03,수입,아우디,e-tron GT,23
2025-03,수입,혼다,Odyssey,23
2025-03,수입,아우디,A5,22
2025-03,수입,벤츠,Maybach GLS,21
2025-03,국산,현대,카운티 일렉트릭,20
2025-03,수입,BMW,2 Series,20
2025-03,수입,캐딜락,Lyriq,19
2025-03,수입,볼보,V90 Cross Country,18
2025-03,수입,테슬라,Model S,18
2025-03,수입,포르쉐,718 Boxster,18
2025-03,수입,폭스바겐,Tiguan,17
2025-03,수입,지프,Grand Cherokee,16
2025-03,수입,페라리,296 GTS,16
2025-03,수입,벤츠,EQS SUV,15
2025-03,수입,페라리,Purosangue,14
2025-03,국산,쉐보레,콜로라도,13
2025-03,수입,마세라티,Grecale,13
2025-03,수입,벤츠,Maybach EQS SUV,13
2025-03,수입,페라리,Roma Spider,13
2025-03,수입,혼다,Pilot,13
2025-03,수입,BMW,X3 M,12
2025-03,수입,아우디,Q5,12
2025-03,수입,푸조,408,12
2025-03,수입,BMW,M4,11
2025-03,수입,람보르기니,Urus S,11
2025-03,수입,아우디,A4,11
2025-03,수입,토요타,GR 86,11
2025-03,수입,BMW,M3,10
2025-03,수입,BMW,i4,10
2025-03,수입,BYD,ATTO 3,10
2025-03,수입,랜드로버,Discovery,10
2025-03,수입,렉서스,LS,10
2025-03,수입,푸조,5008,10
2025-03,수입,람보르기니,Urus,8
2025-03,수입,롤스로이스,Cullinan Series2,8
2025-03,수입,벤틀리,Bentayga,8
2025-03,수입,마세라티,Grecale Folgore,7
2025-03,수입,아우디,Q8 e-tron,7
2025-03,국산,제네시스,GV60,6
2025-03,수입,롤스로이스,Ghost Series II,6
2025-03,수입,볼보,S60,6
2025-03,수입,푸조,3008,6
2025-03,수입,BMW,X4 M,5
2025-03,수입,BMW,X5 M,5
2025-03,수입,포르쉐,718 Cayman,5
2025-03,수입,BMW,X6 M,4
2025-03,수입,롤스로이스,Spectre,4
2025-03,수입,벤틀리,Flying Spur,4
2025-03,수입,포드,Expedition,4
2025-03,수입,폭스바겐,ID.5,4
2025-03,국산,KGM,코란도 EV,3
2025-03,수입,BMW,6 Series,3
2025-03,수입,벤츠,EQA,3
2025-03,수입,아우디,A8,3
2025-03,수입,BMW,iX2,2
2025-03,수입,마세라티,GranTurismo,2
2025-03,수입,벤틀리,Continental GT,2
2025-03,국산,쉐보레,볼트 EUV,1
2025-03,국산,쉐보레,타호,1
2025-03,국산,쉐보레,트래버스,1
2025-03,수입,BMW,1 Series,1
2025-03,수입,BMW,M8,1
2025-03,수입,람보르기니,Huracan EVO,1
2025-03,수입,링컨,Navigator,1
2025-03,수입,마세라티,MC20,1
2025-03,수입,벤츠,EQS,1
2025-03,수입,벤츠,Electric G-Class,1
2025-03,수입,지프,Avenger,1
2025-03,수입,지프,Gladiator,1
2025-03,수입,페라리,SF90 Stradale,1
2025-04,국산,기아,쏘렌토,8796
2025-04,국산,기아,카니발,7592
2025-04,국산,현대,아반떼,6991
2025-04,국산,기아,스포티지,6703
2025-04,국산,현대,디 올 뉴 팰리세이드,6661
2025-04,국산,현대,싼타페,6354
2025-04,국산,현대,그랜저,6080
2025-04,국산,현대,투싼,5223
2025-04,국산,기아,셀토스,5101
2025-04,국산,현대,쏘나타 디 엣지,4702
2025-04,국산,르노코리아,그랑 콜레오스,4375
2025-04,국산,현대,포터2,4291
2025-04,국산,제네시스,G80,4221
2025-04,국산,현대,스타리아,3727
2025-04,국산,기아,레이,3634
2025-04,국산,기아,K5,3581
2025-04,국산,기아,EV3,3057
2025-04,국산,기아,봉고 3,3043
2025-04,국산,제네시스,GV70,2965
2025-04,국산,제네시스,GV80,2927
2025-04,국산,기아,K8,2566
2025-04,국산,현대,코나,2424
2025-04,수입,벤츠,E-Class,2182
2025-04,수입,BMW,5 Series,2040
2025-04,국산,기아,니로,1644
2025-04,국산,현대,아이오닉 5,1422
2025-04,국산,현대,버스/트럭 (현대),1354
2025-04,국산,기아,타스만,1248
2025-04,국산,현대,포터2 일렉트릭,1081
2025-04,국산,쉐보레,트랙스 크로스오버,1079
2025-04,국산,기아,모닝,1028
2025-04,국산,현대,아이오닉 9,1009
2025-04,국산,KGM,토레스,989
2025-04,국산,기아,EV4,831
2025-04,수입,테슬라,Model Y,804
2025-04,국산,기아,EV6,789
2025-04,국산,제네시스,G90,787
2025-04,국산,현대,캐스퍼 일렉트릭,783
2025-04,국산,현대,베뉴,760
2025-04,국산,KGM,무쏘 EV,719
2025-04,국산,현대,캐스퍼,672
2025-04,수입,테슬라,Model 3,638
2025-04,국산,기아,레이 EV,628
2025-04,국산,현대,마이티,614
2025-04,국산,현대,아이오닉 6,610
2025-04,수입,BMW,X5,598
2025-04,국산,KGM,무쏘 스포츠,569
2025-04,수입,렉서스,ES,569
2025-04,수입,BYD,ATTO 3,543
2025-04,수입,포르쉐,Cayenne,536
2025-04,수입,벤츠,GLE-Class,519
2025-04,수입,BMW,3 Series,495
2025-04,수입,BMW,X3,453
2025-04,수입,BMW,X7,440
2025-04,국산,르노코리아,아르카나,433
2025-04,수입,렉서스,NX,430
2025-04,국산,KGM,티볼리,428
2025-04,수입,볼보,XC60,423
2025-04,수입,BMW,7 Series,397
2025-04,국산,르노코리아,QM6,385
2025-04,수입,BMW,X6,356
2025-04,수입,미니,Cooper,352
2025-04,국산,KGM,무쏘 칸,340
2025-04,국산,기아,봉고 3 EV,340
2025-04,수입,벤츠,G-Class,334
2025-04,수입,포드,Explorer,321
2025-04,수입,BMW,X4,316
2025-04,수입,벤츠,S-Class,311
2025-04,수입,벤츠,GLC-Class,310
2025-04,국산,현대,코나 일렉트릭,298
2025-04,수입,아우디,A6,292
2025-04,국산,KGM,액티언,258
2025-04,수입,벤츠,CLE,258
2025-04,수입,벤츠,C-Class,256
2025-04,수입,BMW,X1,248
2025-04,수입,볼보,XC40,223
2025-04,수입,토요타,Camry,219
2025-04,국산,제네시스,G70,210
2025-04,국산,쉐보레,트레일블레이저,209
2025-04,국산,현대,쏠라티,199
2025-04,수입,포르쉐,Panamera,198
2025-04,수입,BMW,4 Series,194
2025-04,수입,토요타,RAV4,189
2025-04,국산,현대,카운티,188
2025-04,수입,렉서스,RX,184
2025-04,수입,폴스타,Polestar 4,179
2025-04,수입,BMW,i5,156
2025-04,수입,토요타,Alphard,156
2025-04,국산,기아,EV9,150
2025-04,수입,포르쉐,Taycan,149
2025-04,국산,기아,K9,147
2025-04,국산,제네시스,GV60,147
2025-04,수입,BMW,iX2,137
2025-04,국산,기아,버스 (기아),135
2025-04,수입,벤츠,GLS-Class,133
2025-04,수입,BMW,2 Series Active Tourer,132
2025-04,수입,아우디,Q3,131
2025-04,수입,랜드로버,Range Rover Sport,130
2025-04,국산,제네시스,Electrified GV70,128
2025-04,수입,미니,Countryman,128
2025-04,국산,KGM,렉스턴 뉴 아레나,124
2025-04,국산,제네시스,Electrified G80,119
2025-04,수입,볼보,EX30,116
2025-04,국산,현대,ST1,115
2025-04,수입,BMW,iX,114
2025-04,수입,BMW,iX3,114
2025-04,수입,벤츠,A-Class,114
2025-04,수입,토요타,Sienna,112
2025-04,수입,포르쉐,911,112
2025-04,국산,현대,아반떼 N,108
2025-04,수입,볼보,XC90,106
2025-04,수입,포드,Bronco,99
2025-04,수입,벤츠,GLB-Class,95
2025-04,수입,폭스바겐,Golf,93
2025-04,수입,BMW,i4,92
2025-04,수입,볼보,S90,91
2025-04,수입,미니,Convertible,88
2025-04,수입,폭스바겐,Touareg,87
2025-04,수입,토요타,Prius,86
2025-04,수입,포드,Ranger,86
2025-04,국산,현대,넥쏘,85
2025-04,수입,랜드로버,Range Rover,82
2025-04,수입,아우디,A3,79
2025-04,수입,아우디,Q4 e-tron,77
2025-04,수입,볼보,V60 Cross Country,76
2025-04,국산,KGM,토레스 EVX,74
2025-04,수입,아우디,A7,74
2025-04,수입,혼다,CR-V,73
2025-04,국산,기아,니로 EV,72
2025-04,수입,벤츠,EQE SUV,72
2025-04,수입,링컨,Aviator,67
2025-04,수입,포드,Mustang,67
2025-04,수입,렉서스,UX,66
2025-04,수입,캐딜락,Escalade,61
2025-04,수입,포르쉐,Macan Electric,61
2025-04,수입,BMW,i7,60
2025-04,수입,링컨,Nautilus,58
2025-04,수입,벤츠,AMG GT,57
2025-04,수입,랜드로버,Defender,54
2025-04,수입,렉서스,LX,53
2025-04,수입,BMW,X2,52
2025-04,수입,BMW,iX1,50
2025-04,수입,미니,Aceman,50
2025-04,수입,BMW,8 Series,49
2025-04,수입,벤츠,Maybach S-Class,48
2025-04,수입,지프,Renegade,48
2025-04,수입,지프,Wrangler,48
2025-04,국산,KGM,코란도,43
2025-04,수입,벤츠,CLA-Class,43
2025-04,수입,토요타,Crown,43
2025-04,수입,아우디,Q6 e-tron,41
2025-04,수입,토요타,GR 86,41
2025-04,수입,미니,Countryman Electric,40
2025-04,국산,르노코리아,SM6,39
2025-04,수입,혼다,Pilot,39
2025-04,수입,BMW,M5,37
2025-04,수입,렉서스,LM,37
2025-04,국산,현대,아이오닉 5 N,36
2025-04,수입,BMW,Z4,36
2025-04,수입,혼다,Accord,36
2025-04,수입,푸조,e-2008,35
2025-04,수입,벤츠,SL-Class,34
2025-04,수입,지프,Gladiator,34
2025-04,수입,토요타,Highlander,34
2025-04,수입,아우디,Q8,32
2025-04,수입,벤츠,Maybach GLS,29
2025-04,수입,폭스바겐,ID.4,27
2025-04,수입,볼보,V90 Cross Country,26
2025-04,수입,아우디,Q5,26
2025-04,수입,아우디,Q7,26
2025-04,수입,BMW,M4,25
2025-04,수입,랜드로버,Range Rover Evoque,25
2025-04,수입,벤츠,EQS SUV,25
2025-04,수입,벤츠,GLA-Class,24
2025-04,수입,푸조,3008,23
2025-04,수입,BMW,2 Series,22
2025-04,수입,BMW,M3,22
2025-04,수입,GMC,Sierra,21
2025-04,국산,르노코리아,마스터,20
2025-04,수입,랜드로버,Discovery,19
2025-04,수입,BMW,M2,18
2025-04,수입,푸조,308,18
2025-04,국산,현대,카운티 일렉트릭,17
2025-04,수입,BMW,XM,17
2025-04,수입,벤츠,Maybach EQS SUV,17
2025-04,수입,푸조,408,17
2025-04,수입,포르쉐,718 Boxster,16
2025-04,수입,아우디,e-tron GT,15
2025-04,수입,랜드로버,Discovery Sport,14
2025-04,수입,렉서스,LS,14
2025-04,수입,벤츠,EQE,14
2025-04,수입,혼다,Odyssey,14
2025-04,수입,BMW,X3 M,13
2025-04,수입,랜드로버,Range Rover Velar,11
2025-04,수입,롤스로이스,Cullinan Series2,11
2025-04,수입,페라리,Roma Spider,11
2025-04,국산,쉐보레,콜로라도,10
2025-04,수입,롤스로이스,Ghost Series II,10
2025-04,수입,벤츠,EQA,10
2025-04,수입,지프,Grand Cherokee,10
2025-04,수입,폴스타,Polestar 2,10
2025-04,수입,람보르기니,Urus S,9
2025-04,수입,벤츠,EQS,9
2025-04,수입,아우디,A5,9
2025-04,수입,폭스바겐,ID.5,9
2025-04,수입,벤츠,EQB,8
2025-04,수입,페라리,Purosangue,8
2025-04,수입,BMW,X5 M,7
2025-04,수입,BMW,X6 M,7
2025-04,수입,아우디,A4,7
2025-04,수입,벤틀리,Bentayga,6
2025-04,수입,볼보,EX40,6
2025-04,수입,캐딜락,Lyriq,6
2025-04,수입,페라리,296 GTS,6
2025-04,수입,BMW,X4 M,5
2025-04,수입,벤츠,Electric G-Class,5
2025-04,수입,아우디,A8,5
2025-04,수입,포르쉐,718 Cayman,5
2025-04,수입,폭스바겐,Tiguan,5
2025-04,수입,BMW,6 Series,4
2025-04,수입,BMW,M8,4
2025-04,수입,롤스로이스,Spectre,4
2025-04,수입,테슬라,Model S,4
2025-04,수입,푸조,5008,4
2025-04,수입,람보르기니,Huracan EVO,3
2025-04,수입,마세라티,Grecale,3
2025-04,수입,미니,Mini Electric,3
2025-04,수입,벤틀리,Continental GT,3
2025-04,수입,아우디,Q8 e-tron,3
2025-04,국산,KGM,코란도 EV,2
2025-04,수입,람보르기니,Urus,2
2025-04,수입,롤스로이스,Phantom Series II,2
2025-04,수입,마세라티,GranCabrio Folgore,2
2025-04,수입,마세라티,GranTurismo Folgore,2
2025-04,수입,마세라티,Grecale Folgore,2
2025-04,수입,지프,Avenger,2
2025-04,국산,현대,팰리세이드,1
2025-04,수입,링컨,Navigator,1
2025-04,수입,마세라티,MC20,1
2025-04,수입,벤츠,CLS-Class,1
2025-04,수입,벤틀리,Flying Spur,1
2025-04,수입,볼보,S60,1
2025-04,수입,테슬라,Model X,1
2025-04,수입,페라리,SF90 Spider,1
2025-04,수입,포드,Expedition,1
2025-05,국산,기아,쏘렌토,7734
2025-05,국산,현대,디 올 뉴 팰리세이드,7682
2025-05,국산,기아,카니발,6651
2025-05,국산,현대,아반떼,6310
2025-05,수입,테슬라,Model Y,6237
2025-05,국산,기아,스포티지,5295
2025-05,국산,현대,싼타페,4969
2025-05,국산,현대,그랜저,4597
2025-05,국산,기아,셀토스,4257
2025-05,국산,현대,쏘나타 디 엣지,4134
2025-05,국산,현대,투싼,4088
2025-05,국산,현대,포터2,3720
2025-05,국산,제네시스,G80,3592
2025-05,국산,르노코리아,그랑 콜레오스,3296
2025-05,국산,현대,스타리아,3282
2025-05,국산,기아,레이,3194
2025-05,국산,기아,K5,3028
2025-05,국산,기아,K8,2627
2025-05,국산,기아,봉고 3,2491
2025-05,국산,제네시스,GV80,2354
2025-05,수입,벤츠,E-Class,2349
2025-05,국산,제네시스,GV70,2343
2025-05,수입,BMW,5 Series,2092
2025-05,국산,기아,EV3,1866
2025-05,국산,현대,코나,1669
2025-05,국산,기아,모닝,1527
2025-05,국산,현대,버스/트럭 (현대),1432
2025-05,국산,기아,EV4,1373
2025-05,국산,기아,타스만,1348
2025-05,국산,기아,니로,1283
2025-05,국산,현대,아이오닉 5,1226
2025-05,국산,KGM,무쏘 EV,1167
2025-05,국산,현대,베뉴,1157
2025-05,국산,쉐보레,트랙스 크로스오버,1122
2025-05,국산,기아,EV6,957
2025-05,수입,벤츠,GLC-Class,896
2025-05,국산,현대,아이오닉 9,867
2025-05,국산,기아,레이 EV,806
2025-05,국산,현대,포터2 일렉트릭,778
2025-05,국산,KGM,토레스,762
2025-05,국산,현대,아이오닉 6,754
2025-05,국산,제네시스,G90,736
2025-05,수입,벤츠,GLE-Class,696
2025-05,국산,현대,캐스퍼 일렉트릭,687
2025-05,국산,현대,마이티,626
2025-05,수입,BMW,X5,591
2025-05,국산,현대,캐스퍼,583
2025-05,수입,BMW,X3,555
2025-05,수입,포르쉐,Cayenne,553
2025-05,수입,BYD,ATTO 3,513
2025-05,수입,BMW,3 Series,507
2025-05,수입,볼보,XC60,482
2025-05,수입,벤츠,G-Class,481
2025-05,국산,르노코리아,아르카나,461
2025-05,국산,KGM,티볼리,452
2025-05,수입,렉서스,ES,421
2025-05,수입,BMW,7 Series,412
2025-05,수입,벤츠,C-Class,411
2025-05,국산,KGM,무쏘 스포츠,405
2025-05,수입,렉서스,NX,403
2025-05,국산,르노코리아,QM6,390
2025-05,수입,BMW,X7,385
2025-05,수입,벤츠,S-Class,369
2025-05,국산,KGM,무쏘 칸,341
2025-05,수입,테슬라,Model 3,330
2025-05,수입,벤츠,CLE,329
2025-05,수입,BMW,X6,308
2025-05,수입,미니,Cooper,305
2025-05,수입,아우디,Q4 e-tron,303
2025-05,수입,BMW,X4,298
2025-05,수입,폴스타,Polestar 4,292
2025-05,수입,폭스바겐,ID.5,288
2025-05,국산,기아,봉고 3 EV,260
2025-05,국산,쉐보레,트레일블레이저,257
2025-05,국산,현대,코나 일렉트릭,253
2025-05,수입,포드,Explorer,231
2025-05,수입,아우디,A6,229
2025-05,수입,포르쉐,Panamera,226
2025-05,수입,볼보,XC40,215
2025-05,국산,KGM,액티언,198
2025-05,수입,토요타,RAV4,189
2025-05,수입,BMW,4 Series,186
2025-05,수입,벤츠,GLB-Class,181
2025-05,국산,기아,EV9,178
2025-05,수입,BMW,X1,177
2025-05,수입,벤츠,A-Class,174
2025-05,국산,제네시스,G70,169
2025-05,국산,현대,카운티,169
2025-05,수입,렉서스,RX,166
2025-05,수입,포르쉐,Macan Electric,165
2025-05,수입,폴스타,Polestar 2,163
2025-05,국산,현대,쏠라티,155
2025-05,수입,아우디,Q3,155
2025-05,수입,볼보,EX30,149
2025-05,수입,토요타,Camry,148
2025-05,수입,BMW,i5,139
2025-05,수입,아우디,A3,136
2025-05,수입,벤츠,GLS-Class,133
2025-05,국산,현대,아반떼 N,128
2025-05,수입,포르쉐,Taycan,124
2025-05,국산,제네시스,Electrified G80,120
2025-05,수입,볼보,S90,120
2025-05,국산,기아,버스 (기아),114
2025-05,국산,현대,ST1,114
2025-05,수입,토요타,Alphard,113
2025-05,수입,미니,Countryman,112
2025-05,국산,제네시스,GV60,111
2025-05,국산,기아,K9,109
2025-05,수입,포르쉐,911,109
2025-05,수입,폭스바겐,ID.4,108
2025-05,수입,랜드로버,Range Rover Sport,101
2025-05,수입,토요타,Prius,99
2025-05,국산,KGM,렉스턴 뉴 아레나,94
2025-05,수입,랜드로버,Range Rover,94
2025-05,국산,제네시스,Electrified GV70,92
2025-05,수입,토요타,Crown,92
2025-05,국산,KGM,토레스 EVX,90
2025-05,수입,BMW,iX3,88
2025-05,수입,BMW,2 Series Active Tourer,86
2025-05,수입,벤츠,CLA-Class,85
2025-05,수입,캐딜락,Escalade,85
2025-05,수입,랜드로버,Defender,84
2025-05,수입,미니,Convertible,83
2025-05,수입,볼보,XC90,83
2025-05,수입,폭스바겐,Golf,80
2025-05,수입,BMW,iX,71
2025-05,수입,벤츠,GLA-Class,70
2025-05,수입,렉서스,UX,67
2025-05,수입,포드,Ranger,67
2025-05,수입,혼다,CR-V,66
2025-05,수입,지프,Wrangler,64
2025-05,수입,볼보,V60 Cross Country,61
2025-05,수입,BMW,i4,60
2025-05,수입,벤츠,EQE SUV,60
2025-05,수입,BMW,8 Series,59
2025-05,수입,BMW,X2,58
2025-05,수입,토요타,Sienna,56
2025-05,수입,포드,Bronco,54
2025-05,수입,아우디,Q6 e-tron,51
2025-05,국산,KGM,코란도,50
2025-05,수입,포드,Mustang,50
2025-05,수입,링컨,Nautilus,48
2025-05,수입,BMW,Z4,47
2025-05,수입,BMW,i7,47
2025-05,수입,링컨,Aviator,47
2025-05,수입,BMW,iX2,45
2025-05,수입,렉서스,LM,45
2025-05,수입,아우디,Q8,44
2025-05,수입,BMW,iX1,43
2025-05,수입,푸조,e-2008,40
2025-05,수입,미니,Aceman,39
2025-05,수입,지프,Renegade,39
2025-05,수입,혼다,Accord,39
2025-05,국산,르노코리아,마스터,38
2025-05,수입,미니,Countryman Electric,38
2025-05,수입,벤츠,SL-Class,37
2025-05,수입,랜드로버,Range Rover Velar,34
2025-05,수입,푸조,3008,34
2025-05,수입,폭스바겐,Touareg,33
2025-05,수입,아우디,A7,31
2025-05,국산,현대,아이오닉 5 N,29
2025-05,수입,BMW,M2,29
2025-05,국산,기아,니로 EV,27
2025-05,수입,랜드로버,Range Rover Evoque,27
2025-05,수입,렉서스,LX,27
2025-05,수입,혼다,Pilot,27
2025-05,수입,벤츠,Maybach S-Class,26
2025-05,수입,GMC,Sierra,25
2025-05,수입,랜드로버,Discovery Sport,24
2025-05,수입,벤츠,EQS SUV,24
2025-05,수입,폭스바겐,Atlas,24
2025-05,수입,람보르기니,Urus S,23
2025-05,수입,벤츠,Electric G-Class,23
2025-05,국산,현대,넥쏘,22
2025-05,수입,아우디,Q7,22
2025-05,수입,BMW,M5,21
2025-05,수입,벤틀리,The new Continental,21
2025-05,수입,지프,Gladiator,20
2025-05,수입,BMW,M3,19
2025-05,수입,BMW,M4,19
2025-05,수입,벤츠,Maybach GLS,19
2025-05,국산,현대,카운티 일렉트릭,18
2025-05,수입,아우디,A5,18
2025-05,국산,르노코리아,SM6,17
2025-05,수입,벤츠,EQA,16
2025-05,수입,아우디,Q5,16
2025-05,수입,토요타,GR 86,16
2025-05,수입,볼보,V90 Cross Country,15
2025-05,수입,푸조,408,15
2025-05,수입,미니,Mini Electric,13
2025-05,수입,혼다,Odyssey,13
2025-05,수입,BMW,X3 M,12
2025-05,수입,BMW,XM,12
2025-05,수입,캐딜락,Lyriq,12
2025-05,수입,토요타,Highlander,12
2025-05,수입,BMW,2 Series,11
2025-05,수입,BMW,X4 M,11
2025-05,수입,벤츠,Maybach EQS SUV,11
2025-05,수입,포르쉐,718 Boxster,11
2025-05,수입,롤스로이스,Ghost Series II,10
2025-05,수입,페라리,Roma Spider,10
2025-05,수입,벤틀리,Bentayga,9
2025-05,수입,푸조,5008,9
2025-05,수입,마세라티,Grecale Folgore,8
2025-05,수입,벤츠,AMG GT,8
2025-05,수입,페라리,296 GTS,8
2025-05,수입,페라리,Purosangue,8
2025-05,수입,마세라티,Grecale,7
2025-05,수입,BMW,X5 M,6
2025-05,수입,BMW,X6 M,6
2025-05,수입,람보르기니,Urus,6
2025-05,수입,랜드로버,Discovery,6
2025-05,수입,롤스로이스,Cullinan Series2,6
2025-05,수입,벤츠,EQB,6
2025-05,수입,벤츠,The New AMG GT,6
2025-05,수입,지프,Grand Cherokee,6
2025-05,수입,렉서스,LS,5
2025-05,수입,아우디,e-tron GT,5
2025-05,수입,푸조,308,5
2025-05,국산,쉐보레,콜로라도,4
2025-05,수입,롤스로이스,Spectre,4
2025-05,수입,벤츠,EQS,4
2025-05,수입,아우디,e-tron,4
2025-05,수입,포르쉐,718 Cayman,4
2025-05,수입,BMW,M8,3
2025-05,수입,아우디,A4,3
2025-05,수입,아우디,A8,3
2025-05,수입,람보르기니,Revuelto,2
2025-05,수입,링컨,Navigator,2
2025-05,수입,마세라티,GranCabrio,2
2025-05,수입,마세라티,GranTurismo,2
2025-05,수입,벤틀리,Continental GT,2
2025-05,수입,볼보,EX40,2
2025-05,수입,볼보,S60,2
2025-05,수입,아우디,Q8 e-tron,2
2025-05,수입,테슬라,Model X,2
2025-05,수입,페라리,SF90 Spider,2
2025-05,국산,KGM,코란도 EV,1
2025-05,수입,BMW,1 Series,1
2025-05,수입,BMW,6 Series,1
2025-05,수입,롤스로이스,Phantom Series II,1
2025-05,수입,마세라티,GranTurismo Folgore,1
2025-05,수입,벤츠,EQE,1
2025-05,수입,지프,Avenger,1
2025-05,수입,테슬라,Model S,1
2025-06,국산,기아,쏘렌토,7923
2025-06,국산,현대,아반떼,7334
2025-06,국산,기아,카니발,6714
2025-06,국산,기아,스포티지,6363
2025-06,수입,테슬라,Model Y,6162
2025-06,국산,현대,그랜저,5579
2025-06,국산,현대,디 올 뉴 팰리세이드,5471
2025-06,국산,현대,싼타페,5443
2025-06,국산,기아,셀토스,5100
2025-06,국산,현대,투싼,4453
2025-06,국산,현대,쏘나타 디 엣지,4216
2025-06,국산,르노코리아,그랑 콜레오스,4098
2025-06,국산,현대,스타리아,3800
2025-06,국산,현대,포터2,3692
2025-06,국산,제네시스,G80,3466
2025-06,국산,기아,레이,2955
2025-06,국산,제네시스,GV80,2954
2025-06,국산,기아,봉고 3,2900
2025-06,국산,제네시스,GV70,2897
2025-06,국산,기아,K5,2873
2025-06,국산,현대,코나,2636
2025-06,수입,벤츠,E-Class,2596
2025-06,국산,기아,K8,2423
2025-06,수입,BMW,5 Series,2255
2025-06,국산,기아,EV3,1884
2025-06,국산,현대,버스/트럭 (현대),1538
2025-06,국산,현대,아이오닉 5,1464
2025-06,국산,기아,레이 EV,1305
2025-06,국산,기아,타스만,1302
2025-06,국산,기아,모닝,1204
2025-06,국산,현대,베뉴,1086
2025-06,국산,기아,EV4,1073
2025-06,수입,벤츠,GLC-Class,1011
2025-06,국산,쉐보레,트랙스 크로스오버,1004
2025-06,국산,기아,니로,999
2025-06,국산,현대,아이오닉 9,767
2025-06,국산,기아,EV6,727
2025-06,국산,현대,아이오닉 6,674
2025-06,국산,제네시스,G90,668
2025-06,국산,현대,포터2 일렉트릭,660
2025-06,국산,KGM,토레스,654
2025-06,국산,현대,캐스퍼 일렉트릭,620
2025-06,수입,벤츠,GLE-Class,605
2025-06,국산,현대,마이티,595
2025-06,국산,현대,캐스퍼,585
2025-06,수입,BMW,3 Series,574
2025-06,국산,KGM,무쏘 EV,563
2025-06,수입,BMW,X3,544
2025-06,국산,르노코리아,아르카나,487
2025-06,수입,렉서스,ES,467
2025-06,국산,KGM,무쏘 스포츠,431
2025-06,수입,BMW,7 Series,400
2025-06,수입,렉서스,NX,394
2025-06,국산,KGM,티볼리,379
2025-06,수입,포르쉐,Cayenne,374
2025-06,수입,벤츠,C-Class,373
2025-06,수입,볼보,XC60,373
2025-06,수입,BMW,X5,369
2025-06,수입,BMW,X7,369
2025-06,수입,벤츠,S-Class,361
2025-06,수입,BMW,X4,360
2025-06,수입,아우디,Q4 e-tron,347
2025-06,국산,KGM,무쏘 칸,345
2025-06,수입,미니,Cooper,335
2025-06,국산,현대,코나 일렉트릭,322
2025-06,국산,르노코리아,QM6,318
2025-06,수입,벤츠,CLE,311
2025-06,수입,BMW,X6,290
2025-06,국산,KGM,액티언,265
2025-06,수입,폭스바겐,ID.5,261
2025-06,국산,기아,봉고 3 EV,252
2025-06,수입,토요타,RAV4,248
2025-06,국산,쉐보레,트레일블레이저,244
2025-06,수입,벤츠,G-Class,244
2025-06,국산,KGM,토레스 EVX,237
2025-06,수입,볼보,XC40,226
2025-06,수입,폭스바겐,ID.4,222
2025-06,수입,렉서스,RX,217
2025-06,수입,BMW,4 Series,214
2025-06,수입,BYD,ATTO 3,214
2025-06,수입,BMW,X1,211
2025-06,수입,테슬라,Model 3,210
2025-06,국산,제네시스,G70,206
2025-06,수입,포르쉐,911,203
2025-06,수입,포르쉐,Macan Electric,187
2025-06,수입,토요타,Camry,178
2025-06,수입,포드,Explorer,176
2025-06,국산,현대,카운티,175
2025-06,수입,미니,Mini Electric,172
2025-06,국산,현대,쏠라티,169
2025-06,수입,BMW,i5,168
2025-06,수입,아우디,A3,166
2025-06,수입,랜드로버,Range Rover Sport,156
2025-06,국산,현대,아반떼 N,151
2025-06,수입,랜드로버,Range Rover,149
2025-06,수입,폭스바겐,Golf,147
2025-06,수입,폴스타,Polestar 2,143
2025-06,수입,볼보,XC90,142
2025-06,수입,아우디,Q3,139
2025-06,수입,포르쉐,Taycan,137
2025-06,수입,볼보,S90,127
2025-06,수입,포르쉐,Panamera,125
2025-06,수입,미니,Countryman,119
2025-06,수입,지프,Wrangler,119
2025-06,수입,폴스타,Polestar 4,118
2025-06,수입,토요타,Alphard,116
2025-06,국산,기아,버스 (기아),115
2025-06,국산,기아,EV9,113
2025-06,국산,KGM,렉스턴 뉴 아레나,111
2025-06,수입,토요타,Prius,108
2025-06,수입,BMW,2 Series Active Tourer,107
2025-06,국산,제네시스,Electrified GV70,105
2025-06,수입,볼보,EX30,105
2025-06,수입,벤츠,GLB-Class,98
2025-06,수입,벤츠,GLS-Class,95
2025-06,국산,기아,K9,92
2025-06,수입,랜드로버,Defender,87
2025-06,수입,아우디,Q6 e-tron,86
2025-06,국산,제네시스,GV60,80
2025-06,국산,르노코리아,SM6,79
2025-06,국산,제네시스,Electrified G80,78
2025-06,국산,현대,ST1,77
2025-06,수입,BMW,iX3,75
2025-06,수입,BMW,X2,73
2025-06,수입,렉서스,UX,73
2025-06,수입,혼다,CR-V,73
2025-06,수입,포드,Bronco,72
2025-06,수입,BMW,8 Series,70
2025-06,수입,아우디,A6,70
2025-06,수입,BMW,i4,69
2025-06,수입,미니,Convertible,69
2025-06,수입,토요타,Sienna,67
2025-06,수입,폭스바겐,Atlas,66
2025-06,수입,벤츠,A-Class,65
2025-06,수입,볼보,V60 Cross Country,64
2025-06,수입,BMW,i7,63
2025-06,수입,지프,Renegade,59
2025-06,수입,링컨,Nautilus,57
2025-06,국산,KGM,코란도,56
2025-06,수입,BMW,Z4,54
2025-06,수입,캐딜락,Escalade,53
2025-06,수입,토요타,Crown,53
2025-06,국산,현대,디 올 뉴 넥쏘,50
2025-06,수입,아우디,A5,50
2025-06,수입,포드,Ranger,50
2025-06,수입,아우디,Q8,49
2025-06,수입,아우디,A7,45
2025-06,수입,혼다,Accord,43
2025-06,수입,렉서스,LM,41
2025-06,수입,미니,Aceman,41
2025-06,수입,포드,Mustang,40
2025-06,수입,미니,Countryman Electric,39
2025-06,수입,벤츠,GLA-Class,38
2025-06,수입,지프,Avenger,38
2025-06,수입,푸조,3008,38
2025-06,수입,BMW,iX,37
2025-06,수입,랜드로버,Range Rover Evoque,37
2025-06,수입,링컨,Aviator,37
2025-06,수입,BMW,XM,35
2025-06,수입,랜드로버,Range Rover Velar,35
2025-06,수입,벤츠,Maybach S-Class,34
2025-06,수입,BMW,M2,33
2025-06,수입,BMW,iX2,32
2025-06,수입,람보르기니,Urus S,31
2025-06,수입,렉서스,LX,30
2025-06,수입,푸조,5008,30
2025-06,수입,벤츠,CLA-Class,29
2025-06,수입,벤츠,EQE SUV,29
2025-06,수입,포르쉐,718 Boxster,29
2025-06,국산,현대,카운티 일렉트릭,28
2025-06,수입,BMW,iX1,27
2025-06,수입,랜드로버,Discovery Sport,27
2025-06,수입,BMW,M3,26
2025-06,수입,아우디,Q7,26
2025-06,수입,지프,Gladiator,26
2025-06,국산,현대,아이오닉 5 N,25
2025-06,수입,벤츠,EQA,25
2025-06,수입,벤츠,Maybach GLS,24
2025-06,수입,토요타,GR 86,24
2025-06,수입,푸조,408,24
2025-06,수입,벤츠,Electric G-Class,23
2025-06,수입,혼다,Pilot,22
2025-06,국산,르노코리아,마스터,21
2025-06,수입,BMW,2 Series Gran Coupe,21
2025-06,수입,폭스바겐,Touareg,21
2025-06,수입,벤츠,EQS SUV,20
2025-06,수입,벤츠,SL-Class,19
2025-06,수입,볼보,EX40,19
2025-06,수입,아우디,Q5,19
2025-06,수입,BMW,2 Series,18
2025-06,수입,벤츠,The New AMG GT,18
2025-06,수입,람보르기니,Revuelto,16
2025-06,수입,토요타,Highlander,15
2025-06,수입,랜드로버,Discovery,14
2025-06,수입,마세라티,Grecale,14
2025-06,수입,BMW,M5,13
2025-06,수입,아우디,e-tron GT,13
2025-06,수입,페라리,Purosangue,13
2025-06,수입,GMC,Sierra,12
2025-06,수입,벤틀리,The new Continental,12
2025-06,수입,BMW,M4,11
2025-06,수입,벤틀리,Bentayga,11
2025-06,수입,볼보,V90 Cross Country,11
2025-06,국산,르노코리아,세닉 E-테크 일렉트릭,10
2025-06,수입,아우디,The new A5,10
2025-06,수입,아우디,The new Q5,10
2025-06,수입,지프,Grand Cherokee,10
2025-06,수입,캐딜락,Lyriq,10
2025-06,국산,쉐보레,콜로라도,9
2025-06,수입,롤스로이스,Cullinan Series2,9
2025-06,국산,기아,니로 EV,8
2025-06,수입,BMW,1 Series,8
2025-06,수입,BMW,X5 M,8
2025-06,수입,렉서스,LS,8
2025-06,국산,쉐보레,트래버스,7
2025-06,수입,BMW,X4 M,7
2025-06,수입,BYD,SEAL,6
2025-06,수입,벤츠,AMG GT,5
2025-06,수입,벤츠,Maybach EQS SUV,5
2025-06,수입,아우디,A8,5
2025-06,수입,페라리,296 GTS,5
2025-06,수입,BMW,M8,4
2025-06,수입,BMW,X6 M,4
2025-06,수입,벤츠,EQB,4
2025-06,수입,벤츠,EQS,4
2025-06,수입,페라리,SF90 Spider,4
2025-06,수입,혼다,Odyssey,4
2025-06,수입,BMW,X3 M,3
2025-06,수입,아우디,A4,3
2025-06,수입,아우디,e-tron,3
2025-06,수입,테슬라,Model S,3
2025-06,수입,푸조,308,3
2025-06,국산,쉐보레,볼트 EUV,2
2025-06,수입,람보르기니,Urus,2
2025-06,수입,롤스로이스,Spectre,2
2025-06,수입,마세라티,Grecale Folgore,2
2025-06,수입,테슬라,Model X,2
2025-06,수입,페라리,Roma Spider,2
2025-06,수입,페라리,SF90 Stradale,2
2025-06,수입,BMW,6 Series,1
2025-06,수입,람보르기니,Huracan EVO,1
2025-06,수입,롤스로이스,Ghost Series II,1
2025-06,수입,롤스로이스,Phantom Series II,1
2025-06,수입,벤츠,EQE,1
2025-06,수입,벤틀리,Continental GT,1
2025-06,수입,아우디,Q8 e-tron,1
2025-06,수입,캐딜락,CT5,1
2025-06,수입,포르쉐,718 Cayman,1
2025-07,국산,기아,카니발,7211
2025-07,국산,기아,쏘렌토,7053
2025-07,수입,테슬라,Model Y,6559
2025-07,국산,현대,디 올 뉴 팰리세이드,6238
2025-07,국산,현대,아반떼,5986
2025-07,국산,기아,스포티지,5424
2025-07,국산,기아,셀토스,4921
2025-07,국산,현대,그랜저,4408
2025-07,국산,현대,싼타페,4252
2025-07,국산,현대,투싼,4011
2025-07,국산,현대,스타리아,3632
2025-07,국산,현대,포터2,3368
2025-07,국산,현대,쏘나타 디 엣지,3314
2025-07,국산,르노코리아,그랑 콜레오스,3029
2025-07,국산,기아,봉고 3,2952
2025-07,국산,기아,K5,2868
2025-07,국산,제네시스,G80,2711
2025-07,국산,제네시스,GV70,2444
2025-07,국산,기아,레이,2327
2025-07,국산,현대,코나,2227
2025-07,국산,기아,EV3,2199
2025-07,국산,제네시스,GV80,2157
2025-07,국산,기아,K8,2090
2025-07,수입,BMW,5 Series,2059
2025-07,국산,기아,EV4,1485
2025-07,국산,현대,아이오닉 5,1474
2025-07,국산,기아,레이 EV,1442
2025-07,수입,벤츠,E-Class,1379
2025-07,국산,현대,버스/트럭 (현대),1378
2025-07,국산,KGM,무쏘 EV,1339
2025-07,국산,현대,베뉴,1272
2025-07,국산,기아,타스만,1271
2025-07,국산,KGM,액티언,1248
2025-07,국산,현대,아이오닉 9,1137
2025-07,국산,기아,니로,1027
2025-07,국산,쉐보레,트랙스 크로스오버,1001
2025-07,국산,현대,디 올 뉴 넥쏘,1001
2025-07,국산,기아,EV6,936
2025-07,국산,현대,포터2 일렉트릭,928
2025-07,수입,벤츠,GLC-Class,840
2025-07,국산,기아,모닝,838
2025-07,수입,테슬라,Model 3,798
2025-07,국산,기아,봉고 3 EV,684
2025-07,수입,BMW,3 Series,666
2025-07,국산,현대,캐스퍼 일렉트릭,648
2025-07,국산,현대,아이오닉 6,616
2025-07,국산,현대,캐스퍼,597
2025-07,국산,제네시스,G90,579
2025-07,국산,현대,마이티,546
2025-07,수입,BMW,X3,546
2025-07,수입,벤츠,S-Class,528
2025-07,국산,KGM,토레스,511
2025-07,국산,르노코리아,아르카나,511
2025-07,수입,렉서스,ES,460
2025-07,수입,렉서스,NX,459
2025-07,수입,BMW,7 Series,454
2025-07,국산,KGM,티볼리,446
2025-07,수입,아우디,Q4 e-tron,430
2025-07,수입,BMW,X5,414
2025-07,국산,르노코리아,QM6,384
2025-07,국산,KGM,무쏘 스포츠,373
2025-07,수입,BMW,X7,369
2025-07,국산,현대,코나 일렉트릭,365
2025-07,수입,벤츠,GLE-Class,362
2025-07,수입,미니,Cooper,354
2025-07,수입,볼보,XC60,346
2025-07,수입,BMW,X4,317
2025-07,수입,BMW,X6,315
2025-07,수입,폭스바겐,ID.4,302
2025-07,수입,벤츠,G-Class,271
2025-07,수입,볼보,XC90,264
2025-07,수입,렉서스,RX,257
2025-07,수입,포르쉐,Cayenne,257
2025-07,수입,BYD,ATTO 3,254
2025-07,수입,벤츠,CLE,254
2025-07,수입,포르쉐,Taycan,245
2025-07,국산,KGM,무쏘 칸,239
2025-07,수입,포르쉐,Panamera,230
2025-07,수입,토요타,RAV4,223
2025-07,수입,BMW,X1,210
2025-07,수입,BMW,4 Series,208
2025-07,수입,벤츠,C-Class,208
2025-07,수입,폴스타,Polestar 4,198
2025-07,국산,쉐보레,트레일블레이저,190
2025-07,수입,BMW,i5,174
2025-07,국산,기아,EV9,173
2025-07,수입,포르쉐,Macan Electric,170
2025-07,수입,토요타,Alphard,164
2025-07,수입,토요타,Camry,163
2025-07,국산,KGM,토레스 EVX,162
2025-07,수입,폭스바겐,Golf,160
2025-07,국산,현대,아반떼 N,159
2025-07,수입,볼보,S90,153
2025-07,국산,현대,카운티,150
2025-07,수입,볼보,XC40,145
2025-07,수입,포드,Explorer,137
2025-07,수입,랜드로버,Range Rover Sport,131
2025-07,수입,아우디,The new A5,130
2025-07,수입,지프,Wrangler,129
2025-07,국산,현대,ST1,127
2025-07,수입,아우디,A3,127
2025-07,수입,미니,Countryman,123
2025-07,수입,아우디,Q6 e-tron,123
2025-07,수입,미니,Mini Electric,116
2025-07,국산,현대,쏠라티,115
2025-07,국산,기아,K9,113
2025-07,국산,기아,버스 (기아),111
2025-07,수입,랜드로버,Range Rover,110
2025-07,국산,제네시스,Electrified GV70,109
2025-07,국산,KGM,렉스턴 뉴 아레나,107
2025-07,수입,토요타,Prius,104
2025-07,수입,아우디,The new Q5,102
2025-07,수입,아우디,Q3,100
2025-07,수입,랜드로버,Defender,97
2025-07,수입,혼다,CR-V,96
2025-07,수입,포르쉐,911,95
2025-07,수입,벤츠,GLS-Class,94
2025-07,수입,렉서스,UX,92
2025-07,수입,토요타,Crown,88
2025-07,국산,제네시스,GV60,81
2025-07,수입,BMW,iX3,79
2025-07,수입,벤츠,A-Class,79
2025-07,수입,폭스바겐,ID.5,79
2025-07,국산,제네시스,Electrified G80,75
2025-07,수입,BMW,i4,75
2025-07,수입,BMW,2 Series Active Tourer,74
2025-07,국산,제네시스,G70,71
2025-07,수입,링컨,Nautilus,69
2025-07,수입,벤츠,GLB-Class,68
2025-07,수입,볼보,EX30,68
2025-07,수입,BMW,i7,67
2025-07,수입,BMW,X2,65
2025-07,수입,벤츠,EQS SUV,61
2025-07,수입,포드,Ranger,61
2025-07,수입,미니,Convertible,59
2025-07,수입,아우디,A6,56
2025-07,수입,링컨,Aviator,53
2025-07,수입,아우디,Q8,52
2025-07,수입,포드,Bronco,52
2025-07,수입,BMW,8 Series,51
2025-07,수입,렉서스,LM,51
2025-07,수입,벤츠,Maybach S-Class,51
2025-07,수입,BMW,iX1,49
2025-07,수입,벤츠,EQA,48
2025-07,수입,아우디,A7,47
2025-07,수입,캐딜락,Escalade,46
2025-07,수입,포드,Mustang,46
2025-07,국산,르노코리아,마스터,44
2025-07,수입,BMW,Z4,44
2025-07,수입,지프,Renegade,44
2025-07,수입,푸조,3008,43
2025-07,수입,람보르기니,Urus S,41
2025-07,수입,렉서스,LX,41
2025-07,수입,벤츠,Maybach GLS,39
2025-07,수입,아우디,Q7,39
2025-07,수입,BYD,SEAL,38
2025-07,수입,BMW,M3,37
2025-07,수입,미니,Countryman Electric,37
2025-07,수입,폭스바겐,Atlas,37
2025-07,국산,현대,아이오닉 5 N,36
2025-07,수입,BMW,M2,36
2025-07,수입,BMW,XM,36
2025-07,수입,벤츠,EQE SUV,36
2025-07,수입,미니,Aceman,35
2025-07,수입,BMW,1 Series,33
2025-07,국산,르노코리아,SM6,32
2025-07,국산,KGM,코란도,31
2025-07,수입,혼다,Accord,31
2025-07,수입,랜드로버,Range Rover Velar,30
2025-07,수입,벤츠,SL-Class,26
2025-07,수입,폴스타,Polestar 2,25
2025-07,수입,GMC,Sierra,24
2025-07,수입,마세라티,Grecale,24
2025-07,수입,벤츠,GLA-Class,24
2025-07,수입,아우디,A5,24
2025-07,수입,지프,Grand Cherokee,24
2025-07,수입,BMW,M4,23
2025-07,수입,BMW,iX2,23
2025-07,수입,벤츠,Electric G-Class,23
2025-07,수입,볼보,V60 Cross Country,23
2025-07,수입,폭스바겐,Touareg,23
2025-07,수입,벤츠,EQB,20
2025-07,수입,토요타,GR 86,20
2025-07,수입,푸조,5008,20
2025-07,수입,벤츠,The New AMG GT,19
2025-07,수입,BMW,M5,18
2025-07,수입,벤츠,CLA-Class,16
2025-07,수입,지프,Gladiator,16
2025-07,수입,포르쉐,718 Boxster,16
2025-07,국산,현대,카운티 일렉트릭,15
2025-07,수입,랜드로버,Range Rover Evoque,15
2025-07,수입,캐딜락,Lyriq,15
2025-07,수입,혼다,Pilot,15
2025-07,수입,람보르기니,Revuelto,14
2025-07,수입,벤츠,AMG GT,14
2025-07,수입,벤틀리,The new Continental,14
2025-07,수입,볼보,V90 Cross Country,14
2025-07,수입,토요타,Sienna,14
2025-07,수입,아우디,e-tron GT,13
2025-07,수입,벤틀리,Bentayga,12
2025-07,수입,BMW,2 Series Gran Coupe,11
2025-07,수입,BMW,X5 M,10
2025-07,수입,페라리,Roma Spider,10
2025-07,수입,푸조,408,10
2025-07,수입,렉서스,LS,9
2025-07,국산,기아,니로 EV,8
2025-07,국산,쉐보레,콜로라도,8
2025-07,수입,BMW,X6 M,8
2025-07,수입,롤스로이스,Cullinan Series2,8
2025-07,수입,페라리,Purosangue,8
2025-07,수입,BMW,iX,7
2025-07,수입,랜드로버,Discovery Sport,7
2025-07,수입,아우디,A8,7
2025-07,수입,벤츠,EQS,6
2025-07,수입,지프,Avenger,6
2025-07,수입,아우디,Q5,5
2025-07,수입,푸조,308,5
2025-07,수입,BMW,2 Series,4
2025-07,수입,롤스로이스,Ghost Series II,4
2025-07,수입,마세라티,Grecale Folgore,4
2025-07,국산,쉐보레,트래버스,3
2025-07,수입,BMW,X3 M,3
2025-07,수입,BMW,X4 M,3
2025-07,수입,랜드로버,Discovery,3
2025-07,수입,벤츠,EQE,3
2025-07,수입,벤츠,Maybach EQS SUV,3
2025-07,수입,아우디,A4,3
2025-07,수입,토요타,Highlander,3
2025-07,수입,페라리,SF90 Stradale,3
2025-07,국산,쉐보레,말리부,2
2025-07,수입,BMW,M8,2
2025-07,수입,롤스로이스,Phantom Series II,2
2025-07,수입,볼보,EX40,2
2025-07,수입,페라리,296 GTS,2
2025-07,국산,쉐보레,이쿼녹스,1
2025-07,수입,롤스로이스,Spectre,1
2025-07,수입,아우디,Q8 e-tron,1
2025-07,수입,캐딜락,CT5,1
2025-07,수입,페라리,296 GTB,1
2025-07,수입,페라리,SF90 Spider,1
2025-07,수입,포르쉐,718 Cayman,1
2025-07,수입,혼다,Odyssey,1
2025-08,국산,현대,아반떼,7504
2025-08,수입,테슬라,Model Y,6683
2025-08,국산,기아,쏘렌토,6531
2025-08,국산,기아,카니발,6031
2025-08,국산,기아,스포티지,5755
2025-08,국산,현대,디 올 뉴 팰리세이드,5232
2025-08,국산,현대,그랜저,5139
2025-08,국산,현대,포터2,4253
2025-08,국산,기아,셀토스,4238
2025-08,국산,현대,투싼,3873
2025-08,국산,현대,쏘나타 디 엣지,3527
2025-08,국산,현대,싼타페,3303
2025-08,국산,현대,스타리아,3246
2025-08,국산,기아,K5,3238
2025-08,국산,르노코리아,그랑 콜레오스,2903
2025-08,국산,제네시스,GV70,2882
2025-08,국산,제네시스,G80,2745
2025-08,국산,기아,봉고 3,2698
2025-08,국산,제네시스,GV80,2635
2025-08,국산,현대,코나,2473
2025-08,국산,기아,레이,2463
2025-08,국산,기아,EV3,2317
2025-08,국산,기아,모닝,2080
2025-08,수입,BMW,5 Series,1993
2025-08,국산,기아,K8,1976
2025-08,수입,벤츠,E-Class,1693
2025-08,국산,현대,아이오닉 5,1640
2025-08,국산,현대,버스/트럭 (현대),1316
2025-08,국산,현대,포터2 일렉트릭,1294
2025-08,수입,테슬라,Model 3,1291
2025-08,국산,현대,디 올 뉴 넥쏘,1203
2025-08,국산,기아,EV4,1124
2025-08,국산,기아,EV6,1080
2025-08,국산,KGM,무쏘 EV,1040
2025-08,국산,KGM,액티언,1040
2025-08,국산,기아,니로,1037
2025-08,국산,기아,레이 EV,1021
2025-08,국산,쉐보레,트랙스 크로스오버,993
2025-08,국산,현대,아이오닉 9,926
2025-08,국산,기아,타스만,887
2025-08,국산,현대,베뉴,813
2025-08,국산,현대,캐스퍼,791
2025-08,수입,벤츠,GLC-Class,653
2025-08,국산,기아,봉고 3 EV,644
2025-08,수입,볼보,XC60,629
2025-08,국산,제네시스,G90,577
2025-08,수입,BMW,X5,553
2025-08,국산,현대,마이티,540
2025-08,국산,현대,코나 일렉트릭,540
2025-08,수입,BMW,3 Series,525
2025-08,수입,BMW,7 Series,524
2025-08,수입,BMW,X3,505
2025-08,수입,렉서스,ES,495
2025-08,국산,KGM,티볼리,469
2025-08,국산,현대,캐스퍼 일렉트릭,456
2025-08,국산,르노코리아,아르카나,451
2025-08,국산,KGM,무쏘 스포츠,445
2025-08,수입,아우디,Q4 e-tron,444
2025-08,수입,벤츠,GLE-Class,442
2025-08,국산,르노코리아,QM6,384
2025-08,국산,KGM,토레스,382
2025-08,수입,벤츠,S-Class,352
2025-08,수입,미니,Cooper,334
2025-08,수입,렉서스,NX,326
2025-08,수입,BMW,X7,321
2025-08,수입,BMW,X4,316
2025-08,수입,BMW,X6,302
2025-08,수입,아우디,Q6 e-tron,290
2025-08,수입,렉서스,RX,255
2025-08,국산,KGM,토레스 EVX,253
2025-08,수입,폴스타,Polestar 4,252
2025-08,수입,BMW,X1,234
2025-08,국산,현대,더 뉴 아이오닉 6,230
2025-08,수입,BYD,ATTO 3,230
2025-08,국산,KGM,무쏘 칸,226
2025-08,수입,포르쉐,Cayenne,221
2025-08,수입,BMW,4 Series,216
2025-08,수입,포드,Explorer,205
2025-08,수입,볼보,XC90,203
2025-08,국산,현대,ST1,201
2025-08,국산,제네시스,G70,199
2025-08,수입,볼보,S90,194
2025-08,국산,쉐보레,트레일블레이저,185
2025-08,국산,현대,카운티,179
2025-08,국산,KGM,렉스턴 뉴 아레나,168
2025-08,수입,벤츠,C-Class,167
2025-08,수입,포르쉐,Macan Electric,167
2025-08,수입,볼보,XC40,166
2025-08,수입,토요타,RAV4,165
2025-08,국산,기아,PV5,161
2025-08,수입,포르쉐,Taycan,160
2025-08,수입,벤츠,CLE,158
2025-08,수입,토요타,Camry,158
2025-08,수입,벤츠,G-Class,157
2025-08,국산,현대,쏠라티,152
2025-08,국산,현대,아반떼 N,151
2025-08,수입,랜드로버,Range Rover Sport,149
2025-08,수입,벤츠,GLS-Class,145
2025-08,국산,기아,K9,143
2025-08,수입,랜드로버,Range Rover,137
2025-08,수입,BYD,SEAL,136
2025-08,수입,토요타,Alphard,134
2025-08,수입,토요타,Sienna,129
2025-08,수입,폭스바겐,Golf,123
2025-08,수입,BMW,iX,121
2025-08,수입,포르쉐,Panamera,121
2025-08,수입,토요타,Prius,118
2025-08,국산,기아,버스 (기아),114
2025-08,국산,기아,EV9,112
2025-08,수입,미니,Mini Electric,109
2025-08,국산,제네시스,Electrified GV70,101
2025-08,수입,BMW,i4,101
2025-08,수입,아우디,The new A5,97
2025-08,수입,토요타,Crown,96
2025-08,수입,폭스바겐,Atlas,96
2025-08,수입,미니,Countryman,92
2025-08,국산,제네시스,GV60,91
2025-08,수입,폭스바겐,ID.5,91
2025-08,수입,아우디,The new Q5,89
2025-08,수입,랜드로버,Defender,88
2025-08,수입,포르쉐,911,87
2025-08,수입,아우디,Q3,84
2025-08,국산,제네시스,Electrified G80,81
2025-08,수입,BMW,X2,81
2025-08,수입,BMW,M2,80
2025-08,수입,폭스바겐,ID.4,79
2025-08,수입,BMW,iX3,78
2025-08,수입,BMW,i5,76
2025-08,수입,토요타,Highlander,75
2025-08,수입,지프,Wrangler,73
2025-08,수입,벤츠,EQB,71
2025-08,수입,렉서스,UX,70
2025-08,수입,벤츠,EQA,70
2025-08,수입,벤츠,GLB-Class,70
2025-08,수입,렉서스,LM,69
2025-08,수입,BMW,2 Series Active Tourer,62
2025-08,수입,BMW,i7,62
2025-08,국산,르노코리아,SM6,58
2025-08,수입,BMW,8 Series,55
2025-08,수입,미니,Countryman Electric,55
2025-08,수입,포드,Mustang,55
2025-08,수입,포드,Ranger,54
2025-08,수입,벤츠,A-Class,53
2025-08,수입,볼보,EX30,52
2025-08,수입,벤츠,GLA-Class,51
2025-08,수입,혼다,CR-V,49
2025-08,수입,아우디,Q7,48
2025-08,수입,아우디,A7,47
2025-08,수입,캐딜락,Escalade,47
2025-08,수입,링컨,Nautilus,46
2025-08,수입,미니,Convertible,45
2025-08,수입,볼보,V60 Cross Country,44
2025-08,수입,BMW,iX1,43
2025-08,수입,벤츠,Maybach S-Class,41
2025-08,수입,푸조,3008,41
2025-08,수입,포드,Bronco,40
2025-08,수입,BMW,Z4,39
2025-08,수입,아우디,Q8,39
2025-08,수입,혼다,Accord,39
2025-08,국산,르노코리아,세닉 E-테크 일렉트릭,38
2025-08,수입,BMW,1 Series,36
2025-08,수입,랜드로버,Range Rover Velar,35
2025-08,국산,르노코리아,마스터,34
2025-08,수입,벤츠,CLA-Class,34
2025-08,수입,벤츠,Maybach GLS,34
2025-08,수입,아우디,A3,34
2025-08,국산,KGM,코란도,32
2025-08,수입,아우디,A6 e-tron,32
2025-08,수입,BMW,XM,31
2025-08,수입,미니,Aceman,30
2025-08,수입,렉서스,LX,29
2025-08,수입,벤츠,EQE SUV,28
2025-08,수입,지프,Grand Cherokee,27
2025-08,수입,벤츠,Electric G-Class,26
2025-08,국산,기아,니로 EV,25
2025-08,수입,마세라티,Grecale,25
2025-08,수입,GMC,Sierra,24
2025-08,수입,벤츠,EQS SUV,24
2025-08,수입,벤츠,SL-Class,23
2025-08,국산,현대,아이오닉 5 N,22
2025-08,수입,아우디,A5,22
2025-08,수입,BMW,M5,21
2025-08,수입,폭스바겐,Touareg,21
2025-08,수입,푸조,5008,21
2025-08,수입,람보르기니,Urus S,20
2025-08,수입,아우디,A6,19
2025-08,수입,지프,Gladiator,17
2025-08,수입,벤츠,The New AMG GT,16
2025-08,수입,볼보,V90 Cross Country,16
2025-08,국산,현대,카운티 일렉트릭,15
2025-08,수입,BMW,M3,15
2025-08,수입,랜드로버,Range Rover Evoque,15
2025-08,수입,벤츠,AMG GT,15
2025-08,수입,BMW,M4,14
2025-08,수입,BMW,2 Series Gran Coupe,13
2025-08,수입,페라리,Roma Spider,13
2025-08,수입,랜드로버,Discovery,12
2025-08,수입,링컨,Aviator,12
2025-08,수입,페라리,Purosangue,12
2025-08,수입,혼다,Odyssey,12
2025-08,수입,롤스로이스,Cullinan Series2,11
2025-08,수입,벤틀리,The new Continental,11
2025-08,수입,혼다,Pilot,11
2025-08,수입,BMW,X6 M,10
2025-08,수입,랜드로버,Discovery Sport,10
2025-08,수입,캐딜락,Lyriq,10
2025-08,수입,BMW,iX2,9
2025-08,수입,푸조,408,9
2025-08,수입,벤틀리,Bentayga,8
2025-08,수입,토요타,GR 86,8
2025-08,수입,BMW,X5 M,7
2025-08,수입,BMW,2 Series,6
2025-08,수입,BMW,X4 M,6
2025-08,수입,아우디,A4,6
2025-08,수입,렉서스,LS,5
2025-08,수입,벤츠,Maybach EQS SUV,5
2025-08,수입,볼보,EX40,5
2025-08,수입,아우디,A8,5
2025-08,수입,포르쉐,The New 911,5
2025-08,수입,폴스타,Polestar 2,5
2025-08,수입,볼보,EX30 CC,4
2025-08,수입,아우디,e-tron GT,4
2025-08,수입,포르쉐,718 Boxster,4
2025-08,국산,쉐보레,콜로라도,3
2025-08,수입,BYD,SEALION 7,3
2025-08,수입,람보르기니,Revuelto,3
2025-08,수입,롤스로이스,Phantom Series II,3
2025-08,수입,벤츠,EQS,3
2025-08,수입,벤틀리,Flying Spur,3
2025-08,수입,지프,Renegade,3
2025-08,수입,BMW,M8,2
2025-08,수입,롤스로이스,Spectre,2
2025-08,수입,아우디,Q5,2
2025-08,수입,페라리,296 GTS,2
2025-08,수입,BMW,X3 M,1
2025-08,수입,람보르기니,Urus,1
2025-08,수입,마세라티,Grecale Folgore,1
2025-08,수입,벤츠,EQE,1
2025-08,수입,벤틀리,Continental,1
2025-08,수입,아우디,e-tron,1
2025-08,수입,지프,Avenger,1
2025-08,수입,페라리,12Cilindri,1
2025-08,수입,페라리,SF90 Stradale,1
2025-08,수입,푸조,308,1
2025-09,국산,기아,쏘렌토,8978
2025-09,수입,테슬라,Model Y,8361
2025-09,국산,현대,아반떼,7489
2025-09,국산,기아,카니발,6758
2025-09,국산,기아,스포티지,6416
2025-09,국산,현대,싼타페,5763
2025-09,국산,현대,그랜저,5398
2025-09,국산,현대,투싼,5130
2025-09,국산,기아,셀토스,4965
2025-09,국산,현대,쏘나타 디 엣지,4787
2025-09,국산,현대,포터2,4322
2025-09,국산,현대,디 올 뉴 팰리세이드,4070
2025-09,수입,벤츠,E-Class,3274
2025-09,국산,제네시스,G80,3198
2025-09,국산,기아,K5,3127
2025-09,국산,현대,스타리아,3101
2025-09,국산,르노코리아,그랑 콜레오스,3019
2025-09,국산,기아,레이,2962
2025-09,국산,기아,봉고 3,2928
2025-09,국산,현대,코나,2884
2025-09,국산,제네시스,GV70,2690
2025-09,국산,제네시스,GV80,2564
2025-09,국산,현대,아이오닉 5,2246
2025-09,수입,BMW,5 Series,2196
2025-09,국산,기아,K8,2159
2025-09,국산,기아,EV3,1927
2025-09,국산,기아,모닝,1805
2025-09,국산,현대,버스/트럭 (현대),1702
2025-09,국산,기아,EV6,1322
2025-09,국산,현대,아이오닉 9,1272
2025-09,국산,현대,디 올 뉴 넥쏘,1239
2025-09,국산,현대,캐스퍼,1174
2025-09,국산,기아,EV4,1151
2025-09,국산,KGM,액티언,1057
2025-09,국산,기아,레이 EV,1041
2025-09,국산,기아,니로,1025
2025-09,국산,쉐보레,트랙스 크로스오버,1012
2025-09,국산,현대,포터2 일렉트릭,1003
2025-09,국산,현대,베뉴,1002
2025-09,국산,현대,캐스퍼 일렉트릭,970
2025-09,국산,KGM,무쏘 EV,957
2025-09,수입,벤츠,GLC-Class,900
2025-09,수입,BYD,SEALION 7,825
2025-09,국산,기아,타스만,777
2025-09,수입,테슬라,Model 3,708
2025-09,국산,현대,코나 일렉트릭,702
2025-09,국산,현대,마이티,696
2025-09,수입,벤츠,GLE-Class,693
2025-09,국산,기아,PV5,672
2025-09,국산,KGM,토레스,663
2025-09,국산,현대,더 뉴 아이오닉 6,657
2025-09,수입,볼보,XC60,628
2025-09,수입,렉서스,ES,614
2025-09,수입,BMW,X5,606
2025-09,수입,아우디,Q4 e-tron,582
2025-09,수입,BMW,X3,577
2025-09,국산,제네시스,G90,575
2025-09,수입,BMW,3 Series,556
2025-09,국산,르노코리아,아르카나,530
2025-09,국산,KGM,티볼리,501
2025-09,국산,기아,봉고 3 EV,500
2025-09,수입,벤츠,S-Class,492
2025-09,국산,르노코리아,QM6,426
2025-09,수입,BMW,7 Series,393
2025-09,국산,KGM,무쏘 스포츠,387
2025-09,수입,폴스타,Polestar 4,361
2025-09,수입,미니,Cooper,356
2025-09,수입,BMW,X7,338
2025-09,수입,렉서스,NX,324
2025-09,수입,아우디,Q6 e-tron,314
2025-09,국산,현대,ST1,310
2025-09,수입,BMW,X6,308
2025-09,수입,BMW,X4,305
2025-09,수입,포르쉐,Cayenne,293
2025-09,수입,볼보,XC40,290
2025-09,수입,렉서스,RX,282
2025-09,수입,벤츠,CLE,279
2025-09,국산,기아,EV5,272
2025-09,수입,포드,Explorer,246
2025-09,국산,KGM,무쏘 칸,240
2025-09,수입,벤츠,G-Class,223
2025-09,수입,BMW,X1,216
2025-09,수입,벤츠,GLS-Class,216
2025-09,수입,토요타,Camry,213
2025-09,수입,토요타,RAV4,207
2025-09,수입,랜드로버,Range Rover Sport,204
2025-09,수입,볼보,XC90,198
2025-09,수입,랜드로버,Range Rover,197
2025-09,국산,쉐보레,트레일블레이저,190
2025-09,국산,현대,카운티,187
2025-09,국산,현대,아반떼 N,186
2025-09,수입,BMW,4 Series,176
2025-09,수입,포르쉐,Macan Electric,175
2025-09,국산,제네시스,G70,173
2025-09,국산,KGM,토레스 EVX,160
2025-09,수입,토요타,Alphard,160
2025-09,수입,벤츠,C-Class,159
2025-09,국산,제네시스,Electrified G80,156
2025-09,수입,랜드로버,Defender,151
2025-09,수입,미니,Mini Electric,151
2025-09,국산,기아,EV9,147
2025-09,수입,BYD,ATTO 3,145
2025-09,수입,미니,Countryman,138
2025-09,국산,기아,버스 (기아),137
2025-09,수입,포르쉐,Taycan,135
2025-09,국산,르노코리아,마스터,131
2025-09,국산,현대,쏠라티,131
2025-09,수입,BMW,iX,121
2025-09,수입,포르쉐,Panamera,121
2025-09,국산,기아,K9,109
2025-09,수입,아우디,The new Q5,109
2025-09,수입,BMW,X2,107
2025-09,수입,토요타,Prius,105
2025-09,국산,KGM,렉스턴 뉴 아레나,102
2025-09,국산,제네시스,Electrified GV70,101
2025-09,수입,아우디,The new A5,101
2025-09,수입,렉서스,UX,97
2025-09,수입,지프,Wrangler,97
2025-09,수입,BMW,i4,96
2025-09,수입,볼보,S90,94
2025-09,수입,토요타,Crown,92
2025-09,수입,폭스바겐,Atlas,92
2025-09,수입,벤츠,GLB-Class,91
2025-09,수입,토요타,Sienna,90
2025-09,수입,캐딜락,Escalade,83
2025-09,수입,벤츠,EQB,82
2025-09,국산,제네시스,GV60,81
2025-09,수입,벤츠,EQA,78
2025-09,수입,볼보,EX30,75
2025-09,수입,지프,Avenger,75
2025-09,수입,벤츠,A-Class,74
2025-09,수입,BMW,2 Series Active Tourer,73
2025-09,수입,BMW,i7,73
2025-09,수입,랜드로버,Range Rover Velar,72
2025-09,수입,링컨,Nautilus,72
2025-09,수입,포드,Ranger,69
2025-09,수입,아우디,A3,66
2025-09,수입,포르쉐,The New 911,65
2025-09,수입,BMW,i5,64
2025-09,수입,아우디,Q3,63
2025-09,수입,미니,Aceman,62
2025-09,수입,벤츠,Maybach S-Class,62
2025-09,수입,혼다,Accord,61
2025-09,수입,볼보,V60 Cross Country,58
2025-09,수입,미니,Convertible,57
2025-09,수입,벤츠,Maybach GLS,57
2025-09,수입,벤틀리,Flying Spur,57
2025-09,수입,BMW,iX3,55
2025-09,수입,렉서스,LM,55
2025-09,수입,아우디,A7,55
2025-09,수입,BMW,8 Series,54
2025-09,수입,BMW,iX1,53
2025-09,수입,BMW,Z4,52
2025-09,수입,푸조,3008,51
2025-09,국산,르노코리아,세닉 E-테크 일렉트릭,50
2025-09,수입,BYD,SEAL,50
2025-09,수입,폭스바겐,Golf,46
2025-09,수입,아우디,A6 e-tron,45
2025-09,수입,푸조,5008,44
2025-09,수입,랜드로버,Discovery Sport,42
2025-09,수입,랜드로버,Range Rover Evoque,42
2025-09,수입,폭스바겐,Touareg,42
2025-09,수입,BMW,M2,41
2025-09,수입,지프,Grand Cherokee,41
2025-09,수입,벤츠,CLA-Class,40
2025-09,수입,아우디,Q7,40
2025-09,수입,BMW,1 Series,38
2025-09,수입,람보르기니,Urus S,38
2025-09,수입,렉서스,LX,38
2025-09,수입,토요타,Highlander,37
2025-09,수입,BMW,2 Series Gran Coupe,36
2025-09,수입,볼보,EX30 CC,36
2025-09,수입,포드,Bronco,36
2025-09,수입,미니,Countryman Electric,34
2025-09,국산,KGM,코란도,33
2025-09,수입,벤츠,AMG GT,32
2025-09,수입,벤츠,Electric G-Class,31
2025-09,수입,폭스바겐,ID.5,30
2025-09,수입,BMW,XM,29
2025-09,국산,르노코리아,SM6,26
2025-09,수입,벤츠,GLA-Class,26
2025-09,수입,마세라티,Grecale,25
2025-09,수입,벤츠,SL-Class,25
2025-09,수입,아우디,Q8,24
2025-09,국산,기아,니로 EV,23
2025-09,국산,현대,아이오닉 5 N,23
2025-09,수입,벤츠,EQS SUV,20
2025-09,수입,페라리,Roma Spider,20
2025-09,국산,현대,카운티 일렉트릭,19
2025-09,수입,GMC,Sierra,18
2025-09,수입,벤츠,The New AMG GT,18
2025-09,수입,볼보,V90 Cross Country,17
2025-09,수입,링컨,Aviator,15
2025-09,수입,벤틀리,The new Continental,15
2025-09,수입,푸조,408,15
2025-09,수입,랜드로버,Discovery,14
2025-09,수입,벤츠,EQE SUV,14
2025-09,수입,지프,Gladiator,14
2025-09,수입,페라리,Purosangue,13
2025-09,수입,캐딜락,Lyriq,12
2025-09,수입,포르쉐,911,12
2025-09,수입,벤츠,EQS,11
2025-09,수입,아우디,A6,11
2025-09,수입,BMW,X6 M,10
2025-09,수입,벤틀리,Bentayga,9
2025-09,수입,BMW,X5 M,8
2025-09,수입,토요타,GR 86,8
2025-09,수입,혼다,Pilot,8
2025-09,수입,렉서스,LS,7
2025-09,수입,아우디,A5,7
2025-09,수입,롤스로이스,Cullinan Series2,6
2025-09,수입,벤츠,Maybach EQS SUV,6
2025-09,수입,푸조,308,6
2025-09,수입,BMW,M3,5
2025-09,수입,BMW,M4,5
2025-09,수입,BMW,X4 M,5
2025-09,수입,BMW,iX2,5
2025-09,수입,아우디,A8,5
2025-09,수입,혼다,CR-V,5
2025-09,국산,쉐보레,콜로라도,4
2025-09,수입,BMW,2 Series,4
2025-09,수입,람보르기니,Revuelto,4
2025-09,수입,링컨,Navigator,4
2025-09,수입,BMW,M5,3
2025-09,수입,롤스로이스,Ghost Series II,3
2025-09,수입,마세라티,Grecale Folgore,3
2025-09,수입,볼보,EX40,3
2025-09,수입,아우디,A4,3
2025-09,수입,혼다,Odyssey,3
2025-09,국산,쉐보레,트래버스,2
2025-09,수입,롤스로이스,Spectre,2
2025-09,수입,캐딜락,Escalade IQ,2
2025-09,수입,BMW,M8,1
2025-09,수입,BMW,X3 M,1
2025-09,수입,마세라티,GranCabrio,1
2025-09,수입,마세라티,GranTurismo,1
2025-09,수입,마세라티,MC20 Cielo,1
2025-09,수입,벤츠,EQE,1
2025-09,수입,벤틀리,Continental,1
2025-09,수입,아우디,e-tron GT,1
2025-09,수입,페라리,SF90 Spider,1
2025-09,수입,페라리,SF90 Stradale,1
2025-09,수입,포르쉐,718 Boxster,1
2025-09,수입,포르쉐,718 Cayman,1
2025-09,수입,폭스바겐,ID.4,1
2025-10,국산,기아,쏘렌토,6788
2025-10,국산,현대,아반떼,5869
2025-10,국산,현대,그랜저,5074
2025-10,국산,현대,싼타페,4861
2025-10,국산,현대,쏘나타 디 엣지,4603
2025-10,국산,기아,카니발,4515
2025-10,국산,기아,스포티지,4055
2025-10,국산,현대,투싼,3909
2025-10,국산,현대,디 올 뉴 팰리세이드,3829
2025-10,수입,테슬라,Model Y,3712
2025-10,국산,현대,포터2,3375
2025-10,국산,기아,셀토스,3365
2025-10,국산,기아,K5,3045
2025-10,국산,기아,봉고 3,2995
2025-10,국산,제네시스,G80,2940
2025-10,국산,르노코리아,그랑 콜레오스,2934
2025-10,국산,제네시스,GV80,2850
2025-10,국산,기아,레이,2591
2025-10,국산,현대,코나,2530
2025-10,수입,벤츠,E-Class,2490
2025-10,국산,제네시스,GV70,2435
2025-10,국산,현대,스타리아,2420
2025-10,국산,기아,K8,2129
2025-10,국산,기아,모닝,2062
2025-10,국산,기아,PV5,1814
2025-10,수입,BMW,5 Series,1783
2025-10,국산,기아,EV3,1423
2025-10,국산,현대,버스/트럭 (현대),1299
2025-10,국산,기아,EV5,1150
2025-10,국산,기아,니로,1122
2025-10,국산,현대,아이오닉 5,1098
2025-10,국산,현대,캐스퍼 일렉트릭,971
2025-10,국산,쉐보레,트랙스 크로스오버,959
2025-10,국산,KGM,토레스,957
2025-10,국산,기아,레이 EV,791
2025-10,수입,벤츠,GLE-Class,758
2025-10,수입,벤츠,GLC-Class,752
2025-10,국산,기아,EV6,747
2025-10,국산,KGM,액티언,701
2025-10,국산,현대,아이오닉 9,667
2025-10,수입,BMW,3 Series,667
2025-10,국산,기아,EV4,654
2025-10,국산,현대,디 올 뉴 넥쏘,646
2025-10,수입,테슬라,Model 3,636
2025-10,수입,렉서스,ES,614
2025-10,국산,기아,타스만,611
2025-10,수입,BMW,X3,607
2025-10,국산,현대,포터2 일렉트릭,604
2025-10,국산,KGM,무쏘 EV,581
2025-10,국산,현대,베뉴,556
2025-10,수입,BYD,SEALION 7,513
2025-10,국산,현대,캐스퍼,511
2025-10,수입,BMW,X5,507
2025-10,국산,KGM,티볼리,506
2025-10,국산,현대,마이티,495
2025-10,국산,제네시스,G90,492
2025-10,수입,볼보,XC60,468
2025-10,수입,벤츠,S-Class,456
2025-10,국산,르노코리아,아르카나,447
2025-10,국산,현대,코나 일렉트릭,421
2025-10,국산,르노코리아,QM6,391
2025-10,수입,BMW,7 Series,386
2025-10,수입,BMW,X7,371
2025-10,국산,현대,더 뉴 아이오닉 6,367
2025-10,수입,볼보,XC40,363
2025-10,국산,KGM,무쏘 스포츠,335
2025-10,수입,BMW,X4,303
2025-10,수입,볼보,S90,289
2025-10,수입,미니,Cooper,286
2025-10,수입,폴스타,Polestar 4,286
2025-10,수입,BYD,ATTO 3,264
2025-10,수입,벤츠,CLE,262
2025-10,수입,BMW,X6,233
2025-10,수입,BMW,i5,233
2025-10,국산,KGM,무쏘 칸,231
2025-10,수입,토요타,RAV4,226
2025-10,수입,렉서스,NX,219
2025-10,수입,벤츠,GLS-Class,216
2025-10,수입,BMW,4 Series,202
2025-10,국산,현대,ST1,199
2025-10,국산,기아,봉고 3 EV,195
2025-10,수입,BMW,X1,188
2025-10,수입,토요타,Camry,185
2025-10,수입,벤츠,G-Class,184
2025-10,국산,쉐보레,트레일블레이저,181
2025-10,국산,현대,카운티,177
2025-10,수입,렉서스,RX,176
2025-10,수입,벤츠,C-Class,175
2025-10,수입,포르쉐,Taycan,171
2025-10,수입,포르쉐,Cayenne,163
2025-10,수입,볼보,XC90,159
2025-10,수입,토요타,Alphard,156
2025-10,수입,아우디,The new Q5,154
2025-10,국산,현대,아반떼 N,145
2025-10,국산,기아,EV9,144
2025-10,수입,미니,Mini Electric,138
2025-10,수입,포드,Explorer,138
2025-10,수입,아우디,The new A5,131
2025-10,국산,제네시스,G70,127
2025-10,국산,KGM,렉스턴 뉴 아레나,125
2025-10,수입,미니,Countryman,125
2025-10,국산,현대,쏠라티,111
2025-10,수입,폭스바겐,Atlas,110
2025-10,수입,포르쉐,Macan Electric,106
2025-10,수입,렉서스,UX,100
2025-10,국산,기아,버스 (기아),95
2025-10,수입,포르쉐,Panamera,91
2025-10,국산,제네시스,GV60,88
2025-10,수입,지프,Wrangler,84
2025-10,수입,아우디,A3,83
2025-10,수입,BMW,i4,82
2025-10,수입,토요타,Sienna,82
2025-10,국산,KGM,토레스 EVX,81
2025-10,수입,랜드로버,Range Rover,79
2025-10,국산,제네시스,Electrified GV70,77
2025-10,수입,토요타,Prius,77
2025-10,수입,BMW,X2,76
2025-10,수입,벤츠,GLB-Class,72
2025-10,수입,혼다,Accord,72
2025-10,수입,BMW,iX,68
2025-10,수입,렉서스,LM,66
2025-10,수입,벤츠,EQA,66
2025-10,수입,아우디,Q6 e-tron,63
2025-10,수입,BMW,2 Series Active Tourer,59
2025-10,수입,캐딜락,Escalade,58
2025-10,수입,포르쉐,The New 911,58
2025-10,수입,BMW,iX3,56
2025-10,수입,벤츠,Maybach S-Class,54
2025-10,수입,볼보,V60 Cross Country,53
2025-10,수입,아우디,Q7,53
2025-10,수입,랜드로버,Range Rover Sport,52
2025-10,국산,제네시스,Electrified G80,51
2025-10,수입,벤츠,EQB,51
2025-10,수입,아우디,Q3,51
2025-10,수입,미니,Convertible,50
2025-10,수입,BMW,8 Series,49
2025-10,수입,BMW,iX1,49
2025-10,수입,랜드로버,Defender,49
2025-10,수입,BMW,i7,48
2025-10,수입,렉서스,LX,48
2025-10,수입,아우디,A7,48
2025-10,국산,기아,K9,47
2025-10,수입,BYD,SEAL,47
2025-10,수입,볼보,EX30 CC,46
2025-10,수입,벤츠,Maybach GLS,43
2025-10,수입,BMW,Z4,41
2025-10,수입,링컨,Nautilus,40
2025-10,수입,토요타,Crown,40
2025-10,수입,포드,Bronco,40
2025-10,수입,미니,Aceman,39
2025-10,수입,벤츠,A-Class,39
2025-10,수입,푸조,5008,39
2025-10,수입,포드,Ranger,38
2025-10,수입,벤츠,CLA-Class,36
2025-10,수입,볼보,EX30,35
2025-10,수입,벤츠,GLA-Class,33
2025-10,수입,BMW,1 Series,31
2025-10,수입,BMW,M3,31
2025-10,수입,벤츠,AMG GT,31
2025-10,수입,랜드로버,Discovery Sport,30
2025-10,수입,BMW,2 Series Gran Coupe,29
2025-10,수입,벤츠,EQS SUV,29
2025-10,수입,람보르기니,Urus S,28
2025-10,수입,랜드로버,Range Rover Evoque,28
2025-10,수입,토요타,Highlander,28
2025-10,수입,BMW,M2,27
2025-10,수입,아우디,A6 e-tron,27
2025-10,수입,푸조,3008,26
2025-10,수입,벤츠,EQE SUV,25
2025-10,수입,벤틀리,Bentayga,25
2025-10,수입,아우디,Q8,24
2025-10,수입,GMC,Sierra,23
2025-10,수입,벤츠,Electric G-Class,23
2025-10,국산,르노코리아,세닉 E-테크 일렉트릭,22
2025-10,수입,볼보,V90 Cross Country,22
2025-10,국산,KGM,코란도,20
2025-10,수입,폭스바겐,Touareg,20
2025-10,수입,미니,Countryman Electric,19
2025-10,수입,아우디,Q4 e-tron,19
2025-10,수입,토요타,GR 86,19
2025-10,수입,지프,Gladiator,18
2025-10,수입,랜드로버,Range Rover Velar,17
2025-10,수입,지프,Avenger,17
2025-10,국산,르노코리아,SM6,16
2025-10,수입,마세라티,Grecale,16
2025-10,국산,쉐보레,콜로라도,14
2025-10,국산,현대,카운티 일렉트릭,14
2025-10,수입,벤츠,Maybach EQS SUV,14
2025-10,수입,아우디,A6,14
2025-10,수입,BMW,M5,13
2025-10,수입,벤틀리,Flying Spur,13
2025-10,수입,캐딜락,Lyriq,13
2025-10,수입,페라리,Roma Spider,13
2025-10,수입,벤츠,SL-Class,12
2025-10,수입,폭스바겐,Golf,12
2025-10,국산,쉐보레,타호,11
2025-10,국산,현대,아이오닉 5 N,11
2025-10,수입,혼다,Pilot,11
2025-10,수입,BMW,M4,9
2025-10,수입,벤츠,The New AMG GT,9
2025-10,수입,아우디,A8,9
2025-10,수입,BMW,X4 M,8
2025-10,수입,벤츠,EQS,8
2025-10,수입,지프,Grand Cherokee,8
2025-10,수입,페라리,Purosangue,8
2025-10,수입,BMW,X5 M,7
2025-10,수입,BMW,XM,7
2025-10,수입,벤틀리,The new Continental,7
2025-10,국산,기아,니로 EV,6
2025-10,수입,푸조,408,6
2025-10,수입,롤스로이스,Cullinan Series2,5
2025-10,수입,아우디,A5,5
2025-10,수입,포르쉐,911,5
2025-10,국산,쉐보레,트래버스,4
2025-10,수입,BMW,X6 M,4
2025-10,수입,랜드로버,Discovery,4
2025-10,수입,혼다,CR-V,4
2025-10,수입,BMW,iX2,3
2025-10,수입,람보르기니,Revuelto,3
2025-10,수입,렉서스,LS,3
2025-10,수입,마세라티,Grecale Folgore,3
2025-10,수입,아우디,Q8 e-tron,3
2025-10,수입,아우디,The new e-tron GT,3
2025-10,수입,푸조,308,3
2025-10,국산,쉐보레,이쿼녹스,2
2025-10,수입,롤스로이스,Ghost Series II,2
2025-10,수입,롤스로이스,Spectre,2
2025-10,수입,링컨,Aviator,2
2025-10,국산,쉐보레,볼트 EUV,1
2025-10,수입,롤스로이스,Phantom Series II,1
2025-10,수입,마세라티,GranCabrio,1
2025-10,수입,마세라티,GranCabrio Folgore,1
2025-10,수입,마세라티,GranTurismo,1
2025-10,수입,마세라티,MC20 Cielo,1
2025-10,수입,아우디,A4,1
2025-10,수입,아우디,e-tron,1
2025-10,수입,테슬라,Cybertruck,1
2025-10,수입,테슬라,Model S,1
2025-10,수입,페라리,296 GTS,1
2025-10,수입,폭스바겐,ID.5,1
2025-11,국산,기아,쏘렌토,10047
2025-11,국산,기아,스포티지,6868
2025-11,국산,현대,그랜저,6499
2025-11,수입,테슬라,Model Y,6180
2025-11,국산,현대,쏘나타 디 엣지,5897
2025-11,국산,현대,투싼,5384
2025-11,국산,현대,아반떼,5317
2025-11,국산,기아,카니발,5305
2025-11,국산,현대,디 올 뉴 팰리세이드,5124
2025-11,국산,기아,셀토스,4640
2025-11,국산,현대,싼타페,3947
2025-11,국산,기아,레이,3918
2025-11,국산,기아,K5,3827
2025-11,국산,현대,포터2,3780
2025-11,국산,제네시스,GV70,3688
2025-11,국산,제네시스,G80,3596
2025-11,국산,기아,봉고 3,3395
2025-11,국산,제네시스,GV80,3203
2025-11,수입,벤츠,E-Class,2835
2025-11,국산,기아,K8,2569
2025-11,국산,현대,스타리아,2500
2025-11,국산,현대,코나,2485
2025-11,국산,르노코리아,그랑 콜레오스,2403
2025-11,수입,BMW,5 Series,1853
2025-11,국산,기아,모닝,1512
2025-11,국산,현대,베뉴,1468
2025-11,수입,테슬라,Model 3,1412
2025-11,국산,현대,캐스퍼,1383
2025-11,국산,기아,니로,1348
2025-11,국산,현대,버스/트럭 (현대),1335
2025-11,국산,KGM,토레스,1127
2025-11,국산,기아,PV5,962
2025-11,국산,현대,캐스퍼 일렉트릭,909
2025-11,국산,쉐보레,트랙스 크로스오버,819
2025-11,수입,벤츠,GLC-Class,806
2025-11,수입,벤츠,GLE-Class,774
2025-11,국산,기아,EV3,684
2025-11,수입,BYD,SEALION 7,680
2025-11,국산,KGM,액티언,677
2025-11,국산,기아,EV5,667
2025-11,국산,현대,아이오닉 5,662
2025-11,수입,렉서스,ES,648
2025-11,수입,BMW,X3,646
2025-11,수입,BMW,3 Series,630
2025-11,수입,볼보,XC60,607
2025-11,국산,르노코리아,QM6,601
2025-11,국산,기아,타스만,592
2025-11,국산,르노코리아,아르카나,560
2025-11,국산,제네시스,G90,557
2025-11,수입,BMW,X5,530
2025-11,국산,현대,디 올 뉴 넥쏘,511
2025-11,수입,벤츠,S-Class,504
2025-11,국산,현대,아이오닉 9,484
2025-11,국산,현대,마이티,452
2025-11,수입,BYD,ATTO 3,444
2025-11,수입,BMW,7 Series,431
2025-11,국산,KGM,티볼리,424
2025-11,수입,미니,Cooper,413
2025-11,국산,기아,EV6,392
2025-11,수입,BMW,X7,383
2025-11,수입,BMW,X4,374
2025-11,수입,폴스타,Polestar 4,371
2025-11,수입,포르쉐,Cayenne,363
2025-11,국산,KGM,무쏘 스포츠,340
2025-11,국산,기아,EV4,338
2025-11,국산,현대,포터2 일렉트릭,329
2025-11,국산,기아,레이 EV,298
2025-11,수입,BMW,i5,298
2025-11,수입,BMW,X6,290
2025-11,국산,현대,코나 일렉트릭,258
2025-11,수입,볼보,XC40,257
2025-11,수입,토요타,RAV4,249
2025-11,국산,현대,더 뉴 아이오닉 6,244
2025-11,수입,벤츠,CLE,229
2025-11,국산,KGM,무쏘 EV,219
2025-11,수입,볼보,S90,218
2025-11,수입,벤츠,GLS-Class,217
2025-11,수입,BMW,4 Series,216
2025-11,수입,미니,Countryman,206
2025-11,수입,미니,Mini Electric,198
2025-11,수입,볼보,XC90,196
2025-11,수입,BMW,X1,195
2025-11,수입,아우디,The new A5,190
2025-11,국산,기아,EV9,186
2025-11,수입,지프,Wrangler,184
2025-11,수입,폭스바겐,Golf,184
2025-11,국산,KGM,무쏘 칸,180
2025-11,수입,토요타,Camry,176
2025-11,국산,현대,카운티,160
2025-11,국산,제네시스,G70,148
2025-11,국산,현대,아반떼 N,142
2025-11,수입,아우디,The new Q5,141
2025-11,수입,포르쉐,Macan Electric,141
2025-11,국산,현대,쏠라티,139
2025-11,수입,렉서스,RX,139
2025-11,국산,기아,K9,138
2025-11,수입,폭스바겐,Atlas,136
2025-11,국산,쉐보레,트레일블레이저,133
2025-11,수입,랜드로버,Defender,128
2025-11,수입,토요타,Alphard,127
2025-11,수입,벤츠,C-Class,126
2025-11,국산,제네시스,Electrified G80,125
2025-11,수입,랜드로버,Range Rover,125
2025-11,국산,기아,버스 (기아),120
2025-11,수입,벤츠,G-Class,118
2025-11,수입,포르쉐,Taycan,118
2025-11,수입,벤츠,EQB,117
2025-11,수입,포르쉐,Panamera,107
2025-11,국산,KGM,렉스턴 뉴 아레나,97
2025-11,수입,토요타,Prius,95
2025-11,수입,혼다,CR-V,95
2025-11,수입,랜드로버,Range Rover Sport,93
2025-11,국산,기아,봉고 3 EV,88
2025-11,수입,BMW,X2,88
2025-11,수입,벤츠,EQA,88
2025-11,국산,제네시스,Electrified GV70,82
2025-11,수입,토요타,Sienna,82
2025-11,수입,렉서스,UX,81
2025-11,국산,현대,ST1,79
2025-11,수입,볼보,V60 Cross Country,79
2025-11,수입,렉서스,NX,77
2025-11,수입,BMW,2 Series Active Tourer,75
2025-11,수입,토요타,Crown,72
2025-11,수입,아우디,Q6 e-tron,71
2025-11,수입,포르쉐,The New 911,70
2025-11,수입,폭스바겐,Touareg,70
2025-11,수입,BMW,iX,69
2025-11,국산,제네시스,GV60,66
2025-11,수입,폭스바겐,ID.5,62
2025-11,수입,BMW,8 Series,58
2025-11,수입,링컨,Nautilus,57
2025-11,수입,아우디,A3,57
2025-11,수입,벤츠,CLA-Class,55
2025-11,수입,벤츠,GLB-Class,52
2025-11,수입,BMW,i7,51
2025-11,수입,미니,Convertible,51
2025-11,수입,포드,Explorer,50
2025-11,수입,혼다,Accord,50
2025-11,수입,벤츠,Maybach S-Class,49
2025-11,수입,포드,Bronco,49
2025-11,수입,BMW,Z4,44
2025-11,수입,BMW,1 Series,43
2025-11,수입,푸조,5008,43
2025-11,수입,아우디,Q8,42
2025-11,수입,BMW,iX1,41
2025-11,수입,미니,Aceman,41
2025-11,수입,볼보,EX30,41
2025-11,수입,BMW,2 Series Gran Coupe,40
2025-11,수입,BYD,SEAL,40
2025-11,수입,아우디,Q3,40
2025-11,수입,렉서스,LX,39
2025-11,수입,캐딜락,Lyriq,39
2025-11,수입,랜드로버,Range Rover Velar,38
2025-11,수입,렉서스,LM,38
2025-11,수입,볼보,EX30 CC,37
2025-11,수입,아우디,A6 e-tron,37
2025-11,수입,토요타,GR 86,37
2025-11,수입,BMW,M2,35
2025-11,수입,벤츠,A-Class,35
2025-11,수입,벤츠,Maybach GLS,35
2025-11,수입,아우디,Q7,35
2025-11,수입,캐딜락,Escalade,34
2025-11,국산,KGM,토레스 EVX,33
2025-11,수입,BMW,i4,33
2025-11,수입,아우디,A7,33
2025-11,수입,테슬라,Cybertruck,32
2025-11,국산,기아,니로 EV,31
2025-11,수입,BMW,M5,30
2025-11,수입,마세라티,Grecale Folgore,30
2025-11,수입,람보르기니,Urus S,29
2025-11,수입,포드,Ranger,29
2025-11,국산,현대,아이오닉 5 N,28
2025-11,국산,현대,카운티 일렉트릭,27
2025-11,수입,토요타,Highlander,26
2025-11,국산,KGM,코란도,24
2025-11,수입,벤츠,GLA-Class,23
2025-11,수입,볼보,V90 Cross Country,23
2025-11,수입,아우디,A6,23
2025-11,수입,벤틀리,Bentayga,20
2025-11,수입,BMW,XM,18
2025-11,수입,푸조,3008,18
2025-11,수입,BMW,M4,17
2025-11,수입,렉서스,LS,17
2025-11,수입,벤츠,Electric G-Class,16
2025-11,수입,벤츠,The New AMG GT,16
2025-11,수입,지프,Gladiator,16
2025-11,수입,지프,Grand Cherokee,16
2025-11,수입,벤츠,AMG GT,15
2025-11,수입,BMW,M3,14
2025-11,수입,페라리,Purosangue,14
2025-11,수입,GMC,Sierra,13
2025-11,수입,벤츠,SL-Class,13
2025-11,수입,푸조,408,13
2025-11,수입,아우디,Q4 e-tron,12
2025-11,수입,랜드로버,Range Rover Evoque,11
2025-11,수입,아우디,A8,11
2025-11,수입,페라리,Roma Spider,11
2025-11,수입,벤틀리,The new Continental,10
2025-11,수입,BMW,iX3,9
2025-11,수입,마세라티,Grecale,9
2025-11,수입,미니,Countryman Electric,9
2025-11,수입,랜드로버,Discovery Sport,8
2025-11,수입,벤츠,Maybach EQS SUV,8
2025-11,국산,쉐보레,콜로라도,7
2025-11,수입,아우디,Q8 e-tron,7
2025-11,국산,르노코리아,SM6,6
2025-11,수입,랜드로버,Discovery,6
2025-11,수입,테슬라,Model X,6
2025-11,국산,르노코리아,세닉 E-테크 일렉트릭,5
2025-11,수입,BMW,X6 M,5
2025-11,수입,벤틀리,Flying Spur,5
2025-11,수입,캐딜락,Escalade IQ,5
2025-11,수입,포드,Expedition,5
2025-11,수입,혼다,Odyssey,5
2025-11,수입,혼다,Pilot,5
2025-11,수입,BMW,X5 M,4
2025-11,수입,롤스로이스,Ghost Series II,4
2025-11,수입,벤츠,EQE SUV,3
2025-11,수입,아우디,A5,3
2025-11,수입,아우디,The new e-tron GT,3
2025-11,수입,푸조,308,3
2025-11,수입,BMW,2 Series,2
2025-11,수입,BMW,X4 M,2
2025-11,수입,람보르기니,Revuelto,2
2025-11,수입,롤스로이스,Cullinan Series2,2
2025-11,수입,벤츠,EQS,2
2025-11,수입,벤츠,Maybach SL,2
2025-11,수입,테슬라,Model S,2
2025-11,수입,페라리,SF90 Stradale,2
2025-11,수입,BMW,M8,1
2025-11,수입,BMW,iX2,1
2025-11,수입,롤스로이스,Spectre,1
2025-11,수입,링컨,Aviator,1
2025-11,수입,벤츠,EQS SUV,1
2025-11,수입,볼보,EX40,1
2025-11,수입,포르쉐,911,1
2025-11,수입,푸조,5008 Smart Hybrid,1
2025-12,국산,현대,그랜저,11598
2025-12,국산,기아,쏘렌토,9476
2025-12,국산,기아,스포티지,7906
2025-12,국산,현대,아반떼,6664
2025-12,국산,기아,카니발,5929
2025-12,국산,현대,디 올 뉴 팰리세이드,5618
2025-12,국산,현대,투싼,4923
2025-12,국산,기아,셀토스,4873
2025-12,국산,현대,포터2,4811
2025-12,국산,현대,쏘나타 디 엣지,4462
2025-12,국산,기아,레이,4388
2025-12,국산,현대,싼타페,3511
2025-12,수입,벤츠,E-Class,3502
2025-12,국산,르노코리아,그랑 콜레오스,3479
2025-12,수입,테슬라,Model Y,3478
2025-12,국산,제네시스,G80,3371
2025-12,국산,기아,K5,3062
2025-12,국산,현대,코나,2989
2025-12,국산,제네시스,GV70,2963
2025-12,국산,기아,봉고 3,2785
2025-12,국산,제네시스,GV80,2490
2025-12,국산,기아,K8,2157
2025-12,국산,현대,스타리아,2116
2025-12,국산,현대,베뉴,2077
2025-12,수입,BMW,5 Series,2034
2025-12,국산,현대,캐스퍼,1642
2025-12,국산,기아,모닝,1413
2025-12,국산,기아,니로,1313
2025-12,수입,벤츠,GLC-Class,1120
2025-12,국산,현대,버스/트럭 (현대),1024
2025-12,국산,쉐보레,트랙스 크로스오버,950
2025-12,수입,벤츠,GLE-Class,868
2025-12,수입,벤츠,S-Class,844
2025-12,국산,KGM,액티언,785
2025-12,국산,르노코리아,아르카나,775
2025-12,수입,렉서스,ES,721
2025-12,수입,볼보,XC60,683
2025-12,수입,BYD,SEALION 7,641
2025-12,국산,제네시스,G90,635
2025-12,수입,BMW,3 Series,594
2025-12,국산,KGM,티볼리,585
2025-12,수입,BMW,X3,585
2025-12,수입,BMW,X5,530
2025-12,국산,르노코리아,세닉 E-테크 일렉트릭,517
2025-12,수입,BYD,ATTO 3,459
2025-12,수입,미니,Cooper,431
2025-12,국산,KGM,토레스,430
2025-12,국산,KGM,무쏘 스포츠,427
2025-12,수입,BMW,7 Series,393
2025-12,수입,BMW,X7,390
2025-12,수입,BMW,X4,364
2025-12,국산,현대,디 올 뉴 넥쏘,353
2025-12,국산,기아,타스만,352
2025-12,수입,테슬라,Model 3,349
2025-12,수입,벤츠,G-Class,337
2025-12,국산,현대,마이티,331
2025-12,수입,벤츠,CLE,331
2025-12,수입,테슬라,Cybertruck,319
2025-12,수입,토요타,RAV4,316
2025-12,수입,포르쉐,Taycan,313
2025-12,수입,BMW,i5,303
2025-12,수입,볼보,XC40,297
2025-12,수입,벤츠,GLS-Class,288
2025-12,수입,아우디,The new A5,277
2025-12,수입,폭스바겐,Atlas,271
2025-12,수입,BMW,X6,241
2025-12,수입,토요타,Camry,234
2025-12,국산,기아,PV5,227
2025-12,국산,KGM,무쏘 칸,223
2025-12,수입,BMW,X1,209
2025-12,수입,포르쉐,Cayenne,203
2025-12,수입,지프,Wrangler,200
2025-12,수입,포르쉐,Macan Electric,197
2025-12,수입,폭스바겐,Golf,196
2025-12,수입,아우디,The new Q5,191
2025-12,수입,볼보,S90,189
2025-12,수입,볼보,XC90,184
2025-12,수입,포르쉐,Panamera,179
2025-12,수입,벤츠,GLB-Class,177
2025-12,수입,BMW,4 Series,176
2025-12,국산,기아,K9,170
2025-12,국산,현대,카운티,169
2025-12,국산,쉐보레,트레일블레이저,160
2025-12,국산,제네시스,G70,157
2025-12,수입,폭스바겐,Touareg,157
2025-12,수입,랜드로버,Range Rover,156
2025-12,수입,미니,Countryman,154
2025-12,국산,기아,레이 EV,143
2025-12,수입,토요타,Alphard,141
2025-12,수입,테슬라,Model X,138
2025-12,국산,기아,EV3,137
2025-12,국산,현대,쏠라티,135
2025-12,국산,현대,아이오닉 9,133
2025-12,국산,기아,버스 (기아),126
2025-12,수입,벤츠,EQB,125
2025-12,국산,KGM,렉스턴 뉴 아레나,124
2025-12,수입,벤츠,CLA-Class,118
2025-12,수입,포르쉐,The New 911,115
2025-12,국산,현대,아반떼 N,113
2025-12,수입,아우디,A3,109
2025-12,수입,벤츠,A-Class,108
2025-12,수입,랜드로버,Defender,107
2025-12,수입,미니,Mini Electric,105
2025-12,국산,기아,EV5,104
2025-12,수입,렉서스,NX,104
2025-12,국산,현대,아이오닉 5,97
2025-12,수입,토요타,Crown,95
2025-12,수입,토요타,Prius,93
2025-12,국산,현대,포터2 일렉트릭,92
2025-12,수입,BMW,X2,86
2025-12,수입,BMW,2 Series Active Tourer,85
2025-12,수입,랜드로버,Range Rover Sport,85
2025-12,수입,BMW,iX,84
2025-12,국산,기아,EV6,83
2025-12,국산,기아,EV4,81
2025-12,수입,람보르기니,Urus S,81
2025-12,수입,혼다,Odyssey,78
2025-12,수입,토요타,Sienna,77
2025-12,수입,BMW,1 Series,74
2025-12,수입,폴스타,Polestar 4,73
2025-12,수입,혼다,Accord,70
2025-12,수입,혼다,CR-V,70
2025-12,수입,렉서스,UX,69
2025-12,수입,볼보,V60 Cross Country,69
2025-12,수입,BMW,i7,67
2025-12,국산,기아,EV9,64
2025-12,수입,BMW,2 Series Gran Coupe,64
2025-12,수입,벤츠,EQA,63
2025-12,수입,벤츠,GLA-Class,59
2025-12,수입,벤츠,Maybach S-Class,58
2025-12,수입,벤츠,C-Class,55
2025-12,수입,BMW,8 Series,54
2025-12,수입,미니,Aceman,54
2025-12,수입,랜드로버,Discovery Sport,53
2025-12,수입,BYD,SEAL,52
2025-12,수입,링컨,Nautilus,52
2025-12,수입,랜드로버,Range Rover Evoque,51
2025-12,수입,벤츠,Maybach GLS,51
2025-12,수입,랜드로버,Range Rover Velar,48
2025-12,수입,BMW,M2,47
2025-12,수입,미니,Convertible,46
2025-12,수입,캐딜락,Escalade,46
2025-12,수입,볼보,EX30,45
2025-12,국산,현대,캐스퍼 일렉트릭,43
2025-12,수입,BMW,Z4,43
2025-12,수입,푸조,3008,42
2025-12,수입,푸조,5008,42
2025-12,국산,기아,봉고 3 EV,41
2025-12,국산,제네시스,Electrified G80,41
2025-12,국산,KGM,코란도,40
2025-12,국산,현대,ST1,40
2025-12,국산,KGM,무쏘 EV,39
2025-12,수입,볼보,EX30 CC,38
2025-12,수입,캐딜락,Lyriq,38
2025-12,수입,테슬라,Model S,38
2025-12,수입,BMW,XM,37
2025-12,수입,아우디,A6 e-tron,37
2025-12,수입,렉서스,LM,36
2025-12,수입,렉서스,LX,35
2025-12,수입,토요타,Highlander,34
2025-12,수입,마세라티,Grecale Folgore,32
2025-12,수입,벤츠,AMG GT,31
2025-12,수입,벤틀리,Bentayga,31
2025-12,수입,BMW,M5,30
2025-12,수입,아우디,Q8,28
2025-12,수입,아우디,Q3,26
2025-12,수입,렉서스,RX,25
2025-12,수입,토요타,GR 86,23
2025-12,수입,BMW,i4,22
2025-12,수입,랜드로버,Discovery,22
2025-12,수입,벤츠,EQE SUV,22
2025-12,수입,GMC,Sierra,21
2025-12,수입,미니,Countryman Electric,20
2025-12,수입,지프,Gladiator,19
2025-12,수입,포드,Explorer,19
2025-12,국산,현대,코나 일렉트릭,18
2025-12,수입,벤틀리,The new Continental,18
2025-12,수입,아우디,Q6 e-tron,18
2025-12,수입,BMW,iX1,17
2025-12,국산,쉐보레,콜로라도,16
2025-12,수입,벤츠,SL-Class,16
2025-12,수입,벤틀리,Flying Spur,16
2025-12,수입,아우디,A6,16
2025-12,수입,아우디,Q7,16
2025-12,수입,BMW,M3,15
2025-12,수입,벤츠,The New AMG GT,15
2025-12,수입,페라리,Roma Spider,15
2025-12,국산,제네시스,Electrified GV70,14
2025-12,수입,지프,Grand Cherokee,14
2025-12,수입,페라리,Purosangue,14
2025-12,국산,현대,더 뉴 아이오닉 6,13
2025-12,수입,아우디,Q4 e-tron,13
2025-12,수입,푸조,408,13
2025-12,수입,벤츠,Electric G-Class,12
2025-12,수입,포드,Bronco,12
2025-12,수입,포드,Ranger,12
2025-12,수입,마세라티,Grecale,10
2025-12,수입,볼보,V90 Cross Country,10
2025-12,국산,제네시스,GV60,9
2025-12,국산,현대,카운티 일렉트릭,9
2025-12,수입,BMW,M4,9
2025-12,수입,BMW,iX2,9
2025-12,수입,캐딜락,Escalade IQ,9
2025-12,수입,푸조,308,8
2025-12,수입,BMW,X5 M,7
2025-12,수입,렉서스,LS,7
2025-12,수입,아우디,A7,7
2025-12,수입,아우디,Q8 e-tron,7
2025-12,수입,푸조,5008 Smart Hybrid,7
2025-12,수입,혼다,Pilot,7
2025-12,국산,KGM,토레스 EVX,6
2025-12,수입,람보르기니,Revuelto,6
2025-12,국산,현대,아이오닉 5 N,5
2025-12,수입,BMW,X4 M,5
2025-12,수입,BMW,X6 M,5
2025-12,수입,벤츠,EQS SUV,5
2025-12,수입,BMW,2 Series,4
2025-12,수입,BMW,iX3,3
2025-12,수입,롤스로이스,Cullinan Series2,3
2025-12,수입,롤스로이스,Ghost Series II,3
2025-12,수입,아우디,A8,3
2025-12,수입,페라리,12Cilindri,2
2025-12,국산,기아,니로 EV,1
2025-12,수입,롤스로이스,Phantom Series II,1
2025-12,수입,롤스로이스,Spectre,1
2025-12,수입,링컨,Aviator,1
2025-12,수입,마세라티,GranTurismo,1
2025-12,수입,마세라티,MC20,1
2025-12,수입,벤츠,EQS,1
2025-12,수입,벤츠,Maybach SL,1
2025-12,수입,벤틀리,Continental,1
2025-12,수입,아우디,A4,1
2025-12,수입,페라리,SF90 Stradale,1
2025-12,수입,폭스바겐,ID.5,1
2026-01,국산,기아,쏘렌토,8388
2026-01,국산,기아,스포티지,6015
2026-01,국산,기아,카니발,5278
2026-01,국산,현대,쏘나타 디 엣지,5143
2026-01,국산,현대,아반떼,5118
2026-01,국산,현대,그랜저,5016
2026-01,국산,현대,디 올 뉴 팰리세이드,4994
2026-01,국산,기아,레이,4312
2026-01,국산,현대,투싼,4269
2026-01,국산,기아,셀토스,3698
2026-01,국산,현대,싼타페,3379
2026-01,국산,현대,포터2,3200
2026-01,국산,현대,코나,3068
2026-01,국산,제네시스,G80,2964
2026-01,국산,기아,K5,2752
2026-01,국산,제네시스,GV70,2691
2026-01,국산,제네시스,GV80,2386
2026-01,국산,현대,더 뉴 스타리아,2328
2026-01,수입,벤츠,E-Class,2220
2026-01,국산,기아,봉고 3,2214
2026-01,국산,기아,K8,2135
2026-01,국산,기아,모닝,2087
2026-01,국산,기아,니로,1990
2026-01,수입,BMW,5 Series,1951
2026-01,국산,르노코리아,그랑 콜레오스,1663
2026-01,수입,테슬라,Model Y,1559
2026-01,국산,KGM,무쏘,1123
2026-01,국산,기아,PV5,1026
2026-01,국산,현대,버스/트럭 (현대),965
2026-01,국산,현대,캐스퍼,934
2026-01,국산,현대,베뉴,891
2026-01,국산,기아,EV5,847
2026-01,수입,벤츠,GLC-Class,809
2026-01,수입,렉서스,NX,802
2026-01,국산,기아,EV3,737
2026-01,수입,BMW,X3,689
2026-01,수입,BYD,SEALION 7,656
2026-01,수입,BYD,ATTO 3,634
2026-01,국산,KGM,액티언,632
2026-01,국산,쉐보레,트랙스 크로스오버,607
2026-01,수입,BMW,X5,602
2026-01,수입,BMW,3 Series,568
2026-01,국산,KGM,무쏘 EV,527
2026-01,수입,렉서스,ES,513
2026-01,국산,제네시스,G90,489
2026-01,수입,벤츠,GLE-Class,488
2026-01,수입,BMW,7 Series,482
2026-01,수입,벤츠,S-Class,461
2026-01,국산,현대,마이티,451
2026-01,국산,KGM,토레스,427
2026-01,수입,BMW,X7,399
2026-01,국산,기아,EV4,396
2026-01,수입,볼보,XC60,388
2026-01,국산,기아,타스만,376
2026-01,국산,르노코리아,아르카나,369
2026-01,국산,KGM,티볼리,367
2026-01,국산,현대,아이오닉 5,308
2026-01,수입,BMW,X6,297
2026-01,수입,벤츠,CLE,277
2026-01,수입,미니,Cooper,273
2026-01,국산,현대,더 뉴 아이오닉 6,245
2026-01,국산,기아,봉고 3 EV,233
2026-01,국산,현대,아이오닉 9,224
2026-01,수입,BMW,X4,223
2026-01,수입,볼보,XC90,218
2026-01,수입,아우디,The new A5,218
2026-01,수입,포르쉐,Taycan,218
2026-01,국산,기아,EV6,214
2026-01,수입,테슬라,Model X,210
2026-01,국산,르노코리아,세닉 E-테크 일렉트릭,207
2026-01,국산,현대,카운티,203
2026-01,국산,현대,캐스퍼 일렉트릭,194
2026-01,수입,토요타,RAV4,175
2026-01,수입,BMW,i5,173
2026-01,수입,포르쉐,Panamera,170
2026-01,수입,볼보,XC40,166
2026-01,수입,볼보,S90,162
2026-01,수입,벤츠,G-Class,158
2026-01,국산,현대,쏠라티,146
2026-01,수입,벤츠,GLS-Class,145
2026-01,수입,아우디,A3,145
2026-01,국산,기아,K9,143
2026-01,수입,BMW,X1,143
2026-01,수입,포르쉐,Cayenne,141
2026-01,수입,테슬라,Model S,140
2026-01,수입,토요타,Alphard,137
2026-01,수입,포르쉐,The New 911,135
2026-01,국산,기아,레이 EV,134
2026-01,수입,BMW,4 Series,127
2026-01,국산,현대,아반떼 N,126
2026-01,국산,쉐보레,트레일블레이저,121
2026-01,국산,현대,포터2 일렉트릭,120
2026-01,국산,기아,버스 (기아),113
2026-01,수입,아우디,Q3,110
2026-01,수입,폭스바겐,Golf,104
2026-01,수입,벤츠,CLA-Class,103
2026-01,수입,토요타,Camry,101
2026-01,수입,미니,Aceman,100
2026-01,수입,지프,Wrangler,98
2026-01,국산,현대,코나 일렉트릭,95
2026-01,수입,미니,Mini Electric,94
2026-01,수입,BMW,iX,93
2026-01,수입,랜드로버,Defender,93
2026-01,수입,아우디,Q8,93
2026-01,수입,폭스바겐,Atlas,90
2026-01,수입,아우디,The new Q5,89
2026-01,국산,KGM,렉스턴 뉴 아레나,87
2026-01,국산,현대,디 올 뉴 넥쏘,85
2026-01,국산,제네시스,G70,83
2026-01,수입,아우디,Q7,79
2026-01,수입,BMW,X2,74
2026-01,수입,렉서스,UX,74
2026-01,수입,벤츠,A-Class,72
2026-01,수입,벤츠,GLB-Class,72
2026-01,수입,랜드로버,Range Rover,69
2026-01,수입,벤츠,EQB,66
2026-01,수입,혼다,CR-V,64
2026-01,수입,토요타,Sienna,63
2026-01,수입,BMW,2 Series Active Tourer,62
2026-01,수입,토요타,Crown,61
2026-01,수입,포드,Mustang,59
2026-01,수입,BMW,1 Series,58
2026-01,수입,벤츠,EQA,58
2026-01,수입,볼보,V60 Cross Country,55
2026-01,수입,미니,Countryman,54
2026-01,수입,BMW,i7,51
2026-01,수입,BYD,SEAL,51
2026-01,수입,렉서스,LM,47
2026-01,수입,벤츠,Maybach S-Class,45
2026-01,수입,토요타,Prius,45
2026-01,수입,미니,Convertible,44
2026-01,수입,BMW,2 Series Gran Coupe,43
2026-01,수입,아우디,Q4 e-tron,41
2026-01,국산,기아,EV9,40
2026-01,수입,포르쉐,Macan Electric,38
2026-01,수입,BMW,M2,37
2026-01,수입,테슬라,Cybertruck,36
2026-01,수입,벤츠,Maybach GLS,35
2026-01,수입,BMW,Z4,34
2026-01,수입,혼다,Odyssey,33
2026-01,수입,BMW,8 Series,31
2026-01,수입,GMC,Sierra,30
2026-01,수입,아우디,A6,30
2026-01,국산,제네시스,Electrified G80,29
2026-01,수입,BMW,M5,29
2026-01,수입,벤츠,GLA-Class,28
2026-01,수입,폴스타,Polestar 4,27
2026-01,국산,현대,ST1,25
2026-01,수입,캐딜락,Escalade,25
2026-01,수입,토요타,Highlander,25
2026-01,국산,KGM,토레스 EVX,24
2026-01,수입,BMW,XM,24
2026-01,수입,랜드로버,Range Rover Velar,24
2026-01,수입,링컨,Nautilus,23
2026-01,수입,볼보,EX30,23
2026-01,수입,벤츠,C-Class,22
2026-01,수입,테슬라,Model 3,21
2026-01,수입,BMW,M3,20
2026-01,수입,GMC,Acadia,20
2026-01,수입,람보르기니,Urus S,20
2026-01,수입,아우디,A6 e-tron,20
2026-01,수입,캐딜락,Lyriq,19
2026-01,국산,제네시스,GV60,18
2026-01,수입,랜드로버,Range Rover Sport,18
2026-01,수입,벤츠,The New AMG GT,17
2026-01,수입,렉서스,LX,16
2026-01,수입,볼보,EX30 CC,16
2026-01,수입,벤츠,AMG GT,15
2026-01,수입,토요타,GR 86,15
2026-01,수입,BMW,M4,14
2026-01,수입,지프,Gladiator,13
2026-01,수입,폭스바겐,Touareg,13
2026-01,수입,푸조,5008,13
2026-01,수입,BMW,iX2,12
2026-01,수입,GMC,Canyon,12
2026-01,수입,푸조,3008,12
2026-01,국산,제네시스,Electrified GV70,11
2026-01,수입,벤츠,Electric G-Class,11
2026-01,수입,페라리,Purosangue,11
2026-01,수입,BMW,iX1,10
2026-01,수입,랜드로버,Range Rover Evoque,10
2026-01,수입,렉서스,LS,10
2026-01,수입,벤틀리,Flying Spur,10
2026-01,수입,페라리,Roma Spider,10
2026-01,수입,폭스바겐,ID.4,10
2026-01,수입,랜드로버,Discovery,9
2026-01,수입,벤틀리,Bentayga,9
2026-01,수입,벤틀리,The new Continental,9
2026-01,수입,볼보,V90 Cross Country,9
2026-01,수입,BMW,2 Series,7
2026-01,수입,BMW,X5 M,7
2026-01,수입,아우디,A8,7
2026-01,수입,아우디,Q6 e-tron,7
2026-01,수입,푸조,408,7
2026-01,수입,혼다,Accord,7
2026-01,국산,현대,아이오닉 5 N,6
2026-01,수입,BMW,X6 M,6
2026-01,수입,BYD,Dolphin,6
2026-01,수입,벤츠,EQE,6
2026-01,수입,지프,Grand Cherokee,6
2026-01,수입,캐딜락,Escalade IQ,6
2026-01,수입,롤스로이스,Ghost Series II,5
2026-01,수입,벤츠,Maybach EQS SUV,5
2026-01,국산,쉐보레,콜로라도,4
2026-01,국산,현대,카운티 일렉트릭,4
2026-01,수입,롤스로이스,Cullinan Series2,4
2026-01,수입,아우디,A7,4
2026-01,수입,페라리,12Cilindri,4
2026-01,수입,BMW,i4,3
2026-01,수입,벤츠,EQE SUV,3
2026-01,수입,벤츠,Maybach SL,3
2026-01,수입,아우디,The new e-tron GT,3
2026-01,수입,포드,Bronco,3
2026-01,수입,렉서스,RX,2
2026-01,수입,미니,Countryman Electric,2
2026-01,수입,벤츠,SL-Class,2
2026-01,국산,기아,니로 EV,1
2026-01,수입,BMW,X4 M,1
2026-01,수입,람보르기니,Revuelto,1
2026-01,수입,랜드로버,Discovery Sport,1
2026-01,수입,롤스로이스,Phantom Series II,1
2026-01,수입,롤스로이스,Spectre,1
2026-01,수입,아우디,Q8 e-tron,1
2026-01,수입,페라리,296 GTS,1
2026-01,수입,페라리,SF90 Spider,1
2026-01,수입,포드,Expedition,1
2026-01,수입,포드,Ranger,1
2026-01,수입,푸조,308,1
2026-02,국산,기아,쏘렌토,7693
2026-02,수입,테슬라,Model Y,7015
2026-02,국산,현대,쏘나타 디 엣지,4436
2026-02,국산,기아,PV5,3967
2026-02,국산,현대,그랜저,3933
2026-02,국산,기아,스포티지,3800
2026-02,국산,기아,카니발,3712
2026-02,국산,현대,아반떼,3571
2026-02,국산,기아,EV3,3469
2026-02,국산,현대,아이오닉 5,3222
2026-02,국산,현대,디 올 뉴 팰리세이드,3081
2026-02,국산,현대,투싼,2972
2026-02,국산,현대,포터2,2963
2026-02,국산,현대,싼타페,2679
2026-02,국산,기아,EV5,2524
2026-02,국산,기아,레이,2361
2026-02,수입,벤츠,E-Class,2274
2026-02,국산,현대,코나,2182
2026-02,국산,기아,K5,2175
2026-02,국산,제네시스,G80,2120
2026-02,국산,제네시스,GV70,2090
2026-02,국산,기아,봉고 3,2017
2026-02,국산,기아,EV4,1874
2026-02,국산,현대,더 뉴 스타리아,1781
2026-02,수입,BMW,5 Series,1773
2026-02,국산,현대,아이오닉 9,1751
2026-02,국산,제네시스,GV80,1689
2026-02,국산,현대,포터2 일렉트릭,1671
2026-02,국산,현대,더 뉴 아이오닉 6,1571
2026-02,국산,르노코리아,그랑 콜레오스,1474
2026-02,국산,기아,셀토스,1430
2026-02,국산,KGM,무쏘,1393
2026-02,국산,기아,K8,1384
2026-02,국산,기아,니로,1371
2026-02,국산,기아,모닝,1141
2026-02,국산,기아,EV6,1000
2026-02,국산,기아,레이 EV,880
2026-02,국산,KGM,무쏘 EV,842
2026-02,수입,테슬라,Model 3,827
2026-02,수입,벤츠,GLC-Class,823
2026-02,국산,쉐보레,트랙스 크로스오버,771
2026-02,국산,현대,캐스퍼,699
2026-02,국산,현대,코나 일렉트릭,694
2026-02,수입,벤츠,GLE-Class,687
2026-02,국산,기아,봉고 3 EV,654
2026-02,수입,BMW,X3,643
2026-02,수입,BYD,SEALION 7,621
2026-02,수입,BMW,X5,588
2026-02,국산,현대,버스/트럭 (현대),538
2026-02,수입,BMW,3 Series,535
2026-02,수입,BMW,7 Series,534
2026-02,국산,현대,베뉴,532
2026-02,국산,KGM,액티언,511
2026-02,국산,제네시스,G90,509
2026-02,국산,KGM,티볼리,500
2026-02,국산,현대,캐스퍼 일렉트릭,472
2026-02,국산,현대,디 올 뉴 넥쏘,467
2026-02,수입,볼보,XC60,398
2026-02,수입,BMW,X7,372
2026-02,수입,렉서스,ES,357
2026-02,수입,폭스바겐,ID.4,353
2026-02,국산,르노코리아,아르카나,336
2026-02,수입,렉서스,NX,330
2026-02,국산,기아,타스만,328
2026-02,국산,KGM,토레스,301
2026-02,수입,BMW,i5,300
2026-02,수입,미니,Cooper,292
2026-02,국산,현대,마이티,287
2026-02,수입,벤츠,S-Class,287
2026-02,수입,렉서스,RX,283
2026-02,수입,벤츠,CLE,283
2026-02,수입,BMW,X6,274
2026-02,수입,아우디,The new Q5,269
2026-02,수입,토요타,Camry,252
2026-02,수입,폴스타,Polestar 4,241
2026-02,국산,현대,ST1,205
2026-02,수입,BMW,X4,205
2026-02,수입,볼보,XC90,193
2026-02,수입,볼보,XC40,190
2026-02,수입,볼보,S90,181
2026-02,수입,벤츠,CLA-Class,175
2026-02,수입,아우디,A3,174
2026-02,국산,제네시스,G70,169
2026-02,수입,BMW,X1,169
2026-02,수입,포르쉐,Taycan,161
2026-02,국산,현대,카운티,157
2026-02,국산,르노코리아,세닉 E-테크 일렉트릭,150
2026-02,수입,BMW,4 Series,146
2026-02,수입,토요타,RAV4,144
2026-02,수입,아우디,The new A5,143
2026-02,수입,BYD,SEAL,142
2026-02,국산,쉐보레,트레일블레이저,138
2026-02,수입,벤츠,G-Class,136
2026-02,국산,현대,쏠라티,135
2026-02,수입,벤츠,A-Class,130
2026-02,국산,제네시스,Electrified G80,127
2026-02,수입,랜드로버,Range Rover Sport,124
2026-02,수입,포르쉐,Panamera,124
2026-02,수입,BYD,ATTO 3,119
2026-02,국산,제네시스,Electrified GV70,116
2026-02,수입,아우디,Q4 e-tron,115
2026-02,국산,기아,EV9,113
2026-02,수입,BMW,iX,111
2026-02,수입,랜드로버,Defender,111
2026-02,수입,벤츠,C-Class,109
2026-02,수입,토요타,Crown,109
2026-02,수입,폭스바겐,Golf,108
2026-02,수입,랜드로버,Range Rover,104
2026-02,국산,제네시스,GV60,100
2026-02,수입,벤츠,EQB,100
2026-02,수입,토요타,Prius,100
2026-02,수입,아우디,Q3,98
2026-02,수입,토요타,Alphard,92
2026-02,수입,지프,Wrangler,87
2026-02,수입,포르쉐,The New 911,87
2026-02,수입,폭스바겐,Atlas,87
2026-02,국산,기아,버스 (기아),85
2026-02,수입,아우디,Q8,82
2026-02,국산,기아,K9,81
2026-02,수입,미니,Aceman,80
2026-02,국산,KGM,렉스턴 뉴 아레나,77
2026-02,국산,KGM,토레스 EVX,77
2026-02,수입,BYD,Dolphin,75
2026-02,수입,GMC,Acadia,73
2026-02,수입,BMW,i4,72
2026-02,수입,포르쉐,Cayenne,72
2026-02,수입,아우디,Q7,69
2026-02,수입,렉서스,UX,67
2026-02,수입,미니,Mini Electric,65
2026-02,수입,BMW,i7,64
2026-02,수입,포드,Mustang,64
2026-02,수입,BMW,X2,58
2026-02,국산,현대,아반떼 N,57
2026-02,수입,BMW,2 Series Active Tourer,57
2026-02,수입,BMW,1 Series,56
2026-02,수입,벤츠,EQA,54
2026-02,수입,볼보,V60 Cross Country,53
2026-02,수입,폭스바겐,Touareg,52
2026-02,수입,BMW,2 Series Gran Coupe,51
2026-02,수입,포르쉐,Macan Electric,50
2026-02,수입,벤츠,GLS-Class,49
2026-02,수입,푸조,5008,48
2026-02,수입,BMW,M2,47
2026-02,수입,BMW,M5,47
2026-02,수입,토요타,Sienna,47
2026-02,수입,볼보,EX30,44
2026-02,수입,BMW,iX1,43
2026-02,수입,렉서스,LM,42
2026-02,국산,르노코리아,필랑트,40
2026-02,수입,벤츠,GLB-Class,39
2026-02,수입,미니,Countryman,37
2026-02,수입,벤츠,Maybach S-Class,35
2026-02,수입,볼보,EX30 CC,35
2026-02,수입,BMW,Z4,33
2026-02,수입,BMW,iX2,33
2026-02,수입,벤츠,GLA-Class,33
2026-02,수입,GMC,Canyon,30
2026-02,수입,미니,Convertible,30
2026-02,수입,벤츠,Maybach GLS,28
2026-02,수입,렉서스,LX,27
2026-02,수입,토요타,GR 86,27
2026-02,수입,랜드로버,Range Rover Velar,26
2026-02,수입,BMW,8 Series,25
2026-02,수입,푸조,3008,25
2026-02,국산,제네시스,GV60 MAGMA,22
2026-02,수입,BMW,XM,22
2026-02,수입,토요타,Highlander,22
2026-02,수입,GMC,Sierra,20
2026-02,수입,벤츠,The New AMG GT,19
2026-02,수입,BMW,M3,18
2026-02,수입,캐딜락,Escalade,18
2026-02,수입,랜드로버,Range Rover Evoque,17
2026-02,수입,테슬라,Model X,16
2026-02,수입,혼다,Odyssey,16
2026-02,수입,BMW,M4,15
2026-02,수입,링컨,Nautilus,15
2026-02,수입,벤틀리,Bentayga,15
2026-02,수입,아우디,A6,15
2026-02,수입,벤츠,AMG GT,13
2026-02,수입,벤틀리,Flying Spur,13
2026-02,수입,BMW,2 Series,12
2026-02,수입,벤츠,Maybach EQS SUV,12
2026-02,수입,벤틀리,The new Continental,12
2026-02,수입,벤츠,EQE,10
2026-02,수입,아우디,A6 e-tron,10
2026-02,수입,롤스로이스,Cullinan Series2,9
2026-02,수입,아우디,Q6 e-tron,9
2026-02,수입,벤츠,EQE SUV,8
2026-02,수입,지프,Grand Cherokee,8
2026-02,국산,기아,니로 EV,7
2026-02,수입,렉서스,LS,7
2026-02,수입,지프,Gladiator,7
2026-02,수입,페라리,Roma Spider,7
2026-02,수입,혼다,CR-V,7
2026-02,수입,미니,Countryman Electric,6
2026-02,수입,푸조,408,6
2026-02,국산,현대,아이오닉 5 N,5
2026-02,국산,현대,카운티 일렉트릭,5
2026-02,수입,벤츠,EQS SUV,5
2026-02,수입,벤츠,Maybach SL,5
2026-02,수입,벤츠,SL-Class,5
2026-02,수입,테슬라,Cybertruck,5
2026-02,수입,테슬라,Model S,5
2026-02,수입,페라리,Purosangue,5
2026-02,수입,BMW,X4 M,4
2026-02,수입,롤스로이스,Ghost Series II,4
2026-02,수입,캐딜락,Escalade IQ,4
2026-02,수입,BMW,X5 M,3
2026-02,수입,BMW,X6 M,3
2026-02,수입,람보르기니,Urus S,3
2026-02,수입,벤츠,Electric G-Class,3
2026-02,수입,아우디,A7,3
2026-02,수입,아우디,A8,3
2026-02,수입,랜드로버,Discovery,2
2026-02,수입,랜드로버,Discovery Sport,2
2026-02,수입,롤스로이스,Phantom Series II,2
2026-02,수입,롤스로이스,Spectre,2
2026-02,수입,폴스타,Polestar 2,2
2026-02,수입,람보르기니,Revuelto,1
2026-02,수입,볼보,V90 Cross Country,1
2026-02,수입,아우디,The new e-tron GT,1
2026-02,수입,캐딜락,Lyriq,1
2026-02,수입,페라리,12Cilindri,1
2026-02,수입,포드,Expedition,1
2026-02,수입,포드,Explorer,1
2026-03,국산,기아,쏘렌토,10870
2026-03,국산,현대,그랜저,7574
2026-03,수입,테슬라,Model Y,6749
2026-03,국산,현대,쏘나타 디 엣지,5786
2026-03,국산,기아,스포티지,5540
2026-03,국산,기아,카니발,5407
2026-03,국산,현대,아반떼,5386
2026-03,국산,기아,셀토스,4983
2026-03,국산,르노코리아,필랑트,4920
2026-03,국산,현대,포터2,4816
2026-03,국산,기아,EV3,4468
2026-03,국산,현대,투싼,3915
2026-03,국산,제네시스,G80,3894
2026-03,수입,테슬라,Model 3,3702
2026-03,국산,현대,코나,3641
2026-03,국산,현대,싼타페,3621
2026-03,국산,기아,EV5,3513
2026-03,국산,기아,PV5,3093
2026-03,국산,기아,K5,3067
2026-03,국산,기아,레이,3036
2026-03,국산,제네시스,GV70,2836
2026-03,국산,현대,더 뉴 스타리아,2797
2026-03,국산,제네시스,GV80,2538
2026-03,국산,기아,봉고 3,2485
2026-03,국산,현대,아이오닉 5,2382
2026-03,수입,벤츠,E-Class,2341
2026-03,국산,기아,K8,2252
2026-03,국산,현대,디 올 뉴 팰리세이드,2134
2026-03,수입,BMW,5 Series,1900
2026-03,국산,KGM,무쏘,1854
2026-03,국산,기아,EV4,1809
2026-03,국산,기아,모닝,1428
2026-03,국산,기아,EV6,1296
2026-03,국산,르노코리아,그랑 콜레오스,1271
2026-03,국산,현대,아이오닉 9,1239
2026-03,국산,기아,레이 EV,1202
2026-03,국산,현대,캐스퍼 일렉트릭,1201
2026-03,국산,현대,포터2 일렉트릭,1139
2026-03,국산,현대,베뉴,1068
2026-03,국산,현대,디 올 뉴 넥쏘,1025
2026-03,국산,현대,더 뉴 아이오닉 6,862
2026-03,수입,BYD,SEALION 7,807
2026-03,수입,벤츠,GLE-Class,798
2026-03,국산,KGM,무쏘 EV,784
2026-03,국산,현대,버스/트럭 (현대),741
2026-03,국산,쉐보레,트랙스 크로스오버,725
2026-03,수입,폴스타,Polestar 4,684
2026-03,수입,벤츠,GLC-Class,681
2026-03,국산,KGM,액티언,676
2026-03,수입,BYD,Dolphin,652
2026-03,수입,BMW,X5,646
2026-03,수입,BMW,X3,641
2026-03,국산,제네시스,G90,635
2026-03,국산,현대,캐스퍼,603
2026-03,수입,볼보,XC60,599
2026-03,수입,BMW,3 Series,580
2026-03,국산,기아,니로,565
2026-03,국산,KGM,토레스,517
2026-03,국산,KGM,티볼리,492
2026-03,국산,현대,코나 일렉트릭,463
2026-03,수입,아우디,Q4 e-tron,462
2026-03,수입,미니,Cooper,458
2026-03,수입,테슬라,Model X,458
2026-03,국산,기아,봉고 3 EV,452
2026-03,국산,르노코리아,아르카나,438
2026-03,수입,BMW,7 Series,414
2026-03,수입,BMW,X7,407
2026-03,국산,기아,타스만,400
2026-03,수입,아우디,The new Q5,385
2026-03,수입,BMW,i5,355
2026-03,국산,기아,EV9,351
2026-03,수입,렉서스,ES,351
2026-03,수입,렉서스,NX,349
2026-03,국산,현대,마이티,341
2026-03,수입,포르쉐,Taycan,340
2026-03,수입,렉서스,RX,315
2026-03,수입,벤츠,S-Class,297
2026-03,수입,벤츠,CLE,280
2026-03,수입,BMW,X6,269
2026-03,수입,토요타,Camry,241
2026-03,수입,BMW,X4,239
2026-03,수입,폭스바겐,ID.4,234
2026-03,국산,현대,카운티,231
2026-03,수입,BMW,X1,227
2026-03,수입,랜드로버,Range Rover Sport,227
2026-03,수입,테슬라,Model S,220
2026-03,수입,볼보,XC40,207
2026-03,국산,제네시스,G70,191
2026-03,수입,볼보,EX30,179
2026-03,수입,볼보,XC90,178
2026-03,수입,랜드로버,Defender,175
2026-03,국산,KGM,토레스 EVX,174
2026-03,수입,BYD,SEAL,174
2026-03,수입,랜드로버,Range Rover,172
2026-03,수입,볼보,S90,172
2026-03,수입,아우디,A3,166
2026-03,국산,쉐보레,트레일블레이저,165
2026-03,수입,포르쉐,Cayenne,163
2026-03,수입,BMW,4 Series,159
2026-03,국산,현대,쏠라티,154
2026-03,수입,미니,Mini Electric,151
2026-03,수입,벤츠,EQB,150
2026-03,수입,포르쉐,Panamera,149
2026-03,국산,제네시스,Electrified GV70,145
2026-03,국산,현대,ST1,143
2026-03,수입,토요타,Alphard,141
2026-03,수입,벤츠,A-Class,140
2026-03,수입,포르쉐,The New 911,138
2026-03,국산,기아,버스 (기아),137
2026-03,수입,포르쉐,Macan Electric,121
2026-03,수입,BMW,iX,118
2026-03,수입,벤츠,G-Class,118
2026-03,수입,토요타,Prius,117
2026-03,수입,벤츠,CLA-Class,115
2026-03,수입,볼보,EX30 CC,114
2026-03,국산,기아,K9,111
2026-03,수입,폭스바겐,Golf,111
2026-03,국산,제네시스,Electrified G80,107
2026-03,수입,미니,Aceman,106
2026-03,수입,토요타,Crown,99
2026-03,수입,벤츠,Maybach S-Class,95
2026-03,수입,폭스바겐,Atlas,94
2026-03,국산,현대,아반떼 N,93
2026-03,국산,제네시스,GV60,88
2026-03,수입,미니,Countryman,86
2026-03,수입,BMW,i4,84
2026-03,수입,렉서스,UX,83
2026-03,수입,BMW,2 Series Active Tourer,82
2026-03,국산,KGM,렉스턴 뉴 아레나,81
2026-03,수입,토요타,Sienna,81
2026-03,수입,혼다,CR-V,80
2026-03,수입,랜드로버,Range Rover Velar,78
2026-03,수입,아우디,Q8,77
2026-03,수입,지프,Wrangler,76
2026-03,수입,BMW,X2,74
2026-03,수입,캐딜락,Escalade,73
2026-03,수입,BMW,1 Series,71
2026-03,수입,BMW,iX1,71
2026-03,수입,벤츠,C-Class,70
2026-03,수입,BMW,i7,69
2026-03,수입,BMW,iX2,69
2026-03,수입,아우디,The new A5,69
2026-03,수입,미니,Convertible,65
2026-03,수입,벤츠,EQA,63
2026-03,수입,아우디,Q7,55
2026-03,수입,아우디,Q3,53
2026-03,수입,렉서스,LM,49
2026-03,수입,벤츠,AMG GT,49
2026-03,수입,BMW,M5,48
2026-03,수입,GMC,Canyon,48
2026-03,수입,BMW,Z4,47
2026-03,수입,랜드로버,Range Rover Evoque,46
2026-03,수입,BMW,2 Series Gran Coupe,45
2026-03,수입,볼보,V60 Cross Country,45
2026-03,수입,BMW,8 Series,44
2026-03,수입,벤츠,GLB-Class,42
2026-03,수입,벤츠,Maybach GLS,41
2026-03,수입,GMC,Acadia,40
2026-03,수입,폭스바겐,Touareg,37
2026-03,수입,BMW,XM,36
2026-03,수입,푸조,5008,35
2026-03,수입,벤츠,GLA-Class,34
2026-03,수입,BYD,ATTO 3,31
2026-03,수입,벤츠,EQE SUV,29
2026-03,국산,현대,아이오닉 5 N,28
2026-03,수입,BMW,M2,28
2026-03,수입,포드,Mustang,28
2026-03,수입,BMW,M4,25
2026-03,수입,렉서스,LX,24
2026-03,수입,지프,Gladiator,24
2026-03,수입,토요타,Highlander,24
2026-03,국산,현대,카운티 일렉트릭,21
2026-03,수입,BMW,M3,21
2026-03,수입,벤츠,The New AMG GT,20
2026-03,수입,푸조,3008,20
2026-03,수입,링컨,Nautilus,19
2026-03,수입,토요타,RAV4,19
2026-03,수입,람보르기니,Urus S,17
2026-03,수입,랜드로버,Discovery,16
2026-03,수입,토요타,GR 86,16
2026-03,수입,벤츠,GLS-Class,15
2026-03,수입,아우디,A6,15
2026-03,수입,랜드로버,Discovery Sport,13
2026-03,수입,아우디,A6 e-tron,13
2026-03,국산,제네시스,GV60 MAGMA,12
2026-03,수입,미니,Countryman Electric,12
2026-03,수입,벤틀리,The new Continental,12
2026-03,수입,GMC,Sierra,11
2026-03,수입,벤츠,SL-Class,10
2026-03,수입,벤틀리,Flying Spur,10
2026-03,수입,롤스로이스,Cullinan Series2,9
2026-03,수입,벤츠,EQE,9
2026-03,수입,벤틀리,Bentayga,9
2026-03,수입,페라리,Purosangue,9
2026-03,수입,푸조,408,9
2026-03,국산,쉐보레,콜로라도,8
2026-03,수입,푸조,308,8
2026-03,수입,BMW,X6 M,7
2026-03,수입,렉서스,LS,7
2026-03,수입,벤츠,EQS SUV,7
2026-03,수입,벤츠,Maybach EQS SUV,7
2026-03,수입,벤츠,Maybach SL,7
2026-03,수입,람보르기니,Revuelto,5
2026-03,수입,페라리,Roma Spider,5
2026-03,수입,람보르기니,Temerario,4
2026-03,수입,롤스로이스,Ghost Series II,4
2026-03,수입,페라리,12Cilindri,4
2026-03,국산,기아,니로 EV,3
2026-03,수입,BMW,X4 M,3
2026-03,수입,BMW,X5 M,3
2026-03,수입,포드,Expedition,3
2026-03,수입,포드,Explorer,3
2026-03,수입,혼다,Odyssey,3
2026-03,국산,KGM,코란도,2
2026-03,수입,롤스로이스,Phantom Series II,2
2026-03,수입,볼보,V90 Cross Country,2
2026-03,수입,아우디,Q6 e-tron,2
2026-03,수입,지프,Grand Cherokee,2
2026-03,수입,캐딜락,Escalade IQ,2
2026-03,국산,르노코리아,세닉 E-테크 일렉트릭,1
2026-03,국산,쉐보레,타호,1
2026-03,수입,BMW,2 Series,1
2026-03,수입,BMW,M8,1
2026-03,수입,BMW,The New iX3,1
2026-03,수입,GMC,Hummer EV,1
2026-03,수입,링컨,Navigator,1
2026-03,수입,벤츠,Electric G-Class,1
2026-03,수입,아우디,A8,1
2026-03,수입,아우디,The new A6,1
2026-03,수입,아우디,The new e-tron GT,1
2026-03,수입,테슬라,Cybertruck,1
2026-03,수입,포드,Ranger,1
2026-03,수입,혼다,Accord,1
2026-04,국산,기아,쏘렌토,12078
2026-04,수입,테슬라,Model Y,10086
2026-04,국산,현대,그랜저,6622
2026-04,국산,현대,쏘나타 디 엣지,5754
2026-04,국산,현대,아반떼,5350
2026-04,국산,기아,카니발,4995
2026-04,국산,기아,스포티지,4972
2026-04,국산,현대,포터2,4078
2026-04,국산,현대,싼타페,3902
2026-04,국산,기아,EV3,3898
2026-04,국산,현대,투싼,3858
2026-04,국산,기아,레이,3636
2026-04,국산,기아,셀토스,3580
2026-04,국산,현대,디 올 뉴 팰리세이드,3422
2026-04,국산,기아,EV5,3308
2026-04,국산,기아,모닝,3186
2026-04,국산,기아,봉고 3,3059
2026-04,국산,현대,더 뉴 스타리아,3039
2026-04,수입,테슬라,Model 3,2596
2026-04,국산,제네시스,G80,2373
2026-04,국산,기아,K5,2366
2026-04,국산,기아,PV5,2262
2026-04,국산,현대,코나,2140
2026-04,국산,르노코리아,필랑트,2139
2026-04,국산,제네시스,GV70,1911
2026-04,수입,BMW,5 Series,1887
2026-04,수입,벤츠,E-Class,1695
2026-04,국산,제네시스,GV80,1693
2026-04,국산,현대,아이오닉 5,1668
2026-04,국산,르노코리아,그랑 콜레오스,1550
2026-04,국산,기아,K8,1461
2026-04,국산,기아,EV4,1432
2026-04,국산,기아,니로,1289
2026-04,국산,기아,레이 EV,1241
2026-04,국산,현대,아이오닉 9,1225
2026-04,국산,KGM,무쏘,1135
2026-04,국산,기아,EV6,1062
2026-04,국산,현대,베뉴,1061
2026-04,국산,KGM,무쏘 EV,810
2026-04,국산,현대,버스/트럭 (현대),800
2026-04,수입,BYD,Dolphin,800
2026-04,국산,현대,포터2 일렉트릭,765
2026-04,수입,BMW,X3,692
2026-04,수입,폴스타,Polestar 4,675
2026-04,수입,벤츠,GLE-Class,640
2026-04,국산,현대,캐스퍼 일렉트릭,638
2026-04,수입,BYD,SEALION 7,621
2026-04,국산,쉐보레,트랙스 크로스오버,613
2026-04,수입,벤츠,GLC-Class,597
2026-04,수입,BMW,X5,564
2026-04,수입,BMW,3 Series,553
2026-04,국산,KGM,액티언,520
2026-04,국산,현대,캐스퍼,504
2026-04,국산,현대,더 뉴 아이오닉 6,475
2026-04,수입,BMW,7 Series,445
2026-04,국산,현대,디 올 뉴 넥쏘,441
2026-04,수입,테슬라,Model X,427
2026-04,국산,현대,코나 일렉트릭,419
2026-04,국산,KGM,티볼리,415
2026-04,국산,제네시스,G90,409
2026-04,수입,BMW,X7,403
2026-04,수입,BYD,ATTO 3,395
2026-04,국산,기아,EV9,393
2026-04,수입,아우디,Q4 e-tron,368
2026-04,수입,렉서스,NX,363
2026-04,수입,볼보,XC60,359
2026-04,국산,기아,봉고 3 EV,339
2026-04,국산,르노코리아,아르카나,336
2026-04,수입,렉서스,ES,334
2026-04,국산,현대,마이티,330
2026-04,국산,KGM,토레스,327
2026-04,수입,BMW,i5,319
2026-04,수입,미니,Cooper,314
2026-04,수입,벤츠,CLE,305
2026-04,수입,벤츠,G-Class,304
2026-04,국산,기아,타스만,302
2026-04,수입,벤츠,S-Class,298
2026-04,수입,아우디,The new Q5,289
2026-04,수입,BMW,X6,261
2026-04,수입,포르쉐,Cayenne,246
2026-04,수입,토요타,Camry,239
2026-04,수입,렉서스,RX,226
2026-04,국산,현대,카운티,221
2026-04,수입,BYD,SEAL,207
2026-04,수입,폭스바겐,ID.4,196
2026-04,수입,BMW,X1,188
2026-04,수입,볼보,XC90,184
2026-04,수입,BMW,X4,179
2026-04,수입,토요타,Alphard,174
2026-04,국산,현대,쏠라티,172
2026-04,수입,폭스바겐,Golf,169
2026-04,국산,쉐보레,트레일블레이저,168
2026-04,수입,BMW,4 Series,164
2026-04,국산,제네시스,Electrified GV70,157
2026-04,수입,포르쉐,Taycan,155
2026-04,국산,제네시스,Electrified G80,150
2026-04,수입,토요타,Prius,148
2026-04,수입,미니,Countryman,146
2026-04,수입,볼보,EX30,145
2026-04,수입,볼보,S90,144
2026-04,수입,BMW,iX1,136
2026-04,수입,벤츠,EQB,133
2026-04,수입,볼보,XC40,133
2026-04,수입,토요타,Crown,132
2026-04,국산,기아,버스 (기아),130
2026-04,국산,현대,ST1,129
2026-04,국산,현대,아반떼 N,125
2026-04,수입,포르쉐,Macan Electric,122
2026-04,국산,기아,K9,119
2026-04,수입,벤츠,EQE SUV,119
2026-04,수입,BMW,iX,112
2026-04,수입,링컨,Aviator,110
2026-04,수입,볼보,EX30 CC,101
2026-04,국산,제네시스,GV60,94
2026-04,수입,랜드로버,Range Rover,94
2026-04,수입,미니,Mini Electric,94
2026-04,수입,벤츠,A-Class,92
2026-04,국산,KGM,렉스턴 뉴 아레나,90
2026-04,수입,BMW,1 Series,90
2026-04,수입,BMW,i7,89
2026-04,수입,벤츠,C-Class,87
2026-04,수입,아우디,A3,87
2026-04,국산,KGM,토레스 EVX,85
2026-04,수입,BMW,iX2,85
2026-04,수입,BMW,X2,82
2026-04,수입,벤츠,Maybach S-Class,82
2026-04,수입,벤츠,CLA-Class,80
2026-04,수입,포르쉐,Panamera,80
2026-04,수입,벤츠,GLB-Class,78
2026-04,수입,랜드로버,Range Rover Sport,77
2026-04,수입,렉서스,UX,76
2026-04,수입,테슬라,Model S,76
2026-04,수입,포르쉐,The New 911,76
2026-04,수입,폭스바겐,Atlas,75
2026-04,수입,BMW,i4,73
2026-04,수입,미니,Aceman,72
2026-04,수입,지프,Wrangler,72
2026-04,수입,벤츠,AMG GT,71
2026-04,수입,BMW,2 Series Active Tourer,68
2026-04,수입,토요타,Sienna,67
2026-04,수입,아우디,The new A6,66
2026-04,수입,혼다,CR-V,65
2026-04,수입,랜드로버,Defender,64
2026-04,수입,캐딜락,Escalade,64
2026-04,국산,제네시스,G70,62
2026-04,수입,BMW,2 Series Gran Coupe,55
2026-04,수입,BMW,Z4,55
2026-04,수입,포드,Mustang,44
2026-04,수입,미니,Convertible,43
2026-04,수입,토요타,Highlander,43
2026-04,수입,BMW,8 Series,42
2026-04,수입,벤츠,GLS-Class,41
2026-04,수입,BMW,M5,40
2026-04,수입,볼보,V60 Cross Country,39
2026-04,수입,아우디,Q8,39
2026-04,수입,렉서스,LM,37
2026-04,수입,렉서스,LX,36
2026-04,수입,벤츠,EQE,31
2026-04,수입,아우디,Q7,30
2026-04,국산,현대,카운티 일렉트릭,27
2026-04,수입,GMC,Acadia,27
2026-04,수입,미니,Countryman Electric,27
2026-04,수입,GMC,Sierra,26
2026-04,수입,벤츠,Maybach GLS,25
2026-04,수입,BMW,XM,24
2026-04,수입,벤츠,GLA-Class,24
2026-04,수입,토요타,GR 86,24
2026-04,수입,GMC,Canyon,20
2026-04,수입,벤츠,Maybach SL,20
2026-04,국산,제네시스,GV60 MAGMA,19
2026-04,수입,람보르기니,Urus,19
2026-04,수입,벤츠,The New AMG GT,19
2026-04,수입,아우디,A6,19
2026-04,수입,지프,Gladiator,19
2026-04,수입,벤츠,EQA,18
2026-04,수입,폭스바겐,Touareg,18
2026-04,수입,벤츠,SL-Class,16
2026-04,수입,벤틀리,The new Continental,16
2026-04,수입,BMW,M2,15
2026-04,수입,랜드로버,Range Rover Velar,15
2026-04,수입,벤틀리,Flying Spur,13
2026-04,수입,푸조,5008,13
2026-04,수입,랜드로버,Range Rover Evoque,12
2026-04,수입,벤츠,EQS SUV,12
2026-04,수입,벤틀리,Bentayga,11
2026-04,수입,지프,Grand Cherokee,11
2026-04,수입,BMW,X5 M,10
2026-04,수입,푸조,3008,10
2026-04,수입,BMW,2 Series,9
2026-04,수입,아우디,A6 e-tron,9
2026-04,수입,포드,Explorer,9
2026-04,수입,람보르기니,Huracan EVO,8
2026-04,수입,링컨,Nautilus,8
2026-04,수입,페라리,Roma Spider,8
2026-04,수입,BMW,M3,7
2026-04,수입,랜드로버,Discovery,7
2026-04,수입,렉서스,LS,7
2026-04,국산,현대,아이오닉 5 N,6
2026-04,수입,BMW,X6 M,6
2026-04,수입,롤스로이스,Ghost Series II,6
2026-04,수입,아우디,The new A5,5
2026-04,수입,테슬라,Cybertruck,5
2026-04,국산,쉐보레,콜로라도,4
2026-04,수입,BMW,M4,4
2026-04,수입,랜드로버,Discovery Sport,4
2026-04,수입,롤스로이스,Cullinan Series2,4
2026-04,수입,벤츠,Maybach EQS SUV,4
2026-04,수입,벤츠,Electric G-Class,3
2026-04,수입,페라리,12Cilindri Spider,3
2026-04,수입,페라리,Purosangue,3
2026-04,수입,푸조,408,3
2026-04,수입,람보르기니,Temerario,2
2026-04,수입,롤스로이스,Phantom Series II,2
2026-04,수입,링컨,Navigator,2
2026-04,수입,벤츠,EQS,2
2026-04,수입,아우디,A8,2
2026-04,수입,아우디,Q3,2
2026-04,수입,캐딜락,Lyriq,2
2026-04,수입,토요타,RAV4,2
2026-04,수입,포드,Expedition,2
2026-04,수입,푸조,308,2
2026-04,국산,쉐보레,트래버스,1
2026-04,수입,BMW,M8,1
2026-04,수입,롤스로이스,Spectre,1
2026-04,수입,아우디,Q6 e-tron,1
2026-04,수입,아우디,The new e-tron GT,1
2026-04,수입,캐딜락,Escalade IQ,1
2026-04,수입,페라리,12Cilindri,1
2026-04,수입,페라리,296 GTS,1
2026-04,수입,페라리,SF90 Stradale,1
2026-04,수입,혼다,Odyssey,1
2026-05,수입,테슬라,Model Y,8762
2026-05,국산,기아,쏘렌토,7836
2026-05,국산,기아,스포티지,4760
2026-05,국산,기아,카니발,4543
2026-05,국산,현대,아반떼,4431
2026-05,국산,현대,쏘나타 디 엣지,4118
2026-05,국산,현대,포터2,3375
2026-05,국산,현대,더 뉴 그랜저,3321
2026-05,국산,기아,셀토스,3169
2026-05,국산,기아,EV3,3021
2026-05,국산,현대,싼타페,2862
2026-05,국산,기아,EV5,2581
2026-05,국산,현대,아이오닉 5,2574
2026-05,국산,기아,레이,2363
2026-05,국산,기아,PV5,2303
2026-05,국산,기아,K5,2237
2026-05,국산,기아,모닝,2234
2026-05,국산,현대,투싼,2183
2026-05,국산,제네시스,G80,2088
2026-05,수입,BMW,5 Series,2060
2026-05,국산,현대,더 뉴 스타리아,1912
2026-05,국산,현대,그랜저,1862
2026-05,국산,현대,디 올 뉴 팰리세이드,1825
2026-05,국산,기아,K8,1752
2026-05,국산,제네시스,GV70,1647
2026-05,국산,현대,코나,1643
2026-05,국산,기아,봉고 3,1575
2026-05,국산,제네시스,GV80,1547
2026-05,국산,현대,아이오닉 9,1482
2026-05,국산,기아,니로,1355
2026-05,수입,테슬라,Model 3,1301
2026-05,국산,현대,버스/트럭 (현대),1292
2026-05,수입,벤츠,E-Class,1285
2026-05,국산,르노코리아,그랑 콜레오스,1248
2026-05,국산,르노코리아,필랑트,1201
2026-05,국산,기아,EV4,1196
2026-05,국산,현대,캐스퍼 일렉트릭,1152
2026-05,국산,KGM,무쏘,1137
2026-05,국산,기아,레이 EV,1056
2026-05,국산,현대,더 뉴 아이오닉 6,1049
2026-05,국산,기아,EV6,905
2026-05,국산,현대,베뉴,903
2026-05,국산,현대,포터2 일렉트릭,895
2026-05,국산,KGM,무쏘 EV,755
2026-05,수입,BMW,X3,743
2026-05,국산,기아,버스/특수 (기아),738
2026-05,수입,BYD,SEALION 7,655
2026-05,국산,쉐보레,트랙스 크로스오버,648
2026-05,수입,아우디,The new A6,615
2026-05,국산,현대,더 뉴 마이티,582
2026-05,수입,렉서스,ES,572
2026-05,수입,벤츠,GLC-Class,560
2026-05,국산,KGM,티볼리,548
2026-05,수입,BMW,X5,542
2026-05,수입,BMW,3 Series,534
2026-05,수입,테슬라,Model X,508
2026-05,국산,KGM,액티언,468
2026-05,국산,현대,코나 일렉트릭,452
2026-05,국산,기아,봉고 3 EV,449
2026-05,국산,르노코리아,아르카나,444
2026-05,수입,벤츠,GLE-Class,433
2026-05,수입,렉서스,NX,419
2026-05,국산,제네시스,G90,405
2026-05,국산,현대,캐스퍼,384
2026-05,수입,BMW,7 Series,373
2026-05,수입,아우디,Q4 e-tron,361
2026-05,수입,BMW,X7,355
2026-05,수입,폴스타,Polestar 4,350
2026-05,국산,현대,디 올 뉴 넥쏘,338
2026-05,수입,볼보,XC60,336
2026-05,수입,아우디,The new Q5,332
2026-05,수입,볼보,EX30,317
2026-05,수입,벤츠,G-Class,301
2026-05,수입,포르쉐,Cayenne,286
2026-05,수입,BMW,X6,282
2026-05,수입,미니,Cooper,267
2026-05,국산,기아,EV9,263
2026-05,국산,기아,타스만,250
2026-05,수입,BMW,i5,234
2026-05,수입,벤츠,CLE,211
2026-05,수입,폭스바겐,ID.4,209
2026-05,수입,벤츠,S-Class,204
2026-05,수입,렉서스,RX,200
2026-05,국산,현대,카운티,198
2026-05,수입,포르쉐,Macan Electric,197
2026-05,국산,KGM,뉴 토레스,183
2026-05,수입,토요타,Alphard,181
2026-05,수입,토요타,Camry,180
2026-05,수입,BMW,X1,176
2026-05,수입,테슬라,Model S,170
2026-05,수입,토요타,Crown,161
2026-05,국산,제네시스,Electrified GV70,151
2026-05,수입,BYD,Dolphin,150
2026-05,수입,토요타,Prius,144
2026-05,국산,쉐보레,트레일블레이저,143
2026-05,국산,기아,K9,141
2026-05,수입,폭스바겐,Golf,136
2026-05,수입,BMW,iX1,134
2026-05,수입,볼보,XC90,134
2026-05,국산,제네시스,Electrified G80,132
2026-05,국산,현대,ST1,130
2026-05,수입,BMW,X4,130
2026-05,국산,제네시스,GV60,129
2026-05,국산,KGM,렉스턴 뉴 아레나,128
2026-05,수입,BMW,4 Series,128
2026-05,수입,BYD,SEAL,128
2026-05,수입,랜드로버,Defender,128
2026-05,수입,벤츠,GLS-Class,128
2026-05,수입,테슬라,Cybertruck,125
2026-05,수입,포르쉐,Taycan,125
2026-05,수입,미니,Countryman,122
2026-05,수입,벤츠,EQB,120
2026-05,국산,현대,쏠라티,117
2026-05,수입,랜드로버,Range Rover,117
2026-05,수입,BMW,1 Series,113
2026-05,수입,볼보,XC40,112
2026-05,수입,볼보,S90,109
2026-05,수입,포르쉐,Panamera,109
2026-05,수입,BMW,iX,107
2026-05,수입,랜드로버,Range Rover Sport,107
2026-05,수입,벤츠,C-Class,104
2026-05,수입,포르쉐,The New 911,103
2026-05,국산,KGM,토레스 EVX,99
2026-05,수입,BYD,ATTO 3,99
2026-05,수입,BMW,2 Series Gran Coupe,97
2026-05,수입,미니,Mini Electric,96
2026-05,국산,현대,아반떼 N,95
2026-05,수입,토요타,Sienna,82
2026-05,수입,BMW,X2,74
2026-05,수입,링컨,Aviator,74
2026-05,수입,BMW,i4,70
2026-05,수입,BMW,i7,69
2026-05,수입,아우디,A3,65
2026-05,수입,람보르기니,Urus,60
2026-05,수입,BMW,2 Series Active Tourer,58
2026-05,수입,미니,Aceman,57
2026-05,수입,아우디,The new A5,55
2026-05,국산,제네시스,G70,52
2026-05,수입,BMW,iX2,52
2026-05,수입,미니,Convertible,52
2026-05,수입,폭스바겐,Atlas,52
2026-05,수입,렉서스,UX,51
2026-05,수입,폭스바겐,Touareg,51
2026-05,수입,캐딜락,Escalade,50
2026-05,수입,랜드로버,Range Rover Velar,46
2026-05,수입,아우디,Q8,43
2026-05,수입,BMW,M5,42
2026-05,수입,벤츠,EQE SUV,42
2026-05,수입,BMW,8 Series,40
2026-05,수입,BMW,Z4,37
2026-05,수입,렉서스,LX,37
2026-05,수입,벤츠,GLB-Class,36
2026-05,수입,포드,Mustang,35
2026-05,수입,혼다,CR-V,35
2026-05,수입,지프,Wrangler,33
2026-05,수입,BMW,XM,28
2026-05,수입,BMW,M2,26
2026-05,수입,볼보,V60 Cross Country,26
2026-05,수입,아우디,Q7,25
2026-05,수입,볼보,EX30 CC,24
2026-05,수입,벤츠,A-Class,23
2026-05,수입,벤츠,GLA-Class,23
2026-05,수입,토요타,Highlander,21
2026-05,수입,토요타,RAV4,21
2026-05,수입,푸조,3008,21
2026-05,국산,현대,카운티 일렉트릭,20
2026-05,수입,랜드로버,Range Rover Evoque,20
2026-05,수입,BMW,M3,19
2026-05,수입,푸조,5008,19
2026-05,수입,GMC,Canyon,18
2026-05,수입,GMC,Acadia,16
2026-05,수입,벤츠,Maybach S-Class,15
2026-05,수입,벤틀리,Bentayga,15
2026-05,수입,지프,Gladiator,15
2026-05,수입,혼다,Odyssey,15
2026-05,수입,BMW,2 Series,14
2026-05,수입,벤츠,EQA,14
2026-05,수입,토요타,GR 86,14
2026-05,수입,BMW,M4,13
2026-05,수입,혼다,New Pilot,13
2026-05,수입,혼다,Accord,12
2026-05,수입,링컨,Nautilus,11
2026-05,수입,벤츠,SL-Class,11
2026-05,국산,제네시스,GV60 MAGMA,10
2026-05,수입,GMC,Hummer EV,10
2026-05,수입,미니,Countryman Electric,10
2026-05,수입,벤틀리,The new Continental,10
2026-05,수입,람보르기니,Revuelto,9
2026-05,수입,GMC,Sierra,8
2026-05,수입,렉서스,LS,8
2026-05,수입,롤스로이스,Cullinan Series2,8
2026-05,수입,벤츠,AMG GT,8
2026-05,수입,벤츠,CLA-Class,8
2026-05,수입,벤츠,Maybach GLS,8
2026-05,수입,벤츠,The New AMG GT,8
2026-05,수입,푸조,408,8
2026-05,수입,아우디,A6 e-tron,7
2026-05,수입,페라리,Roma Spider,7
2026-05,수입,랜드로버,Discovery Sport,6
2026-05,수입,포드,Explorer,6
2026-05,수입,롤스로이스,Ghost Series II,5
2026-05,수입,벤틀리,Flying Spur,5
2026-05,수입,페라리,Purosangue,5
2026-05,수입,렉서스,LM,4
2026-05,수입,벤츠,EQS SUV,4
2026-05,수입,벤츠,Electric G-Class,4
2026-05,수입,지프,Grand Cherokee,4
2026-05,수입,페라리,296 GTS,4
2026-05,수입,BMW,X6 M,3
2026-05,수입,벤츠,EQE,3
2026-05,수입,폭스바겐,ID.5,3
2026-05,수입,푸조,308,3
2026-05,국산,쉐보레,트래버스,2
2026-05,수입,BMW,X5 M,2
2026-05,수입,람보르기니,Temerario,2
2026-05,수입,아우디,A6,2
2026-05,수입,아우디,A8,2
2026-05,수입,페라리,12Cilindri,2
2026-05,국산,현대,아이오닉 5 N,1
2026-05,수입,롤스로이스,Phantom Series II,1
2026-05,수입,롤스로이스,Spectre,1
2026-05,수입,아우디,Q3,1
2026-05,수입,아우디,The new e-tron GT,1
2026-05,수입,캐딜락,Escalade IQ,1
2026-05,수입,페라리,12Cilindri Spider,1
2026-05,수입,페라리,SF90 Spider,1
2026-06,국산,현대,더 뉴 그랜저,10062
2026-06,수입,테슬라,Model Y,9188
2026-06,국산,기아,쏘렌토,8561
2026-06,국산,기아,셀토스,6685
2026-06,국산,기아,카니발,6267
2026-06,국산,기아,스포티지,6176
2026-06,국산,현대,쏘나타 디 엣지,5102
2026-06,국산,현대,디 올 뉴 팰리세이드,4211
2026-06,국산,현대,아반떼,4201
2026-06,국산,현대,싼타페,4068
2026-06,국산,현대,투싼,3285
2026-06,국산,현대,포터2,3270
2026-06,국산,기아,EV5,3192
2026-06,국산,기아,K5,3150
2026-06,국산,기아,레이,2954
2026-06,국산,기아,EV3,2838
2026-06,수입,BYD,Dolphin,2828
2026-06,국산,제네시스,G80,2757
2026-06,국산,현대,더 뉴 스타리아,2579
2026-06,국산,현대,코나,2558
2026-06,국산,기아,PV5,2349
2026-06,국산,제네시스,GV70,2294
2026-06,수입,BMW,5 Series,2266
2026-06,수입,벤츠,E-Class,2114
2026-06,국산,기아,K8,1981
2026-06,국산,기아,모닝,1919
2026-06,국산,기아,니로,1880
2026-06,국산,제네시스,GV80,1840
2026-06,국산,현대,아이오닉 5,1693
2026-06,국산,기아,봉고 3,1494
2026-06,국산,현대,버스/트럭 (현대),1452
2026-06,국산,기아,버스/특수 (기아),1389
2026-06,국산,KGM,무쏘,1333
2026-06,국산,르노코리아,필랑트,1324
2026-06,국산,현대,아이오닉 9,1318
2026-06,국산,르노코리아,그랑 콜레오스,1313
2026-06,수입,벤츠,GLC-Class,1221
2026-06,국산,기아,레이 EV,1205
2026-06,국산,현대,베뉴,1123
2026-06,수입,BYD,SEALION 7,1117
2026-06,수입,테슬라,Model X,1027
2026-06,국산,기아,EV4,1019
2026-06,국산,쉐보레,트랙스 크로스오버,842
2026-06,국산,기아,EV6,820
2026-06,국산,현대,캐스퍼 일렉트릭,774
2026-06,국산,현대,더 뉴 아이오닉 6,773
2026-06,국산,르노코리아,아르카나,763
2026-06,국산,현대,캐스퍼,711
2026-06,수입,토요타,All New RAV4,674
2026-06,수입,벤츠,GLE-Class,634
2026-06,국산,KGM,뉴 토레스,624
2026-06,수입,볼보,EX30,624
2026-06,수입,BMW,X3,619
2026-06,국산,KGM,무쏘 EV,578
2026-06,국산,현대,포터2 일렉트릭,558
2026-06,수입,렉서스,ES,545
2026-06,수입,렉서스,NX,530
2026-06,국산,KGM,액티언,528
2026-06,국산,현대,코나 일렉트릭,519
2026-06,수입,BYD,ATTO 3,503
2026-06,수입,BMW,X5,495
2026-06,국산,현대,더 뉴 마이티,489
2026-06,국산,현대,디 올 뉴 넥쏘,459
2026-06,국산,현대,스타리아 일렉트릭,456
2026-06,수입,아우디,The new A6,455
2026-06,수입,BMW,3 Series,448
2026-06,수입,아우디,Q4 e-tron,438
2026-06,수입,폴스타,Polestar 4,433
2026-06,수입,BMW,7 Series,427
2026-06,수입,아우디,The new Q5,427
2026-06,수입,테슬라,Model 3,414
2026-06,수입,테슬라,Model S,394
2026-06,국산,기아,EV9,392
2026-06,수입,미니,Cooper,389
2026-06,국산,KGM,티볼리,372
2026-06,수입,볼보,XC60,366
2026-06,국산,제네시스,G90,361
2026-06,수입,벤츠,G-Class,327
2026-06,수입,볼보,EX30 CC,322
2026-06,국산,기아,타스만,320
2026-06,수입,BMW,X7,305
2026-06,수입,BMW,i5,300
2026-06,수입,벤츠,S-Class,292
2026-06,수입,렉서스,RX,288
2026-06,국산,기아,봉고 3 EV,251
2026-06,수입,폭스바겐,ID.4,249
2026-06,수입,벤츠,CLE,242
2026-06,국산,제네시스,G70,228
2026-06,국산,현대,카운티,226
2026-06,수입,BMW,X6,221
2026-06,수입,토요타,Camry,214
2026-06,수입,벤츠,C-Class,206
2026-06,수입,BYD,SEAL,204
2026-06,수입,폭스바겐,Golf,198
2026-06,수입,포르쉐,Taycan,196
2026-06,국산,제네시스,Electrified G80,187
2026-06,수입,토요타,Alphard,186
2026-06,수입,BMW,X1,176
2026-06,국산,쉐보레,트레일블레이저,174
2026-06,수입,렉서스,UX,165
2026-06,수입,포르쉐,Cayenne,158
2026-06,수입,미니,Countryman,157
2026-06,수입,BMW,4 Series,154
2026-06,수입,벤츠,GLS-Class,145
2026-06,국산,현대,쏠라티,140
2026-06,국산,기아,K9,139
2026-06,수입,랜드로버,Range Rover Sport,138
2026-06,수입,포르쉐,Panamera,137
2026-06,국산,제네시스,Electrified GV70,134
2026-06,수입,미니,Mini Electric,134
2026-06,국산,제네시스,GV60,125
2026-06,수입,포르쉐,Macan Electric,123
2026-06,수입,랜드로버,Range Rover,122
2026-06,수입,렉서스,LM,122
2026-06,수입,볼보,S90,117
2026-06,국산,현대,아반떼 N,115
2026-06,수입,볼보,XC40,115
2026-06,수입,토요타,Prius,112
2026-06,국산,KGM,렉스턴 뉴 아레나,111
2026-06,수입,BMW,iX,111
2026-06,수입,벤츠,EQB,111
2026-06,수입,볼보,XC90,111
2026-06,수입,BMW,1 Series,110
2026-06,수입,BMW,X4,110
2026-06,수입,랜드로버,Defender,107
2026-06,수입,포르쉐,The New 911,102
2026-06,수입,아우디,The new Q3,97
2026-06,수입,테슬라,Cybertruck,96
2026-06,수입,토요타,Crown,96
2026-06,국산,KGM,토레스 EVX,91
2026-06,수입,폭스바겐,Touareg,91
2026-06,수입,BMW,2 Series Active Tourer,87
2026-06,국산,현대,ST1,85
2026-06,수입,BMW,iX1,85
2026-06,수입,아우디,A3,84
2026-06,수입,BMW,i4,80
2026-06,수입,미니,Aceman,80
2026-06,수입,BMW,2 Series Gran Coupe,75
2026-06,수입,BMW,M5,74
2026-06,수입,미니,Convertible,74
2026-06,수입,토요타,Sienna,71
2026-06,수입,BMW,M2,63
2026-06,수입,BMW,X2,63
2026-06,수입,아우디,The new A5,61
2026-06,수입,BMW,i7,60
2026-06,수입,BMW,The New iX3,58
2026-06,수입,BMW,iX2,58
2026-06,수입,아우디,Q7,54
2026-06,수입,아우디,Q8,54
2026-06,수입,링컨,Aviator,51
2026-06,수입,람보르기니,Urus,48
2026-06,수입,BMW,Z4,46
2026-06,수입,포드,Explorer,44
2026-06,수입,BMW,8 Series,43
2026-06,수입,벤츠,EQE SUV,43
2026-06,수입,지프,Wrangler,43
2026-06,수입,캐딜락,Escalade,43
2026-06,수입,랜드로버,Range Rover Velar,40
2026-06,수입,아우디,Q6 e-tron,36
2026-06,수입,벤츠,GLB-Class,34
2026-06,수입,폭스바겐,ID.5,33
2026-06,수입,렉서스,LX,32
2026-06,수입,폭스바겐,Atlas,31
2026-06,수입,벤츠,Maybach GLS,29
2026-06,수입,벤틀리,Flying Spur,29
2026-06,수입,푸조,5008,29
2026-06,수입,벤츠,Maybach S-Class,28
2026-06,국산,현대,카운티 일렉트릭,27
2026-06,수입,푸조,3008,27
2026-06,수입,벤츠,EQE,26
2026-06,수입,볼보,V60 Cross Country,24
2026-06,수입,지프,Gladiator,24
2026-06,수입,토요타,GR 86,24
2026-06,수입,토요타,Highlander,24
2026-06,수입,혼다,New Pilot,24
2026-06,수입,포드,Mustang,23
2026-06,수입,GMC,Acadia,22
2026-06,수입,아우디,A8,21
2026-06,국산,쉐보레,콜로라도,20
2026-06,수입,BMW,XM,20
2026-06,수입,벤츠,SL-Class,20
2026-06,수입,아우디,A6 e-tron,20
2026-06,수입,GMC,Canyon,19
2026-06,수입,벤틀리,Bentayga,19
2026-06,수입,벤츠,CLA-Class,18
2026-06,수입,벤츠,GLA-Class,18
2026-06,수입,랜드로버,Range Rover Evoque,15
2026-06,수입,혼다,CR-V,15
2026-06,수입,GMC,Hummer EV,14
2026-06,수입,GMC,Sierra,12
2026-06,수입,렉서스,LS,12
2026-06,수입,벤츠,A-Class,12
2026-06,국산,제네시스,GV60 MAGMA,10
2026-06,수입,벤츠,AMG GT,10
2026-06,수입,벤틀리,The new Continental,10
2026-06,수입,아우디,A6,10
2026-06,수입,람보르기니,Temerario,9
2026-06,수입,벤츠,Electric G-Class,9
2026-06,수입,캐딜락,Escalade IQ,9
2026-06,수입,롤스로이스,Cullinan Series2,8
2026-06,수입,링컨,Nautilus,8
2026-06,수입,벤츠,Maybach EQS SUV,8
2026-06,수입,람보르기니,Revuelto,7
2026-06,수입,벤츠,EQS SUV,7
2026-06,수입,혼다,Accord,7
2026-06,수입,벤츠,The New AMG GT,6
2026-06,수입,포드,Expedition,6
2026-06,수입,지프,Grand Cherokee,5
2026-06,수입,페라리,12Cilindri Spider,5
2026-06,수입,푸조,408,5
2026-06,수입,BMW,X6 M,4
2026-06,수입,랜드로버,Discovery,4
2026-06,수입,롤스로이스,Ghost Series II,4
2026-06,수입,벤츠,EQA,4
2026-06,수입,아우디,Q8 e-tron,4
2026-06,수입,페라리,Purosangue,4
2026-06,수입,푸조,308,4
2026-06,수입,BMW,2 Series,3
2026-06,수입,BMW,M4,3
2026-06,수입,롤스로이스,Spectre,3
2026-06,수입,아우디,A4,3
2026-06,수입,아우디,A5,3
2026-06,수입,페라리,12Cilindri,3
2026-06,수입,페라리,Roma Spider,3
2026-06,수입,페라리,SF90 Stradale,3
2026-06,수입,BMW,M3,2
2026-06,수입,BMW,X5 M,2
2026-06,수입,미니,Countryman Electric,2
2026-06,수입,아우디,Q3,2
2026-06,수입,아우디,The new e-tron GT,2
2026-06,수입,페라리,296 GTS,2
2026-06,국산,쉐보레,트래버스,1
2026-06,국산,현대,아이오닉 5 N,1
2026-06,수입,BMW,M8,1
2026-06,수입,벤츠,Maybach SL,1
2026-06,수입,아우디,A7,1
2026-06,수입,포드,Bronco,1
2026-06,수입,혼다,Odyssey,1
2026-07,수입,테슬라,Model Y,8705
2026-07,국산,현대,더 뉴 그랜저,8532
2026-07,국산,기아,셀토스,7427
2026-07,국산,기아,카니발,6917
2026-07,국산,기아,쏘렌토,6153
2026-07,국산,기아,스포티지,5381
2026-07,국산,현대,쏘나타 디 엣지,4584
2026-07,국산,기아,레이,3844
2026-07,국산,현대,싼타페,3822
2026-07,국산,현대,포터2,3725
2026-07,국산,기아,EV3,3467
2026-07,국산,기아,EV5,3434
2026-07,국산,기아,모닝,3408
2026-07,국산,기아,봉고 3,2548
2026-07,국산,현대,디 올 뉴 팰리세이드,2545
2026-07,국산,현대,아반떼,2545
2026-07,국산,현대,코나,2536
2026-07,국산,기아,PV5,2472
2026-07,국산,기아,K5,2362
2026-07,국산,현대,버스/트럭 (현대),2304
2026-07,국산,현대,더 뉴 스타리아,2046
2026-07,수입,BMW,5 Series,1919
2026-07,국산,현대,아이오닉 5,1829
2026-07,국산,제네시스,G80,1779
2026-07,국산,제네시스,GV70,1538
2026-07,수입,테슬라,Model 3,1531
2026-07,수입,벤츠,E-Class,1425
2026-07,국산,현대,투싼,1376
2026-07,국산,기아,레이 EV,1334
2026-07,국산,제네시스,GV80,1317
2026-07,국산,기아,니로,1307
2026-07,수입,BYD,Dolphin,1264
2026-07,국산,기아,K8,1259
2026-07,국산,현대,아이오닉 9,1215
2026-07,국산,기아,EV6,1070
2026-07,수입,BYD,SEALION 7,1060
2026-07,국산,현대,디 올 뉴 넥쏘,960
2026-07,국산,현대,베뉴,953
2026-07,국산,현대,스타리아 일렉트릭,858
2026-07,국산,기아,EV4,849
2026-07,국산,현대,캐스퍼,816
2026-07,국산,르노코리아,그랑 콜레오스,728
2026-07,수입,벤츠,GLC-Class,658
2026-07,수입,BMW,X3,629
2026-07,국산,KGM,무쏘 EV,615
2026-07,국산,KGM,무쏘,612
2026-07,수입,토요타,All New RAV4,600
2026-07,국산,현대,더 뉴 아이오닉 6,591
2026-07,수입,BMW,X5,586
2026-07,국산,쉐보레,트랙스 크로스오버,584
2026-07,국산,현대,포터2 일렉트릭,555
2026-07,국산,르노코리아,필랑트,537
2026-07,수입,벤츠,GLE-Class,508
2026-07,수입,렉서스,NX,501
2026-07,국산,현대,캐스퍼 일렉트릭,491
2026-07,국산,KGM,티볼리,480
2026-07,수입,BMW,3 Series,457
2026-07,수입,볼보,XC60,448
2026-07,수입,BMW,7 Series,443
2026-07,국산,기아,EV9,442
2026-07,국산,기아,타스만,442
2026-07,국산,르노코리아,아르카나,439
2026-07,수입,렉서스,ES,409
2026-07,국산,KGM,뉴 토레스,393
2026-07,국산,KGM,액티언,383
2026-07,수입,미니,Cooper,342
2026-07,수입,BYD,New ATTO 3,333
2026-07,수입,아우디,The new A6,309
2026-07,국산,기아,봉고 3 EV,298
2026-07,수입,벤츠,G-Class,297
2026-07,수입,BMW,X7,293
2026-07,수입,렉서스,RX,293
2026-07,국산,제네시스,G90,279
2026-07,수입,BMW,i5,266
2026-07,국산,기아,버스/특수 (기아),264
2026-07,수입,폴스타,Polestar 4,248
2026-07,수입,BMW,The New iX3,247
2026-07,수입,BMW,X6,241
2026-07,수입,토요타,Camry,237
2026-07,수입,벤츠,CLE,235
2026-07,수입,포르쉐,Cayenne,227
2026-07,국산,현대,코나 일렉트릭,220
2026-07,국산,쉐보레,트레일블레이저,173
2026-07,수입,벤츠,C-Class,167
2026-07,수입,아우디,Q4 e-tron,164
2026-07,국산,제네시스,Electrified GV70,162
2026-07,수입,토요타,Alphard,160
2026-07,수입,폭스바겐,Golf,160
2026-07,수입,벤츠,GLS-Class,159
2026-07,수입,아우디,The new Q5,156
2026-07,국산,제네시스,Electrified G80,154
2026-07,수입,BMW,4 Series,153
2026-07,수입,폭스바겐,ID.4,146
2026-07,수입,볼보,S90,144
2026-07,수입,볼보,XC90,143
2026-07,수입,벤츠,S-Class,142
2026-07,수입,BMW,X1,141
2026-07,수입,BMW,iX,141
2026-07,수입,렉서스,UX,141
2026-07,수입,BMW,iX1,140
2026-07,수입,포르쉐,Taycan,134
2026-07,수입,BYD,SEAL,132
2026-07,수입,랜드로버,Range Rover Sport,124
2026-07,수입,포르쉐,Panamera,124
2026-07,수입,토요타,Crown,120
2026-07,수입,폭스바겐,ID.5,118
2026-07,수입,볼보,XC40,116
2026-07,국산,제네시스,GV60,115
2026-07,수입,미니,Mini Electric,106
2026-07,수입,렉서스,LM,100
2026-07,수입,토요타,Prius,100
2026-07,수입,미니,Countryman,99
2026-07,국산,KGM,토레스 EVX,98
2026-07,국산,현대,ST1,97
2026-07,수입,BMW,iX2,97
2026-07,수입,BMW,1 Series,93
2026-07,수입,포르쉐,The New 911,89
2026-07,수입,랜드로버,Defender,84
2026-07,국산,현대,아반떼 N,79
2026-07,수입,BMW,2 Series Gran Coupe,79
2026-07,수입,아우디,A3,75
2026-07,수입,BMW,i4,73
2026-07,수입,랜드로버,Range Rover,73
2026-07,국산,제네시스,G70,71
2026-07,수입,벤츠,EQB,71
2026-07,수입,BMW,X4,69
2026-07,수입,BMW,i7,67
2026-07,수입,아우디,Q6 e-tron,62
2026-07,수입,포르쉐,Macan Electric,61
2026-07,수입,BMW,2 Series Active Tourer,60
2026-07,수입,토요타,Sienna,60
2026-07,수입,람보르기니,Urus,59
2026-07,국산,기아,K9,57
2026-07,수입,BYD,SEALION 6 DM-i,57
2026-07,수입,아우디,The new A5,56
2026-07,수입,BMW,M2,53
2026-07,수입,벤츠,EQA,52
2026-07,수입,볼보,EX30,49
2026-07,수입,볼보,V60 Cross Country,47
2026-07,수입,폭스바겐,Touareg,47
2026-07,수입,미니,Aceman,45
2026-07,수입,지프,Wrangler,45
2026-07,수입,BMW,X2,44
2026-07,수입,BMW,Z4,43
2026-07,수입,BMW,M4,40
2026-07,수입,미니,Convertible,40
2026-07,수입,토요타,GR 86,40
2026-07,수입,캐딜락,Escalade,39
2026-07,수입,BMW,8 Series,38
2026-07,수입,벤츠,GLA-Class,38
2026-07,수입,아우디,Q8,36
2026-07,수입,BMW,M3,35
2026-07,수입,BMW,M5,35
2026-07,수입,벤츠,GLB-Class,34
2026-07,수입,아우디,The new Q3,34
2026-07,수입,링컨,Aviator,31
2026-07,국산,KGM,렉스턴 뉴 아레나,29
2026-07,수입,렉서스,LX,26
2026-07,수입,BMW,XM,24
2026-07,수입,벤츠,Electric G-Class,23
2026-07,수입,지프,Gladiator,23
2026-07,수입,토요타,Highlander,23
2026-07,수입,벤츠,EQE SUV,22
2026-07,수입,벤츠,Maybach GLS,22
2026-07,수입,아우디,Q7,21
2026-07,수입,랜드로버,Range Rover Velar,20
2026-07,수입,벤츠,Maybach S-Class,20
2026-07,수입,포드,Explorer,20
2026-07,수입,GMC,Acadia,18
2026-07,수입,BMW,2 Series,17
2026-07,수입,벤츠,The New AMG GT,17
2026-07,수입,벤츠,CLA-Class,16
2026-07,수입,벤츠,Maybach EQS SUV,16
2026-07,수입,벤틀리,Bentayga,16
2026-07,국산,제네시스,GV60 MAGMA,15
2026-07,수입,푸조,3008,15
2026-07,수입,벤틀리,Flying Spur,14
2026-07,수입,푸조,5008,12
2026-07,수입,GMC,Hummer EV,11
2026-07,수입,GMC,Sierra,11
2026-07,수입,벤츠,EQE,11
2026-07,수입,볼보,EX30 CC,11
2026-07,수입,아우디,A6 e-tron,10
2026-07,수입,아우디,A8,9
2026-07,수입,포드,Mustang,9
2026-07,수입,벤츠,A-Class,8
2026-07,수입,푸조,408,8
2026-07,수입,벤츠,SL-Class,7
2026-07,수입,BMW,X5 M,6
2026-07,수입,롤스로이스,Cullinan Series2,6
2026-07,수입,벤츠,EQS SUV,6
2026-07,수입,벤틀리,The new Continental,6
2026-07,수입,페라리,Purosangue,6
2026-07,수입,랜드로버,Range Rover Evoque,5
2026-07,수입,지프,Grand Cherokee,5
2026-07,수입,페라리,12Cilindri Spider,5
2026-07,수입,혼다,CR-V,5
2026-07,국산,현대,아이오닉 5 N,4
2026-07,수입,BMW,X6 M,4
2026-07,수입,렉서스,LS,4
2026-07,수입,링컨,All New Navigator,4
2026-07,수입,링컨,Nautilus,4
2026-07,수입,벤츠,AMG GT,4
2026-07,수입,롤스로이스,Ghost Series II,3
2026-07,수입,롤스로이스,Phantom Series II,3
2026-07,수입,캐딜락,Escalade IQ,3
2026-07,수입,페라리,Amalfi,3
2026-07,수입,페라리,Roma Spider,3
2026-07,수입,포드,All New Expedition,3
2026-07,수입,혼다,New Pilot,3
2026-07,수입,랜드로버,Discovery,2
2026-07,수입,혼다,Odyssey,2
2026-07,수입,GMC,Canyon,1
2026-07,수입,람보르기니,Revuelto,1
2026-07,수입,람보르기니,Temerario,1
2026-07,수입,벤츠,Maybach SL,1
2026-07,수입,아우디,A6,1
2026-07,수입,아우디,The new e-tron GT,1
2026-07,수입,아우디,e-tron GT,1
2026-07,수입,테슬라,Model S,1
2026-07,수입,페라리,296 GTS,1
2026-07,수입,혼다,Accord,1
